30378,nusc_2,3/1/2018 12:33,0,1.194552,583.163172
30379,nusc_2,3/1/2018 12:33,0,1.194552,583.163172
30380,nusc_2,3/1/2018 12:33,0,1.194552,583.163172
30381,nusc_2,3/1/2018 12:33,0,1.194552,583.163172
30382,nusc_2,3/1/2018 12:33,0,1.194552,583.163172
30383,nusc_2,3/1/2018 12:33,0,1.194552,583.163172
30384,nusc_2,3/1/2018 12:33,0,1.194552,583.163172
30385,nusc_2,3/1/2018 12:33,0,1.194552,583.163172
30386,nusc_2,3/1/2018 12:33,0,114.719476,462.519152
30387,nusc_2,3/1/2018 12:33,0,188.033046,330.120836
30388,nusc_2,3/1/2018 12:33,1,188.360458,309.478118
30389,nusc_2,3/1/2018 12:33,1,208.343896,366.020232
30390,nusc_2,3/1/2018 12:33,1,217.684049,324.748444
30391,nusc_2,3/1/2018 12:33,1,224.768238,299.549974
30392,nusc_2,3/1/2018 12:33,1,221.163397,298.909275
30393,nusc_2,3/1/2018 12:33,1,228.644533,315.448223
30394,nusc_2,3/1/2018 12:33,1,300.787589,200.352875
30395,nusc_2,3/1/2018 12:33,1,313.628409,184.776194
30396,nusc_2,3/1/2018 12:33,1,312.203674,176.143584
30397,nusc_2,3/1/2018 12:33,1,311.673725,186.722565
30398,nusc_2,3/1/2018 12:33,1,314.206672,195.896641
30399,nusc_2,3/1/2018 12:33,1,317.158582,193.602714
30400,nusc_2,3/1/2018 12:33,1,411.901747,226.906852
30401,nusc_2,3/1/2018 12:33,1,508.847394,204.819732
30402,nusc_2,3/1/2018 12:33,1,522.290175,191.788702
30403,nusc_2,3/1/2018 12:33,2,526.70291,198.672653
30404,nusc_2,3/1/2018 12:33,2,473.605409,221.740795
30405,nusc_2,3/1/2018 12:33,2,443.924934,217.570863
30406,nusc_2,3/1/2018 12:33,2,437.199374,220.704894
30407,nusc_2,3/1/2018 12:33,2,426.813821,327.578351
30408,nusc_2,3/1/2018 12:33,2,455.555052,624.277375
30409,nusc_2,3/1/2018 12:33,2,448.848608,603.824593
30410,nusc_2,3/1/2018 12:33,2,444.567676,608.463912
30411,nusc_2,3/1/2018 12:33,2,446.47363,607.584293
30412,nusc_2,3/1/2018 12:33,2,442.442624,621.434755
30413,nusc_2,3/1/2018 12:33,2,418.366466,751.285746
30414,nusc_2,3/1/2018 12:33,2,418.326257,766.924854
30415,nusc_2,3/1/2018 12:33,2,411.77772,758.671326
30416,nusc_2,3/1/2018 12:33,3,337.269635,863.594109
30417,nusc_2,3/1/2018 12:33,3,305.704862,903.387502
30418,nusc_2,3/1/2018 12:33,3,279.099683,876.863768
30419,nusc_2,3/1/2018 12:33,3,277.515809,872.152031
30420,nusc_2,3/1/2018 12:33,3,289.549995,878.014905
30421,nusc_2,3/1/2018 12:33,3,279.809381,872.1924
30422,nusc_2,3/1/2018 12:33,3,266.742941,867.135181
30423,nusc_2,3/1/2018 12:33,3,259.210931,858.09747
30424,nusc_2,3/1/2018 12:33,3,263.279846,857.881343
30425,nusc_2,3/1/2018 12:33,3,265.304213,871.71356
30426,nusc_2,3/1/2018 12:33,3,299.00993,882.554188
30427,nusc_2,3/1/2018 12:33,3,666.403966,920.755624
30428,nusc_2,3/1/2018 12:33,3,874.17571,940.685716
30429,nusc_2,3/1/2018 12:33,3,880.01125,949.981372
30430,nusc_2,3/1/2018 12:33,3,881.667133,949.066224
30431,nusc_2,3/1/2018 12:33,4,882.265193,958.702121
30432,nusc_2,3/1/2018 12:33,4,880.157567,960.299543
30433,nusc_2,3/1/2018 12:33,4,874.91212,966.511917
30434,nusc_2,3/1/2018 12:33,4,1216.247603,922.954801
30435,nusc_2,3/1/2018 12:33,4,1375.942552,893.734691
30436,nusc_2,3/1/2018 12:33,4,1391.517829,884.652176
30437,nusc_2,3/1/2018 12:33,4,1381.998728,888.894764
30438,nusc_2,3/1/2018 12:33,4,1490.454644,877.116632
30439,nusc_2,3/1/2018 12:33,4,1530.404408,872.828668
30440,nusc_2,3/1/2018 12:33,4,1525.391098,883.25767
30441,nusc_2,3/1/2018 12:33,4,1533.190239,848.240906
30442,nusc_2,3/1/2018 12:33,4,1482.025808,684.007727
30443,nusc_2,3/1/2018 12:33,4,1453.014071,594.694747
30444,nusc_2,3/1/2018 12:33,4,1453.918462,587.980828
30445,nusc_2,3/1/2018 12:33,5,1454.872932,588.382991
30446,nusc_2,3/1/2018 12:33,5,1459.469408,568.881719
30447,nusc_2,3/1/2018 12:33,5,1457.949078,571.167717
30448,nusc_2,3/1/2018 12:33,5,1452.763629,390.599567
30449,nusc_2,3/1/2018 12:33,5,1449.252696,351.884924
30450,nusc_2,3/1/2018 12:33,5,1444.973966,327.002101
30451,nusc_2,3/1/2018 12:33,5,1437.471811,336.480472
30452,nusc_2,3/1/2018 12:33,5,1445.960536,324.00737
30453,nusc_2,3/1/2018 12:33,5,1449.113925,306.333724
30454,nusc_2,3/1/2018 12:33,5,1440.688145,298.241317
30455,nusc_2,3/1/2018 12:33,5,1364.286115,211.999664
30456,nusc_2,3/1/2018 12:33,5,1354.189463,203.650314
30457,nusc_2,3/1/2018 12:33,5,1352.657462,206.325955
30458,nusc_2,3/1/2018 12:33,5,1458.999395,228.597708
30459,nusc_2,3/1/2018 12:33,5,1481.578242,272.277142
30460,nusc_2,3/1/2018 12:33,6,1480.298101,279.274206
30461,nusc_2,3/1/2018 12:33,6,1481.011682,281.642788
30462,nusc_2,3/1/2018 12:33,6,1485.587538,275.784329
30463,nusc_2,3/1/2018 12:33,6,1491.252615,265.357027
30464,nusc_2,3/1/2018 12:33,6,1500.70822,245.096117
30465,nusc_2,3/1/2018 12:33,6,1512.833068,276.439197
30466,nusc_2,3/1/2018 12:33,6,1642.213752,285.415267
30467,nusc_2,3/1/2018 12:33,6,1648.613845,267.949775
30468,nusc_2,3/1/2018 12:33,6,1637.765568,312.761175
30469,nusc_2,3/1/2018 12:33,6,1628.85871,365.605679
30470,nusc_2,3/1/2018 12:33,6,1565.657844,593.684302
30471,nusc_2,3/1/2018 12:33,6,1517.86665,707.524765
30472,nusc_2,3/1/2018 12:33,6,1533.791173,694.803327
30473,nusc_2,3/1/2018 12:33,6,1529.222292,708.553399
30474,nusc_2,3/1/2018 12:33,6,1534.213411,705.272095
30475,nusc_2,3/1/2018 12:33,7,1528.924399,707.009971
30476,nusc_2,3/1/2018 12:33,7,1521.043254,718.882844
30477,nusc_2,3/1/2018 12:33,7,1540.113909,698.382835
30478,nusc_2,3/1/2018 12:33,7,1658.725783,345.128168
30479,nusc_2,3/1/2018 12:33,7,1657.577554,292.396349
30480,nusc_2,3/1/2018 12:33,7,1641.943037,308.727616
30481,nusc_2,3/1/2018 12:33,7,1625.674542,341.119378
30482,nusc_2,3/1/2018 12:33,7,1622.471838,369.840524
30483,nusc_2,3/1/2018 12:33,7,1660.204703,255.670437
30484,nusc_2,3/1/2018 12:33,7,1688.22862,187.008266
30485,nusc_2,3/1/2018 12:33,7,1670.761336,157.279933
30486,nusc_2,3/1/2018 12:33,7,1664.079497,189.376963
30487,nusc_2,3/1/2018 12:33,7,1657.958534,217.510923
30488,nusc_2,3/1/2018 12:33,7,1648.561113,172.562403
30489,nusc_2,3/1/2018 12:33,8,1641.177389,87.250288
30490,nusc_2,3/1/2018 12:33,8,1657.888775,85.000552
30491,nusc_2,3/1/2018 12:33,8,1653.578137,112.810635
30492,nusc_2,3/1/2018 12:33,8,1656.897848,108.140731
30493,nusc_2,3/1/2018 12:33,8,1658.62823,113.146641
30494,nusc_2,3/1/2018 12:33,8,1653.500329,119.017243
30495,nusc_2,3/1/2018 12:33,8,1402.392784,139.282216
30496,nusc_2,3/1/2018 12:33,8,1020.462662,189.967541
30497,nusc_2,3/1/2018 12:33,8,1022.978071,179.033153
30498,nusc_2,3/1/2018 12:33,8,1046.041387,215.567914
30499,nusc_2,3/1/2018 12:33,8,1053.899743,223.629521
30500,nusc_2,3/1/2018 12:33,8,1054.380966,223.094897
30501,nusc_2,3/1/2018 12:33,8,1040.119475,219.724537
30502,nusc_2,3/1/2018 12:33,8,828.204663,204.614784
30503,nusc_2,3/1/2018 12:33,8,801.146235,204.221385
30504,nusc_2,3/1/2018 12:34,9,800.956185,201.876698
30505,nusc_2,3/1/2018 12:34,9,804.759345,210.150104
30506,nusc_2,3/1/2018 12:34,9,817.841196,211.59347
30507,nusc_2,3/1/2018 12:34,9,1045.277242,248.614982
30508,nusc_2,3/1/2018 12:34,9,1040.042131,283.403794
30509,nusc_2,3/1/2018 12:34,9,1054.313027,308.335902
30510,nusc_2,3/1/2018 12:34,9,1216.325395,422.073438
30511,nusc_2,3/1/2018 12:34,9,1235.21395,493.368076
30512,nusc_2,3/1/2018 12:34,9,1232.162625,480.132874
30513,nusc_2,3/1/2018 12:34,9,1209.175676,487.005019
30514,nusc_2,3/1/2018 12:34,9,1040.428934,445.550816
30515,nusc_2,3/1/2018 12:34,9,1008.638736,443.056912
30516,nusc_2,3/1/2018 12:34,9,1024.235282,462.044602
30517,nusc_2,3/1/2018 12:34,9,1243.366123,491.289031
30518,nusc_2,3/1/2018 12:34,10,1281.569689,483.495033
30519,nusc_2,3/1/2018 12:34,10,1288.295477,477.905636
30520,nusc_2,3/1/2018 12:34,10,1288.067503,471.602242
30521,nusc_2,3/1/2018 12:34,10,1292.63007,465.259751
30522,nusc_2,3/1/2018 12:34,10,1296.893943,452.847613
30523,nusc_2,3/1/2018 12:34,10,1294.354669,454.125016
30524,nusc_2,3/1/2018 12:34,10,1299.294825,469.64281
30525,nusc_2,3/1/2018 12:34,10,1288.321024,456.141932
30526,nusc_2,3/1/2018 12:34,10,1280.007064,467.104621
30527,nusc_2,3/1/2018 12:34,10,1292.473184,455.695007
30528,nusc_2,3/1/2018 12:34,10,1284.150572,460.474709
30529,nusc_2,3/1/2018 12:34,10,1284.953759,460.014991
30530,nusc_2,3/1/2018 12:34,10,1281.863924,470.076603
30531,nusc_2,3/1/2018 12:34,10,1290.550115,460.348601
30532,nusc_2,3/1/2018 12:34,11,1290.079839,464.356757
30533,nusc_2,3/1/2018 12:34,11,1278.766173,468.567183
30534,nusc_2,3/1/2018 12:34,11,1288.984289,453.961022
30535,nusc_2,3/1/2018 12:34,11,1281.173283,456.945328
30536,nusc_2,3/1/2018 12:34,11,1063.28443,324.157984
30537,nusc_2,3/1/2018 12:34,11,1032.820554,295.782598
30538,nusc_2,3/1/2018 12:34,11,1032.394344,293.229074
30539,nusc_2,3/1/2018 12:34,11,1030.643963,293.50053
30540,nusc_2,3/1/2018 12:34,11,1034.535081,291.976083
30541,nusc_2,3/1/2018 12:34,11,1036.165685,279.115334
30542,nusc_2,3/1/2018 12:34,11,1041.416312,283.80801
30543,nusc_2,3/1/2018 12:34,11,1036.499464,280.806438
30544,nusc_2,3/1/2018 12:34,11,1033.573457,285.654386
30545,nusc_2,3/1/2018 12:34,11,1029.024919,294.012722
30546,nusc_2,3/1/2018 12:34,12,1038.812554,281.365288
30547,nusc_2,3/1/2018 12:34,12,1038.155052,283.99744
30548,nusc_2,3/1/2018 12:34,12,1037.391329,287.606077
30549,nusc_2,3/1/2018 12:34,12,1030.688011,289.680434
30550,nusc_2,3/1/2018 12:34,12,1031.048943,292.25201
30551,nusc_2,3/1/2018 12:34,12,1035.874367,291.139735
30552,nusc_2,3/1/2018 12:34,12,1030.131678,292.332479
30553,nusc_2,3/1/2018 12:34,12,1027.988485,300.2281
30554,nusc_2,3/1/2018 12:34,12,1040.026893,285.134778
30555,nusc_2,3/1/2018 12:34,12,1250.755607,441.376934
30556,nusc_2,3/1/2018 12:34,12,1272.216466,462.455534
30557,nusc_2,3/1/2018 12:34,12,1272.922934,449.918558
30558,nusc_2,3/1/2018 12:34,12,1266.878852,465.466913
30559,nusc_2,3/1/2018 12:34,12,1263.455212,478.131711
30560,nusc_2,3/1/2018 12:34,12,1267.366663,479.065566
30561,nusc_2,3/1/2018 12:34,13,1278.314338,466.233776
30562,nusc_2,3/1/2018 12:34,13,1269.307317,476.20322
30563,nusc_2,3/1/2018 12:34,13,1265.93359,485.88348
30564,nusc_2,3/1/2018 12:34,13,1268.531674,484.505308
30565,nusc_2,3/1/2018 12:34,13,1270.983564,469.32098
30566,nusc_2,3/1/2018 12:34,13,1273.754569,469.364662
30567,nusc_2,3/1/2018 12:34,13,1120.824623,620.487982
30568,nusc_2,3/1/2018 12:34,13,1045.32424,712.712743
30569,nusc_2,3/1/2018 12:34,13,971.204422,696.07907
30570,nusc_2,3/1/2018 12:34,13,863.833308,726.47497
30571,nusc_2,3/1/2018 12:34,13,830.897653,755.735314
30572,nusc_2,3/1/2018 12:34,13,841.289053,763.07378
30573,nusc_2,3/1/2018 12:34,13,839.537887,759.283844
30574,nusc_2,3/1/2018 12:34,13,827.971969,761.176185
30575,nusc_2,3/1/2018 12:34,13,748.493567,739.162144
30576,nusc_2,3/1/2018 12:34,14,736.567398,728.357249
30577,nusc_2,3/1/2018 12:34,14,729.173912,732.235762
30578,nusc_2,3/1/2018 12:34,14,729.098163,730.430326
30579,nusc_2,3/1/2018 12:34,14,729.852828,735.565973
30580,nusc_2,3/1/2018 12:34,14,734.158661,739.598247
30581,nusc_2,3/1/2018 12:34,14,851.58084,546.37825
30582,nusc_2,3/1/2018 12:34,14,886.059662,487.307875
30583,nusc_2,3/1/2018 12:34,14,888.954909,477.675747
30584,nusc_2,3/1/2018 12:34,14,730.886782,470.367305
30585,nusc_2,3/1/2018 12:34,14,878.319314,396.577808
30586,nusc_2,3/1/2018 12:34,14,945.455841,361.884977
30587,nusc_2,3/1/2018 12:34,14,1030.862284,327.675421
30588,nusc_2,3/1/2018 12:34,14,1026.699119,320.88888
30589,nusc_2,3/1/2018 12:34,14,1024.203129,316.994232
30590,nusc_2,3/1/2018 12:34,14,1029.851364,320.573995
30591,nusc_2,3/1/2018 12:34,15,1031.468522,308.024894
30592,nusc_2,3/1/2018 12:34,15,1029.07017,312.356696
30593,nusc_2,3/1/2018 12:34,15,1029.258526,316.252801
30594,nusc_2,3/1/2018 12:34,15,1034.084233,304.722284
30595,nusc_2,3/1/2018 12:34,15,1039.91273,297.431928
30596,nusc_2,3/1/2018 12:34,15,1041.561722,301.931437
30597,nusc_2,3/1/2018 12:34,15,1040.153423,300.156583
30598,nusc_2,3/1/2018 12:34,15,1044.0158,314.255112
30599,nusc_2,3/1/2018 12:34,15,1046.861092,306.057331
30600,nusc_2,3/1/2018 12:34,15,1043.185726,303.336405
30601,nusc_2,3/1/2018 12:34,15,1043.11875,298.506659
30602,nusc_2,3/1/2018 12:34,15,1041.374166,303.945561
30603,nusc_2,3/1/2018 12:34,15,1046.575788,303.83682
30604,nusc_2,3/1/2018 12:34,15,1048.436236,296.374976
30605,nusc_2,3/1/2018 12:34,15,1045.508139,306.577745
30606,nusc_2,3/1/2018 12:34,16,1049.184431,289.735557
30607,nusc_2,3/1/2018 12:34,16,1047.282474,297.546338
30608,nusc_2,3/1/2018 12:34,16,1281.276859,431.623168
30609,nusc_2,3/1/2018 12:34,16,1294.393109,446.15682
30610,nusc_2,3/1/2018 12:34,16,1310.111239,465.47325
30611,nusc_2,3/1/2018 12:34,16,1324.257625,456.832586
30612,nusc_2,3/1/2018 12:34,16,1316.620093,464.081225
30613,nusc_2,3/1/2018 12:34,16,1314.273815,466.632881
30614,nusc_2,3/1/2018 12:34,16,1315.71511,470.880488
30615,nusc_2,3/1/2018 12:34,16,1314.618107,478.065799
30616,nusc_2,3/1/2018 12:34,16,1313.993,482.061205
30617,nusc_2,3/1/2018 12:34,17,1327.450076,458.266033
30618,nusc_2,3/1/2018 12:34,17,1286.27819,484.211667
30619,nusc_2,3/1/2018 12:34,17,1228.49848,528.605155
30620,nusc_2,3/1/2018 12:34,17,1228.87134,527.201511
30621,nusc_2,3/1/2018 12:34,17,1232.844537,532.094188
30622,nusc_2,3/1/2018 12:34,17,1223.535208,527.900442
30623,nusc_2,3/1/2018 12:34,17,1210.475868,547.240853
30624,nusc_2,3/1/2018 12:34,17,1225.267542,549.851982
30625,nusc_2,3/1/2018 12:34,17,1239.520563,550.395064
30626,nusc_2,3/1/2018 12:34,17,1374.701251,611.651973
30627,nusc_2,3/1/2018 12:34,17,1378.668099,605.700488
30628,nusc_2,3/1/2018 12:34,17,1403.814908,614.94765
30629,nusc_2,3/1/2018 12:34,18,1446.281454,597.487695
30630,nusc_2,3/1/2018 12:34,18,1445.851834,599.514157
30631,nusc_2,3/1/2018 12:34,18,1434.122581,638.667102
30632,nusc_2,3/1/2018 12:34,18,1368.388972,559.145486
30633,nusc_2,3/1/2018 12:34,18,1276.424118,491.074985
30634,nusc_2,3/1/2018 12:34,18,1273.885745,478.021716
30635,nusc_2,3/1/2018 12:34,18,1276.454761,469.399862
30636,nusc_2,3/1/2018 12:34,18,1276.617914,482.446885
30637,nusc_2,3/1/2018 12:34,18,1321.986196,435.26161
30638,nusc_2,3/1/2018 12:34,18,1313.553925,464.805321
30639,nusc_2,3/1/2018 12:34,18,1274.271321,460.941358
30640,nusc_2,3/1/2018 12:34,18,1270.578723,461.769392
30641,nusc_2,3/1/2018 12:34,18,1276.045813,459.206655
30642,nusc_2,3/1/2018 12:34,19,1276.446536,451.427376
30643,nusc_2,3/1/2018 12:34,19,1272.125504,457.832063
30644,nusc_2,3/1/2018 12:34,19,1272.75242,458.591374
30645,nusc_2,3/1/2018 12:34,19,1271.248113,467.059151
30646,nusc_2,3/1/2018 12:34,19,1274.071864,472.655717
30647,nusc_2,3/1/2018 12:34,19,1280.096322,467.568829
30648,nusc_2,3/1/2018 12:34,19,1282.234964,457.691951
30649,nusc_2,3/1/2018 12:34,19,1282.111001,463.873256
30650,nusc_2,3/1/2018 12:34,19,1279.85795,462.900073
30651,nusc_2,3/1/2018 12:34,19,1031.587483,454.732559
30652,nusc_2,3/1/2018 12:34,19,1014.036998,478.75081
30653,nusc_2,3/1/2018 12:34,19,1020.172027,456.494657
30654,nusc_2,3/1/2018 12:34,19,910.543083,415.448303
30655,nusc_2,3/1/2018 12:34,19,586.678234,287.385913
30656,nusc_2,3/1/2018 12:34,19,575.636941,276.129099
30657,nusc_2,3/1/2018 12:34,20,561.118561,273.08266
30658,nusc_2,3/1/2018 12:34,20,528.613634,249.092726
30659,nusc_2,3/1/2018 12:34,20,519.406054,261.085159
30660,nusc_2,3/1/2018 12:34,20,519.402307,266.662037
30661,nusc_2,3/1/2018 12:34,20,517.413361,246.933762
30662,nusc_2,3/1/2018 12:34,20,584.758718,254.492378
30663,nusc_2,3/1/2018 12:34,20,611.895853,237.873426
30664,nusc_2,3/1/2018 12:34,20,620.527558,237.078058
30665,nusc_2,3/1/2018 12:34,20,603.028248,225.222389
30666,nusc_2,3/1/2018 12:34,20,598.478982,221.918717
30667,nusc_2,3/1/2018 12:34,20,594.928567,219.630828
30668,nusc_2,3/1/2018 12:34,20,596.835144,220.276424
30669,nusc_2,3/1/2018 12:34,20,714.167303,225.495029
30670,nusc_2,3/1/2018 12:34,20,723.942272,224.588048
30671,nusc_2,3/1/2018 12:34,21,728.39547,226.165563
30672,nusc_2,3/1/2018 12:34,21,724.853076,223.209186
30673,nusc_2,3/1/2018 12:34,21,792.787675,157.948021
30674,nusc_2,3/1/2018 12:34,21,825.16772,111.430307
30675,nusc_2,3/1/2018 12:34,21,833.021134,97.133279
30676,nusc_2,3/1/2018 12:34,21,825.180324,90.38127
30677,nusc_2,3/1/2018 12:34,21,864.560575,101.869752
30678,nusc_2,3/1/2018 12:34,21,890.788051,103.905954
30679,nusc_2,3/1/2018 12:34,21,892.30966,84.295743
30680,nusc_2,3/1/2018 12:34,21,886.739462,100.518929
30681,nusc_2,3/1/2018 12:34,21,780.456493,366.188283
30682,nusc_2,3/1/2018 12:34,21,787.559957,414.209104
30683,nusc_2,3/1/2018 12:34,22,794.273924,416.230996
30684,nusc_2,3/1/2018 12:34,22,791.95446,402.935032
30685,nusc_2,3/1/2018 12:34,22,790.47485,400.197797
30686,nusc_2,3/1/2018 12:34,22,614.401844,631.98185
30687,nusc_2,3/1/2018 12:34,22,599.866216,654.626583
30688,nusc_2,3/1/2018 12:34,22,609.740059,675.381007
30689,nusc_2,3/1/2018 12:34,22,608.738129,672.859731
30690,nusc_2,3/1/2018 12:34,22,585.510887,695.14113
30691,nusc_2,3/1/2018 12:34,22,525.340348,795.276539
30692,nusc_2,3/1/2018 12:34,22,425.879836,898.304884
30693,nusc_2,3/1/2018 12:34,22,363.672683,932.441285
30694,nusc_2,3/1/2018 12:34,22,364.729881,931.324013
30695,nusc_2,3/1/2018 12:34,22,356.77248,918.832799
30696,nusc_2,3/1/2018 12:34,22,356.676437,934.129369
30697,nusc_2,3/1/2018 12:34,22,264.367818,945.978972
30698,nusc_2,3/1/2018 12:34,23,238.612129,936.614556
30699,nusc_2,3/1/2018 12:34,23,241.064864,955.744499
30700,nusc_2,3/1/2018 12:34,23,233.408545,946.50848
30701,nusc_2,3/1/2018 12:34,23,232.5346,943.779562
30702,nusc_2,3/1/2018 12:34,23,229.618259,946.979451
30703,nusc_2,3/1/2018 12:34,23,231.120538,951.43496
30704,nusc_2,3/1/2018 12:34,23,223.533847,940.446444
30705,nusc_2,3/1/2018 12:34,23,227.608888,943.441797
30706,nusc_2,3/1/2018 12:34,23,178.120786,953.656573
30707,nusc_2,3/1/2018 12:34,23,176.455321,946.89477
30708,nusc_2,3/1/2018 12:34,23,175.853102,934.32022
30709,nusc_2,3/1/2018 12:34,23,165.085342,936.755322
30710,nusc_2,3/1/2018 12:34,23,167.406644,923.753849
30711,nusc_2,3/1/2018 12:34,23,215.225025,915.399244
30712,nusc_2,3/1/2018 12:34,24,295.284751,906.411406
30713,nusc_2,3/1/2018 12:34,24,297.71574,913.496718
30714,nusc_2,3/1/2018 12:34,24,278.584943,882.492271
30715,nusc_2,3/1/2018 12:34,24,285.897305,891.665373
30716,nusc_2,3/1/2018 12:34,24,241.768812,929.922093
30717,nusc_2,3/1/2018 12:34,24,167.379422,967.223698
30718,nusc_2,3/1/2018 12:34,24,161.216797,967.663688
30719,nusc_2,3/1/2018 12:34,24,172.554083,971.325291
30720,nusc_2,3/1/2018 12:34,24,827.924615,899.374262
30721,nusc_2,3/1/2018 12:34,24,826.047497,936.073072
30722,nusc_2,3/1/2018 12:34,24,832.349931,931.42757
30723,nusc_2,3/1/2018 12:34,24,832.90132,833.99308
30724,nusc_2,3/1/2018 12:34,24,835.392299,815.097379
30725,nusc_2,3/1/2018 12:34,24,829.111587,802.237303
30726,nusc_2,3/1/2018 12:34,24,830.983477,796.966813
30727,nusc_2,3/1/2018 12:34,25,823.42785,804.284459
30728,nusc_2,3/1/2018 12:34,25,838.512526,783.876216
30729,nusc_2,3/1/2018 12:34,25,836.606798,779.493335
30730,nusc_2,3/1/2018 12:34,25,828.861345,773.579337
30731,nusc_2,3/1/2018 12:34,25,847.749743,745.551905
30732,nusc_2,3/1/2018 12:34,25,917.84875,707.329471
30733,nusc_2,3/1/2018 12:34,25,964.023,686.873538
30734,nusc_2,3/1/2018 12:34,25,964.578427,679.869249
30735,nusc_2,3/1/2018 12:34,25,1077.423081,485.055032
30736,nusc_2,3/1/2018 12:34,25,1068.403999,496.230703
30737,nusc_2,3/1/2018 12:34,25,1061.772754,472.977768
30738,nusc_2,3/1/2018 12:34,25,1031.32195,344.08427
30739,nusc_2,3/1/2018 12:34,25,1023.390179,344.927034
30740,nusc_2,3/1/2018 12:34,25,1021.795135,353.471442
30741,nusc_2,3/1/2018 12:34,26,1023.664599,349.808312
30742,nusc_2,3/1/2018 12:34,26,1022.555891,343.136888
30743,nusc_2,3/1/2018 12:34,26,1021.284114,339.639596
30744,nusc_2,3/1/2018 12:34,26,1019.370676,334.729841
30745,nusc_2,3/1/2018 12:34,26,1025.09433,327.903563
30746,nusc_2,3/1/2018 12:34,26,1034.106483,313.905826
30747,nusc_2,3/1/2018 12:34,26,1032.662263,307.362838
30748,nusc_2,3/1/2018 12:34,26,1078.51243,312.530484
30749,nusc_2,3/1/2018 12:34,26,1217.614894,272.773733
30750,nusc_2,3/1/2018 12:34,26,1242.786596,278.230584
30751,nusc_2,3/1/2018 12:34,26,1250.059023,279.038071
30752,nusc_2,3/1/2018 12:34,26,1236.082858,312.437947
30753,nusc_2,3/1/2018 12:34,26,1235.755406,311.730951
30754,nusc_2,3/1/2018 12:34,26,1243.311545,294.817685
30755,nusc_2,3/1/2018 12:34,26,1258.810106,308.237832
30756,nusc_2,3/1/2018 12:34,26,1266.184241,313.008627
30757,nusc_2,3/1/2018 12:34,27,1270.283155,304.615693
30758,nusc_2,3/1/2018 12:34,27,1266.172519,318.826938
30759,nusc_2,3/1/2018 12:34,27,1260.892411,326.508124
30760,nusc_2,3/1/2018 12:34,27,1268.527863,306.903823
30761,nusc_2,3/1/2018 12:34,27,1265.843433,309.371014
30762,nusc_2,3/1/2018 12:34,27,1260.121318,318.136847
30763,nusc_2,3/1/2018 12:34,27,1269.18857,319.039841
30764,nusc_2,3/1/2018 12:34,27,1288.455868,462.61313
30765,nusc_2,3/1/2018 12:34,27,1281.545757,464.573443
30766,nusc_2,3/1/2018 12:34,27,1281.134645,476.147386
30767,nusc_2,3/1/2018 12:34,27,1282.018473,474.341239
30768,nusc_2,3/1/2018 12:34,27,1286.268026,467.010427
30769,nusc_2,3/1/2018 12:34,27,1288.66105,465.9146
30770,nusc_2,3/1/2018 12:34,27,1279.039044,476.448121
30771,nusc_2,3/1/2018 12:34,28,1313.063186,506.67732
30772,nusc_2,3/1/2018 12:34,28,1415.545324,592.668462
30773,nusc_2,3/1/2018 12:34,28,1477.245039,575.87534
30774,nusc_2,3/1/2018 12:34,28,1485.63099,584.86181
30775,nusc_2,3/1/2018 12:34,28,1469.042346,599.470913
30776,nusc_2,3/1/2018 12:34,28,1456.380214,596.390495
30777,nusc_2,3/1/2018 12:34,28,1418.091946,579.574469
30778,nusc_2,3/1/2018 12:34,28,1376.204742,548.352015
30779,nusc_2,3/1/2018 12:34,28,1369.53081,552.230887
30780,nusc_2,3/1/2018 12:34,28,1519.836493,804.059792
30781,nusc_2,3/1/2018 12:34,28,1521.064696,801.923647
30782,nusc_2,3/1/2018 12:34,28,1500.124583,814.594333
30783,nusc_2,3/1/2018 12:34,28,1416.081879,788.115087
30784,nusc_2,3/1/2018 12:34,28,1373.097927,761.841916
30785,nusc_2,3/1/2018 12:34,28,1354.30341,772.348762
30786,nusc_2,3/1/2018 12:34,29,1355.844809,769.028547
30787,nusc_2,3/1/2018 12:34,29,1355.19889,767.15988
30788,nusc_2,3/1/2018 12:34,29,1345.493768,781.970764
30789,nusc_2,3/1/2018 12:34,29,1350.607947,781.047351
30790,nusc_2,3/1/2018 12:34,29,1347.998859,780.293374
30791,nusc_2,3/1/2018 12:34,29,1286.407302,766.751815
30792,nusc_2,3/1/2018 12:34,29,1133.984419,761.960941
30793,nusc_2,3/1/2018 12:34,29,205.456795,667.213021
30794,nusc_2,3/1/2018 12:34,29,189.912379,653.095625
30795,nusc_2,3/1/2018 12:34,29,65.178867,619.832222
30796,nusc_2,3/1/2018 12:34,29,65.178867,619.832222
30797,nusc_2,3/1/2018 12:34,29,13.563831,633.105989
30798,nusc_2,3/1/2018 12:34,29,13.044863,589.444276
30799,nusc_2,3/1/2018 12:34,29,13.044863,589.444276
30800,nusc_2,3/1/2018 12:34,29,13.044863,589.444276
30801,nusc_2,3/1/2018 12:34,30,13.044863,589.444276
30802,nusc_2,3/1/2018 12:34,30,13.044863,589.444276
30803,nusc_2,3/1/2018 12:34,30,13.044863,589.444276
30804,nusc_2,3/1/2018 12:34,30,13.044863,589.444276
30805,nusc_2,3/1/2018 12:34,30,5.889354,622.983811
30806,nusc_2,3/1/2018 12:34,30,19.271044,637.44566
30807,nusc_2,3/1/2018 12:34,30,6.202247,639.335578
30808,nusc_2,3/1/2018 12:34,30,10.881508,639.46811
30809,nusc_2,3/1/2018 12:34,30,9.301951,628.832452
30810,nusc_2,3/1/2018 12:34,30,9.301951,628.832452
30811,nusc_2,3/1/2018 12:34,30,9.301951,628.832452
30812,nusc_2,3/1/2018 12:34,30,9.301951,628.832452
30813,nusc_2,3/1/2018 12:34,30,9.301951,628.832452
30814,nusc_2,3/1/2018 12:34,30,9.301951,628.832452
