249598,ev20-1-23,-753669078,0,521.093972,253.499523
249599,ev20-1-23,-753669064,0,522.401699,273.481699
249600,ev20-1-23,-753669048,0,521.695962,273.087529
249601,ev20-1-23,-753669030,0,521.269275,277.447083
249602,ev20-1-23,-753669014,0,518.011797,270.997607
249603,ev20-1-23,-753668997,0,518.011797,270.997607
249604,ev20-1-23,-753668980,0,517.360982,274.828037
249605,ev20-1-23,-753668963,0,513.174364,271.095616
249606,ev20-1-23,-753668946,0,514.74411,272.465381
249607,ev20-1-23,-753668930,0,510.519872,272.361808
249608,ev20-1-23,-753668913,0,511.378178,272.966296
249609,ev20-1-23,-753668898,0,511.222318,279.072558
249610,ev20-1-23,-753668881,0,510.683005,279.170973
249611,ev20-1-23,-753668864,0,507.795849,284.126873
249612,ev20-1-23,-753668848,0,507.795849,284.126873
249613,ev20-1-23,-753668831,0,507.962707,273.548021
249614,ev20-1-23,-753668814,0,509.985304,271.242783
249615,ev20-1-23,-753668798,0,511.320318,270.670528
249616,ev20-1-23,-753668781,0,514.291437,266.031954
249617,ev20-1-23,-753668764,0,513.786912,264.373174
249618,ev20-1-23,-753668748,0,513.516947,262.301723
249619,ev20-1-23,-753668731,0,513.194725,262.497563
249620,ev20-1-23,-753668714,0,514.587385,268.172449
249621,ev20-1-23,-753668698,0,514.587385,268.172449
249622,ev20-1-23,-753668681,0,513.665533,275.657811
249623,ev20-1-23,-753668664,0,511.425495,276.309738
249624,ev20-1-23,-753668648,0,510.471501,276.27681
249625,ev20-1-23,-753668630,1,513.262559,281.544167
249626,ev20-1-23,-753668614,1,513.770373,281.627301
249627,ev20-1-23,-753668597,1,511.073608,277.549091
249628,ev20-1-23,-753668581,1,510.812399,277.677826
249629,ev20-1-23,-753668564,1,509.819049,277.989492
249630,ev20-1-23,-753668548,1,509.819049,277.989492
249631,ev20-1-23,-753668531,1,508.475578,280.550948
249632,ev20-1-23,-753668514,1,499.450538,281.209927
249633,ev20-1-23,-753668497,1,500.039811,279.590675
249634,ev20-1-23,-753668481,1,507.200674,275.99621
249635,ev20-1-23,-753668464,1,510.018498,274.931759
249636,ev20-1-23,-753668447,1,509.719622,275.908773
249637,ev20-1-23,-753668430,1,509.319181,277.282358
249638,ev20-1-23,-753668414,1,510.607492,276.496342
249639,ev20-1-23,-753668397,1,510.607492,276.496342
249640,ev20-1-23,-753668381,1,504.441372,282.718873
249641,ev20-1-23,-753668364,1,503.435217,283.306835
249642,ev20-1-23,-753668347,1,501.094134,283.795511
249643,ev20-1-23,-753668331,1,500.361081,283.272546
249644,ev20-1-23,-753668314,1,499.523958,251.315919
249645,ev20-1-23,-753668297,1,499.677257,255.72657
249646,ev20-1-23,-753668281,1,499.424621,253.376291
249647,ev20-1-23,-753668264,1,501.054583,264.112733
249648,ev20-1-23,-753668247,1,501.054583,264.112733
249649,ev20-1-23,-753668231,1,483.118488,284.494124
249650,ev20-1-23,-753668214,1,482.592748,287.760667
249651,ev20-1-23,-753668197,1,480.724105,288.185021
249652,ev20-1-23,-753668181,1,481.824756,272.715228
249653,ev20-1-23,-753668164,1,481.802118,265.436049
249654,ev20-1-23,-753668147,1,472.870042,260.385852
249655,ev20-1-23,-753668131,1,474.396379,260.97245
249656,ev20-1-23,-753668114,1,474.420549,260.163642
249657,ev20-1-23,-753668097,1,474.420549,260.163642
249658,ev20-1-23,-753668080,1,485.384178,254.29358
249659,ev20-1-23,-753668064,1,494.594222,258.370747
249660,ev20-1-23,-753668047,1,492.358737,281.740713
249661,ev20-1-23,-753668031,1,492.846466,281.317667
249662,ev20-1-23,-753668014,1,491.435624,282.483491
249663,ev20-1-23,-753667997,1,490.151414,282.802577
249664,ev20-1-23,-753667981,1,490.45356,280.738103
249665,ev20-1-23,-753667964,1,490.352967,288.439977
249666,ev20-1-23,-753667947,1,490.352967,288.439977
249667,ev20-1-23,-753667930,1,492.952741,299.657604
249668,ev20-1-23,-753667913,1,501.296365,289.695002
249669,ev20-1-23,-753667897,1,501.784642,286.875115
249670,ev20-1-23,-753667880,1,500.065433,271.752119
249671,ev20-1-23,-753667864,1,498.62582,265.240438
249672,ev20-1-23,-753667847,1,499.529393,271.025454
249673,ev20-1-23,-753667829,1,501.753682,281.203338
249674,ev20-1-23,-753667814,1,502.301707,280.265867
249675,ev20-1-23,-753667797,1,502.301707,280.265867
249676,ev20-1-23,-753667780,1,500.304182,267.04752
249677,ev20-1-23,-753667764,1,499.92753,265.105176
249678,ev20-1-23,-753667747,1,500.769502,263.911192
249679,ev20-1-23,-753667730,1,499.459701,265.467907
249680,ev20-1-23,-753667714,1,499.459198,267.624259
249681,ev20-1-23,-753667697,1,499.985199,267.318041
249682,ev20-1-23,-753667680,1,498.210854,261.195784
249683,ev20-1-23,-753667664,1,494.194525,259.652303
249684,ev20-1-23,-753667647,1,494.194525,259.652303
249685,ev20-1-23,-753667630,2,480.022916,267.730835
249686,ev20-1-23,-753667614,2,481.341244,269.983586
249687,ev20-1-23,-753667597,2,484.251757,274.063002
249688,ev20-1-23,-753667580,2,499.548347,294.835384
249689,ev20-1-23,-753667564,2,508.058081,296.149523
249690,ev20-1-23,-753667547,2,526.270936,291.568185
249691,ev20-1-23,-753667530,2,534.681293,286.522046
249692,ev20-1-23,-753667514,2,537.495343,278.597152
249693,ev20-1-23,-753667497,2,537.495343,278.597152
249694,ev20-1-23,-753667480,2,544.115814,272.795871
249695,ev20-1-23,-753667463,2,546.116538,273.572479
249696,ev20-1-23,-753667447,2,537.054174,267.11564
249697,ev20-1-23,-753667430,2,541.476678,270.268387
249698,ev20-1-23,-753667414,2,543.940343,269.631766
249699,ev20-1-23,-753667397,2,547.250159,269.585649
249700,ev20-1-23,-753667380,2,544.400126,271.318178
249701,ev20-1-23,-753667363,2,545.529898,273.313142
249702,ev20-1-23,-753667347,2,545.529898,273.313142
249703,ev20-1-23,-753667330,2,543.456564,267.745459
249704,ev20-1-23,-753667313,2,541.396534,268.904982
249705,ev20-1-23,-753667297,2,539.698862,265.449283
249706,ev20-1-23,-753667280,2,548.238982,268.054626
249707,ev20-1-23,-753667263,2,640.283607,276.613401
249708,ev20-1-23,-753667246,2,653.75859,272.999207
249709,ev20-1-23,-753667230,2,657.850271,272.685956
249710,ev20-1-23,-753667213,2,658.115857,273.376499
249711,ev20-1-23,-753667197,2,658.115857,273.376499
249712,ev20-1-23,-753667180,2,653.886048,279.137577
249713,ev20-1-23,-753667163,2,652.5943,275.49579
249714,ev20-1-23,-753667147,2,654.311753,274.943245
249715,ev20-1-23,-753667130,2,648.665953,274.303908
249716,ev20-1-23,-753667113,2,648.298719,272.980759
249717,ev20-1-23,-753667096,2,660.674042,260.92781
249718,ev20-1-23,-753667080,2,668.962806,252.964334
249719,ev20-1-23,-753667062,2,674.739969,241.743828
249720,ev20-1-23,-753667047,2,674.739969,241.743828
249721,ev20-1-23,-753667030,2,677.433634,242.213688
249722,ev20-1-23,-753667013,2,681.437063,254.51222
249723,ev20-1-23,-753666996,2,682.227048,254.69495
249724,ev20-1-23,-753666980,2,682.638901,260.972673
249725,ev20-1-23,-753666962,2,689.578549,273.147578
249726,ev20-1-23,-753666947,2,684.754053,271.288324
249727,ev20-1-23,-753666929,2,703.879234,269.2242
249728,ev20-1-23,-753666913,2,880.412786,252.447364
249729,ev20-1-23,-753666896,2,880.412786,252.447364
249730,ev20-1-23,-753666880,2,890.530784,230.972419
249731,ev20-1-23,-753666863,2,915.024386,230.530144
249732,ev20-1-23,-753666847,2,929.278631,243.014525
249733,ev20-1-23,-753666830,2,909.630906,234.575548
249734,ev20-1-23,-753666813,2,896.507869,232.061494
249735,ev20-1-23,-753666796,2,901.945694,240.0085
249736,ev20-1-23,-753666780,2,911.830659,262.644958
249737,ev20-1-23,-753666763,2,920.338503,280.497922
249738,ev20-1-23,-753666746,2,920.338503,280.497922
249739,ev20-1-23,-753666730,2,923.385176,284.821902
249740,ev20-1-23,-753666713,2,925.422098,281.914931
249741,ev20-1-23,-753666696,2,927.434424,293.721124
249742,ev20-1-23,-753666680,2,925.696352,294.245029
249743,ev20-1-23,-753666663,2,925.015757,293.240731
249744,ev20-1-23,-753666646,2,925.403919,281.775494
249745,ev20-1-23,-753666630,3,918.471204,271.785266
249746,ev20-1-23,-753666613,3,913.470699,269.491159
249747,ev20-1-23,-753666596,3,913.470699,269.491159
249748,ev20-1-23,-753666579,3,896.15122,267.353486
249749,ev20-1-23,-753666563,3,889.519328,266.227624
249750,ev20-1-23,-753666546,3,881.693365,254.818983
249751,ev20-1-23,-753666529,3,884.296113,264.761953
249752,ev20-1-23,-753666513,3,883.504301,261.510744
249753,ev20-1-23,-753666496,3,882.627055,252.86991
249754,ev20-1-23,-753666479,3,882.302764,244.838409
249755,ev20-1-23,-753666463,3,878.418031,248.382774
249756,ev20-1-23,-753666446,3,878.418031,248.382774
249757,ev20-1-23,-753666430,3,890.091725,243.090324
249758,ev20-1-23,-753666413,3,888.328261,243.980232
249759,ev20-1-23,-753666396,3,887.504265,246.95568
249760,ev20-1-23,-753666379,3,890.162567,245.22315
249761,ev20-1-23,-753666363,3,892.821537,247.056358
249762,ev20-1-23,-753666346,3,891.229406,248.549473
249763,ev20-1-23,-753666329,3,891.417686,249.40188
249764,ev20-1-23,-753666313,3,889.207256,256.915727
249765,ev20-1-23,-753666295,3,889.207256,256.915727
249766,ev20-1-23,-753666279,3,890.162161,253.949229
249767,ev20-1-23,-753666263,3,890.247916,257.417689
249768,ev20-1-23,-753666246,3,889.301881,258.92791
249769,ev20-1-23,-753666230,3,886.316891,259.871626
249770,ev20-1-23,-753666213,3,886.677582,260.018165
249771,ev20-1-23,-753666196,3,885.135831,256.505767
249772,ev20-1-23,-753666179,3,883.96931,254.335344
249773,ev20-1-23,-753666163,3,883.941177,253.939138
249774,ev20-1-23,-753666146,3,889.64422,252.638364
249775,ev20-1-23,-753666130,3,888.558325,254.066343
249776,ev20-1-23,-753666112,3,889.368464,260.690364
249777,ev20-1-23,-753666096,3,893.0776,276.171166
249778,ev20-1-23,-753666079,3,894.304673,280.148247
249779,ev20-1-23,-753666063,3,894.389485,269.57101
249780,ev20-1-23,-753666046,3,893.106831,267.814638
249781,ev20-1-23,-753666029,3,892.771109,266.637635
249782,ev20-1-23,-753666013,3,881.301208,263.820636
249783,ev20-1-23,-753665996,3,881.301208,263.820636
249784,ev20-1-23,-753665979,3,883.4403,263.808798
249785,ev20-1-23,-753665962,3,884.132331,263.582747
249786,ev20-1-23,-753665946,3,885.899961,263.174447
249787,ev20-1-23,-753665929,3,887.096723,268.009728
249788,ev20-1-23,-753665913,3,892.600631,272.218057
249789,ev20-1-23,-753665896,3,892.690575,270.077252
249790,ev20-1-23,-753665879,3,893.092738,266.688727
249791,ev20-1-23,-753665863,3,891.370642,262.872544
249792,ev20-1-23,-753665846,3,891.370642,262.872544
249793,ev20-1-23,-753665829,3,890.045394,262.484591
249794,ev20-1-23,-753665813,3,889.906279,259.368055
249795,ev20-1-23,-753665796,3,887.156997,254.725541
249796,ev20-1-23,-753665779,3,880.973507,256.21102
249797,ev20-1-23,-753665763,3,874.444549,255.902114
249798,ev20-1-23,-753665746,3,873.869621,257.162136
249799,ev20-1-23,-753665729,3,874.369776,255.404234
249800,ev20-1-23,-753665713,3,875.18037,254.445652
249801,ev20-1-23,-753665696,3,875.431379,261.82121
249802,ev20-1-23,-753665679,3,878.7392,256.927892
249803,ev20-1-23,-753665663,3,878.7392,256.927892
249804,ev20-1-23,-753665646,3,878.7392,256.927892
249805,ev20-1-23,-753665628,4,878.7392,256.927892
249806,ev20-1-23,-753665612,4,878.7392,256.927892
249807,ev20-1-23,-753665596,4,878.7392,256.927892
249808,ev20-1-23,-753665579,4,878.7392,256.927892
249809,ev20-1-23,-753665562,4,878.7392,256.927892
249810,ev20-1-23,-753665546,4,878.7392,256.927892
249811,ev20-1-23,-753665529,4,878.7392,256.927892
249812,ev20-1-23,-753665512,4,878.7392,256.927892
249813,ev20-1-23,-753665496,4,850.040311,451.093275
249814,ev20-1-23,-753665479,4,889.060205,359.375825
249815,ev20-1-23,-753665462,4,887.440253,328.766452
249816,ev20-1-23,-753665446,4,888.860271,298.33217
249817,ev20-1-23,-753665429,4,888.847736,287.080777
249818,ev20-1-23,-753665412,4,890.902072,272.662092
249819,ev20-1-23,-753665396,4,890.902072,272.662092
249820,ev20-1-23,-753665379,4,886.183704,256.219294
249821,ev20-1-23,-753665362,4,884.983392,260.516704
249822,ev20-1-23,-753665346,4,885.909769,258.83446
249823,ev20-1-23,-753665329,4,887.657609,259.809882
249824,ev20-1-23,-753665312,4,886.964725,259.071194
249825,ev20-1-23,-753665296,4,885.943732,259.1298
249826,ev20-1-23,-753665278,4,886.999296,254.199997
249827,ev20-1-23,-753665262,4,888.296571,242.283857
249828,ev20-1-23,-753665246,4,888.296571,242.283857
249829,ev20-1-23,-753665229,4,888.196427,265.748408
249830,ev20-1-23,-753665212,4,889.871351,261.687008
249831,ev20-1-23,-753665196,4,890.459095,274.261456
249832,ev20-1-23,-753665179,4,890.621812,275.235364
249833,ev20-1-23,-753665162,4,880.693463,275.32462
249834,ev20-1-23,-753665146,4,878.030092,269.296772
249835,ev20-1-23,-753665129,4,876.053499,271.431688
249836,ev20-1-23,-753665112,4,872.707049,269.662874
249837,ev20-1-23,-753665095,4,872.707049,269.662874
249838,ev20-1-23,-753665079,4,883.340842,261.387917
249839,ev20-1-23,-753665062,4,879.514908,262.125334
249840,ev20-1-23,-753665045,4,881.933656,255.011327
249841,ev20-1-23,-753665027,4,880.016903,257.570851
249842,ev20-1-23,-753665012,4,877.380899,256.559166
249843,ev20-1-23,-753664995,4,878.559342,257.206154
249844,ev20-1-23,-753664979,4,877.019558,256.97901
249845,ev20-1-23,-753664962,4,876.529141,256.540369
249846,ev20-1-23,-753664945,4,876.529141,256.540369
249847,ev20-1-23,-753664929,4,875.988016,254.041625
249848,ev20-1-23,-753664912,4,869.251753,253.004176
249849,ev20-1-23,-753664895,4,870.462391,252.35586
249850,ev20-1-23,-753664879,4,875.276897,252.866382
249851,ev20-1-23,-753664862,4,875.968334,250.675047
249852,ev20-1-23,-753664845,4,877.4451,245.113603
249853,ev20-1-23,-753664829,4,877.016621,244.430718
249854,ev20-1-23,-753664812,4,876.149474,245.314743
249855,ev20-1-23,-753664795,4,875.061277,247.853309
249856,ev20-1-23,-753664779,4,875.537346,247.610869
249857,ev20-1-23,-753664762,4,875.834087,248.522856
249858,ev20-1-23,-753664744,4,875.337012,253.273515
249859,ev20-1-23,-753664729,4,872.066549,252.108384
249860,ev20-1-23,-753664712,4,867.280055,256.346161
249861,ev20-1-23,-753664695,4,864.609573,255.839503
249862,ev20-1-23,-753664679,4,866.530216,256.008762
249863,ev20-1-23,-753664662,4,869.242122,252.419174
249864,ev20-1-23,-753664645,4,869.973976,252.106028
249865,ev20-1-23,-753664629,5,874.533791,250.342328
249866,ev20-1-23,-753664612,5,879.144169,252.329128
249867,ev20-1-23,-753664595,5,881.82847,250.508535
249868,ev20-1-23,-753664579,5,882.693626,250.14618
249869,ev20-1-23,-753664562,5,883.430118,247.779612
249870,ev20-1-23,-753664545,5,882.373846,242.958868
249871,ev20-1-23,-753664529,5,881.43516,240.253415
249872,ev20-1-23,-753664512,5,880.981287,235.712281
249873,ev20-1-23,-753664495,5,880.981287,235.712281
249874,ev20-1-23,-753664478,5,876.214862,238.163583
249875,ev20-1-23,-753664462,5,886.356582,236.515693
249876,ev20-1-23,-753664445,5,890.276694,235.031234
249877,ev20-1-23,-753664428,5,890.330439,230.266402
249878,ev20-1-23,-753664412,5,887.398204,223.926026
249879,ev20-1-23,-753664395,5,886.890018,226.810271
249880,ev20-1-23,-753664378,5,886.593086,228.715043
249881,ev20-1-23,-753664362,5,886.523873,232.714287
249882,ev20-1-23,-753664345,5,892.035957,232.458113
249883,ev20-1-23,-753664328,5,902.408556,239.185933
249884,ev20-1-23,-753664312,5,934.649084,242.888844
249885,ev20-1-23,-753664295,5,964.271032,241.55367
249886,ev20-1-23,-753664278,5,972.502318,242.583564
249887,ev20-1-23,-753664262,5,1000.211603,237.556456
249888,ev20-1-23,-753664245,5,1021.141374,235.492908
249889,ev20-1-23,-753664228,5,1026.327665,234.243408
249890,ev20-1-23,-753664212,5,1031.684834,233.393716
249891,ev20-1-23,-753664195,5,1028.477629,226.801996
249892,ev20-1-23,-753664178,5,1029.654614,227.846173
249893,ev20-1-23,-753664162,5,1029.190445,222.533818
249894,ev20-1-23,-753664145,5,1038.959403,203.333251
249895,ev20-1-23,-753664128,5,1037.058959,204.756507
249896,ev20-1-23,-753664112,5,1036.401243,205.53213
249897,ev20-1-23,-753664095,5,1031.641215,208.991905
249898,ev20-1-23,-753664078,5,1027.981261,214.720145
249899,ev20-1-23,-753664062,5,1030.129377,212.989742
249900,ev20-1-23,-753664045,5,1042.090558,234.248154
249901,ev20-1-23,-753664028,5,1053.357903,234.642203
249902,ev20-1-23,-753664011,5,1103.957194,242.752625
249903,ev20-1-23,-753663995,5,1120.666968,246.063515
249904,ev20-1-23,-753663978,5,1122.439572,246.620552
249905,ev20-1-23,-753663961,5,1199.18905,239.304407
249906,ev20-1-23,-753663945,5,1199.16156,233.669028
249907,ev20-1-23,-753663928,5,1199.534604,231.514591
249908,ev20-1-23,-753663912,5,1197.368638,229.11682
249909,ev20-1-23,-753663895,5,1197.858077,226.868728
249910,ev20-1-23,-753663878,5,1199.809979,229.772117
249911,ev20-1-23,-753663861,5,1201.041363,230.078333
249912,ev20-1-23,-753663845,5,1205.999393,225.824
249913,ev20-1-23,-753663828,5,1206.378095,228.825451
249914,ev20-1-23,-753663811,5,1203.999327,232.997824
249915,ev20-1-23,-753663795,5,1202.138339,234.748802
249916,ev20-1-23,-753663778,5,1202.132158,233.938191
249917,ev20-1-23,-753663761,5,1203.101963,231.657656
249918,ev20-1-23,-753663745,5,1229.742173,223.930909
249919,ev20-1-23,-753663728,5,1242.831006,214.560726
249920,ev20-1-23,-753663711,5,1230.605156,195.223622
249921,ev20-1-23,-753663695,5,1258.282093,189.7747
249922,ev20-1-23,-753663678,5,1290.445478,168.941562
249923,ev20-1-23,-753663661,5,1321.673016,168.948192
249924,ev20-1-23,-753663645,5,1324.399998,172.439232
249925,ev20-1-23,-753663628,6,1324.064699,170.39308
249926,ev20-1-23,-753663611,6,1332.378518,177.389662
249927,ev20-1-23,-753663595,6,1332.378518,177.389662
249928,ev20-1-23,-753663578,6,1354.469411,204.754261
249929,ev20-1-23,-753663561,6,1367.777317,217.695275
249930,ev20-1-23,-753663545,6,1361.90047,213.988776
249931,ev20-1-23,-753663528,6,1344.271716,209.69211
249932,ev20-1-23,-753663511,6,1342.694962,212.347211
249933,ev20-1-23,-753663494,6,1334.836601,211.630594
249934,ev20-1-23,-753663478,6,1326.104448,210.90078
249935,ev20-1-23,-753663461,6,1317.743755,208.497246
249936,ev20-1-23,-753663445,6,1300.134995,210.549311
249937,ev20-1-23,-753663428,6,1301.019085,211.549218
249938,ev20-1-23,-753663411,6,1303.229418,207.55209
249939,ev20-1-23,-753663395,6,1302.876195,203.98962
249940,ev20-1-23,-753663378,6,1302.960201,202.33576
249941,ev20-1-23,-753663361,6,1305.563111,201.70101
249942,ev20-1-23,-753663344,6,1300.266761,210.721672
249943,ev20-1-23,-753663328,6,1290.729039,221.106479
249944,ev20-1-23,-753663311,6,1287.724617,224.285544
249945,ev20-1-23,-753663294,6,1284.849324,231.3863
249946,ev20-1-23,-753663275,6,1288.607868,229.445744
249947,ev20-1-23,-753663261,6,1286.281122,228.567213
249948,ev20-1-23,-753663244,6,1288.322002,225.650894
249949,ev20-1-23,-753663228,6,1291.202466,225.543309
249950,ev20-1-23,-753663211,6,1294.550822,223.741251
249951,ev20-1-23,-753663194,6,1304.313281,227.048571
249952,ev20-1-23,-753663178,6,1310.607922,230.807623
249953,ev20-1-23,-753663161,6,1318.608972,232.864126
249954,ev20-1-23,-753663144,6,1320.188722,245.736679
249955,ev20-1-23,-753663128,6,1320.125459,244.135836
249956,ev20-1-23,-753663111,6,1319.054411,238.061996
249957,ev20-1-23,-753663094,6,1317.166527,233.152123
249958,ev20-1-23,-753663078,6,1313.916275,230.431411
249959,ev20-1-23,-753663060,6,1311.699614,226.629681
249960,ev20-1-23,-753663044,6,1315.388086,214.250993
249961,ev20-1-23,-753663028,6,1311.960887,212.72277
249962,ev20-1-23,-753663011,6,1310.015141,212.174169
249963,ev20-1-23,-753662993,6,1314.640999,215.121333
249964,ev20-1-23,-753662978,6,1316.132221,214.317389
249965,ev20-1-23,-753662961,6,1318.532484,215.180746
249966,ev20-1-23,-753662944,6,1324.170152,212.469278
249967,ev20-1-23,-753662928,6,1325.278646,212.043124
249968,ev20-1-23,-753662911,6,1323.486138,215.1803
249969,ev20-1-23,-753662894,6,1310.001303,229.136059
249970,ev20-1-23,-753662877,6,1309.635117,226.932335
249971,ev20-1-23,-753662861,6,1302.47285,220.177564
249972,ev20-1-23,-753662844,6,1300.858754,221.466223
249973,ev20-1-23,-753662828,6,1301.340141,219.036534
249974,ev20-1-23,-753662811,6,1301.87779,206.637801
249975,ev20-1-23,-753662794,6,1302.330181,204.216436
249976,ev20-1-23,-753662777,6,1307.089112,203.324906
249977,ev20-1-23,-753662761,6,1310.132635,204.609773
249978,ev20-1-23,-753662744,6,1310.349341,204.767356
249979,ev20-1-23,-753662728,6,1312.036417,206.142507
249980,ev20-1-23,-753662711,6,1313.664493,207.1384
249981,ev20-1-23,-753662694,6,1315.925335,207.851642
249982,ev20-1-23,-753662677,6,1314.884877,207.694438
249983,ev20-1-23,-753662661,6,1315.37654,208.415926
249984,ev20-1-23,-753662644,6,1319.579882,208.985506
249985,ev20-1-23,-753662627,7,1322.195498,207.136782
249986,ev20-1-23,-753662611,7,1323.770831,205.671112
249987,ev20-1-23,-753662594,7,1318.601582,197.64199
249988,ev20-1-23,-753662577,7,1317.326386,195.590311
249989,ev20-1-23,-753662560,7,1316.32013,198.689792
249990,ev20-1-23,-753662544,7,1315.537934,197.693519
249991,ev20-1-23,-753662527,7,1315.473869,198.428077
249992,ev20-1-23,-753662511,7,1315.197009,200.006198
249993,ev20-1-23,-753662494,7,1313.325994,211.129055
249994,ev20-1-23,-753662477,7,1314.699979,213.092819
249995,ev20-1-23,-753662461,7,1317.722339,215.002541
249996,ev20-1-23,-753662444,7,1322.190865,214.779147
249997,ev20-1-23,-753662427,7,1322.98422,214.058864
249998,ev20-1-23,-753662411,7,1322.403317,213.567166
249999,ev20-1-23,-753662394,7,1330.591012,204.318949
250000,ev20-1-23,-753662377,7,1326.962398,208.036481
250001,ev20-1-23,-753662361,7,1326.755064,207.482519
250002,ev20-1-23,-753662344,7,1333.110102,200.49499
250003,ev20-1-23,-753662327,7,1333.209281,210.385735
250004,ev20-1-23,-753662311,7,1333.251748,209.390097
250005,ev20-1-23,-753662294,7,1332.181657,209.919686
250006,ev20-1-23,-753662275,7,1326.345057,205.139926
250007,ev20-1-23,-753662261,7,1326.345057,205.139926
250008,ev20-1-23,-753662244,7,1323.36152,203.652619
250009,ev20-1-23,-753662227,7,1323.536934,200.263162
250010,ev20-1-23,-753662211,7,1323.127313,192.664286
250011,ev20-1-23,-753662194,7,1326.28716,190.678117
250012,ev20-1-23,-753662177,7,1329.220015,190.299795
250013,ev20-1-23,-753662160,7,1327.316158,189.327795
250014,ev20-1-23,-753662143,7,1325.583824,189.197702
250015,ev20-1-23,-753662127,7,1322.837969,190.217263
250016,ev20-1-23,-753662110,7,1320.700921,192.443183
250017,ev20-1-23,-753662094,7,1316.823342,192.655148
250018,ev20-1-23,-753662077,7,1314.539249,193.45964
250019,ev20-1-23,-753662060,7,1315.240448,196.393849
250020,ev20-1-23,-753662044,7,1321.145082,201.043082
250021,ev20-1-23,-753662027,7,1322.324703,201.913264
250022,ev20-1-23,-753662010,7,1320.505193,200.600427
250023,ev20-1-23,-753661994,7,1318.065906,200.192595
250024,ev20-1-23,-753661977,7,1316.342274,201.602688
250025,ev20-1-23,-753661960,7,1317.481018,198.797621
250026,ev20-1-23,-753661944,7,1332.247763,196.461027
250027,ev20-1-23,-753661927,7,1328.387481,197.539791
250028,ev20-1-23,-753661910,7,1336.082409,199.013376
250029,ev20-1-23,-753661894,7,1332.958969,197.868125
250030,ev20-1-23,-753661877,7,1325.617762,213.077124
250031,ev20-1-23,-753661860,7,1327.190094,216.627203
250032,ev20-1-23,-753661844,7,1322.734899,223.791284
250033,ev20-1-23,-753661827,7,1319.503852,225.89841
250034,ev20-1-23,-753661810,7,1315.976967,213.222512
250035,ev20-1-23,-753661793,7,1314.410586,212.443529
250036,ev20-1-23,-753661777,7,1313.003938,211.928702
250037,ev20-1-23,-753661760,7,1317.12383,204.459919
250038,ev20-1-23,-753661744,7,1315.423996,209.52806
250039,ev20-1-23,-753661727,7,1320.995413,208.536964
250040,ev20-1-23,-753661710,7,1324.837029,208.835753
250041,ev20-1-23,-753661694,7,1321.267211,211.138316
250042,ev20-1-23,-753661677,7,1316.676661,213.015636
250043,ev20-1-23,-753661660,7,1314.048015,215.668769
250044,ev20-1-23,-753661643,7,1310.472915,217.024021
250045,ev20-1-23,-753661627,8,1311.210306,218.112063
250046,ev20-1-23,-753661609,8,1312.925784,216.756917
250047,ev20-1-23,-753661593,8,1321.210289,218.425021
250048,ev20-1-23,-753661576,8,1322.143166,217.583173
250049,ev20-1-23,-753661560,8,1324.441175,207.098782
250050,ev20-1-23,-753661544,8,1326.389461,199.941645
250051,ev20-1-23,-753661527,8,1327.53496,197.938185
250052,ev20-1-23,-753661510,8,1331.288643,198.8194
250053,ev20-1-23,-753661493,8,1326.690119,207.145702
250054,ev20-1-23,-753661477,8,1327.226035,208.499862
250055,ev20-1-23,-753661460,8,1320.266325,217.102988
250056,ev20-1-23,-753661443,8,1308.000242,228.349815
250057,ev20-1-23,-753661427,8,1307.288844,230.685064
250058,ev20-1-23,-753661410,8,1310.644073,222.125757
250059,ev20-1-23,-753661393,8,1311.385968,224.56171
250060,ev20-1-23,-753661377,8,1328.562936,202.452124
250061,ev20-1-23,-753661360,8,1328.562936,202.452124
250062,ev20-1-23,-753661343,8,1322.922294,207.048468
250063,ev20-1-23,-753661327,8,1319.510126,210.619818
250064,ev20-1-23,-753661309,8,1311.118484,215.572151
250065,ev20-1-23,-753661293,8,1310.274136,217.882196
250066,ev20-1-23,-753661275,8,1312.919475,216.805459
250067,ev20-1-23,-753661260,8,1299.870425,218.91605
250068,ev20-1-23,-753661243,8,1305.077299,205.220581
250069,ev20-1-23,-753661227,8,1308.10108,193.457201
250070,ev20-1-23,-753661210,8,1320.039927,193.742762
250071,ev20-1-23,-753661193,8,1311.61135,194.20944
250072,ev20-1-23,-753661177,8,1313.500627,189.235814
250073,ev20-1-23,-753661160,8,1318.858516,187.195009
250074,ev20-1-23,-753661143,8,1314.562413,191.249612
250075,ev20-1-23,-753661127,8,1312.853542,200.021302
250076,ev20-1-23,-753661110,8,1312.011091,204.958596
250077,ev20-1-23,-753661093,8,1313.049648,230.164037
250078,ev20-1-23,-753661077,8,1313.142121,233.763026
250079,ev20-1-23,-753661060,8,1311.443499,239.936878
250080,ev20-1-23,-753661043,8,1310.779245,237.831448
250081,ev20-1-23,-753661026,8,1313.440319,239.267514
250082,ev20-1-23,-753661010,8,1314.202252,234.812149
250083,ev20-1-23,-753660993,8,1312.936683,223.615916
250084,ev20-1-23,-753660976,8,1310.71852,220.830438
250085,ev20-1-23,-753660960,8,1308.18679,213.435973
250086,ev20-1-23,-753660943,8,1308.415737,212.797068
250087,ev20-1-23,-753660926,8,1309.413286,214.374009
250088,ev20-1-23,-753660910,8,1309.413286,214.374009
250089,ev20-1-23,-753660893,8,1313.819957,217.266413
250090,ev20-1-23,-753660876,8,1315.266499,219.814493
250091,ev20-1-23,-753660860,8,1315.8198,225.331103
250092,ev20-1-23,-753660843,8,1314.857449,232.619363
250093,ev20-1-23,-753660826,8,1313.165327,223.404565
250094,ev20-1-23,-753660810,8,1313.03632,222.86008
250095,ev20-1-23,-753660793,8,1304.913198,221.48842
250096,ev20-1-23,-753660776,8,1287.241722,225.947292
250097,ev20-1-23,-753660760,8,1287.241722,225.947292
250098,ev20-1-23,-753660742,8,1220.205132,270.744606
250099,ev20-1-23,-753660726,8,1157.695865,312.461751
250100,ev20-1-23,-753660710,8,1081.408645,380.875995
250101,ev20-1-23,-753660693,8,843.765305,579.489438
250102,ev20-1-23,-753660676,8,653.559384,729.022028
250103,ev20-1-23,-753660660,8,631.026527,746.745254
250104,ev20-1-23,-753660643,8,599.351651,772.138934
250105,ev20-1-23,-753660626,9,526.882026,827.168916
250106,ev20-1-23,-753660609,9,526.882026,827.168916
250107,ev20-1-23,-753660593,9,529.907281,824.228387
250108,ev20-1-23,-753660576,9,534.595838,829.645651
250109,ev20-1-23,-753660560,9,536.11652,829.870692
250110,ev20-1-23,-753660543,9,534.663926,834.496642
250111,ev20-1-23,-753660526,9,538.120681,835.299079
250112,ev20-1-23,-753660510,9,537.317134,833.549555
250113,ev20-1-23,-753660493,9,541.426028,835.338285
250114,ev20-1-23,-753660476,9,507.917177,819.923545
250115,ev20-1-23,-753660459,9,507.917177,819.923545
250116,ev20-1-23,-753660443,9,487.42842,816.773408
250117,ev20-1-23,-753660426,9,477.687554,824.508148
250118,ev20-1-23,-753660410,9,472.354639,825.395508
250119,ev20-1-23,-753660393,9,473.328225,822.007215
250120,ev20-1-23,-753660376,9,467.2282,820.514444
250121,ev20-1-23,-753660360,9,467.309917,819.049395
250122,ev20-1-23,-753660343,9,472.462375,819.767939
250123,ev20-1-23,-753660325,9,477.056179,815.097922
250124,ev20-1-23,-753660309,9,485.202273,805.301209
250125,ev20-1-23,-753660293,9,517.766518,778.762694
250126,ev20-1-23,-753660276,9,520.375069,783.834058
250127,ev20-1-23,-753660259,9,522.572955,782.692122
250128,ev20-1-23,-753660243,9,522.844648,783.05286
250129,ev20-1-23,-753660226,9,527.875772,781.317275
250130,ev20-1-23,-753660209,9,525.895752,780.751212
250131,ev20-1-23,-753660193,9,523.841095,781.852091
250132,ev20-1-23,-753660176,9,528.669513,786.854808
250133,ev20-1-23,-753660159,9,528.669513,786.854808
250134,ev20-1-23,-753660142,9,525.208119,787.472517
250135,ev20-1-23,-753660126,9,515.174372,793.220261
250136,ev20-1-23,-753660109,9,506.353468,792.422419
250137,ev20-1-23,-753660093,9,498.463815,791.152481
250138,ev20-1-23,-753660075,9,497.126674,793.272904
250139,ev20-1-23,-753660059,9,496.064658,797.123901
250140,ev20-1-23,-753660043,9,496.305474,800.449379
250141,ev20-1-23,-753660026,9,501.474963,811.674373
250142,ev20-1-23,-753660009,9,501.474963,811.674373
250143,ev20-1-23,-753659993,9,500.094924,811.204873
250144,ev20-1-23,-753659976,9,500.406565,811.525123
250145,ev20-1-23,-753659959,9,499.830293,805.80997
250146,ev20-1-23,-753659943,9,495.486257,796.917324
250147,ev20-1-23,-753659926,9,489.822444,789.992332
250148,ev20-1-23,-753659909,9,489.696974,790.31654
250149,ev20-1-23,-753659893,9,492.938007,787.856477
250150,ev20-1-23,-753659876,9,497.130054,790.827139
250151,ev20-1-23,-753659859,9,497.130054,790.827139
250152,ev20-1-23,-753659842,9,499.017002,790.725985
250153,ev20-1-23,-753659826,9,501.457587,793.485549
250154,ev20-1-23,-753659809,9,505.27964,787.960616
250155,ev20-1-23,-753659792,9,504.364256,790.607639
250156,ev20-1-23,-753659776,9,504.805467,781.710671
250157,ev20-1-23,-753659759,9,502.594971,781.715484
250158,ev20-1-23,-753659742,9,501.940177,781.17647
250159,ev20-1-23,-753659726,9,502.745313,777.942291
250160,ev20-1-23,-753659709,9,502.745313,777.942291
250161,ev20-1-23,-753659692,9,511.022686,775.411124
250162,ev20-1-23,-753659676,9,511.951361,774.113146
250163,ev20-1-23,-753659659,9,513.988588,774.644096
250164,ev20-1-23,-753659642,9,525.403884,779.934886
250165,ev20-1-23,-753659626,10,524.737256,775.242335
250166,ev20-1-23,-753659609,10,522.374223,778.313023
250167,ev20-1-23,-753659592,10,518.579501,783.367239
250168,ev20-1-23,-753659576,10,515.043767,782.410601
250169,ev20-1-23,-753659559,10,515.043767,782.410601
250170,ev20-1-23,-753659542,10,508.844677,776.938531
250171,ev20-1-23,-753659526,10,508.040509,768.288465
250172,ev20-1-23,-753659509,10,508.675383,765.39096
250173,ev20-1-23,-753659492,10,516.12761,778.40001
250174,ev20-1-23,-753659476,10,521.653278,792.833793
250175,ev20-1-23,-753659459,10,523.298189,796.592479
250176,ev20-1-23,-753659442,10,522.345904,793.170401
250177,ev20-1-23,-753659426,10,509.35921,766.09902
250178,ev20-1-23,-753659409,10,509.35921,766.09902
250179,ev20-1-23,-753659392,10,510.709864,764.681559
250180,ev20-1-23,-753659375,10,515.569175,759.127288
250181,ev20-1-23,-753659359,10,515.497912,757.774535
250182,ev20-1-23,-753659342,10,509.59757,760.810695
250183,ev20-1-23,-753659325,10,509.870827,760.729539
250184,ev20-1-23,-753659309,10,498.160516,746.067669
250185,ev20-1-23,-753659292,10,494.890943,736.524971
250186,ev20-1-23,-753659275,10,486.810618,713.9732
250187,ev20-1-23,-753659259,10,486.810618,713.9732
250188,ev20-1-23,-753659242,10,489.880669,714.777057
250189,ev20-1-23,-753659226,10,493.049695,722.556562
250190,ev20-1-23,-753659209,10,495.208856,728.119744
250191,ev20-1-23,-753659192,10,499.159418,737.188482
250192,ev20-1-23,-753659175,10,498.787067,741.114642
250193,ev20-1-23,-753659157,10,500.854012,741.724089
250194,ev20-1-23,-753659142,10,500.11252,754.119332
250195,ev20-1-23,-753659125,10,500.083953,757.741674
250196,ev20-1-23,-753659109,10,500.083953,757.741674
250197,ev20-1-23,-753659092,10,497.96187,756.405225
250198,ev20-1-23,-753659075,10,498.09419,754.249127
250199,ev20-1-23,-753659059,10,498.362336,746.881114
250200,ev20-1-23,-753659041,10,498.80655,735.375785
250201,ev20-1-23,-753659025,10,500.15649,733.237957
250202,ev20-1-23,-753659009,10,499.986545,732.374058
250203,ev20-1-23,-753658992,10,505.885298,741.110922
250204,ev20-1-23,-753658975,10,512.653329,750.358389
250205,ev20-1-23,-753658959,10,512.653329,750.358389
250206,ev20-1-23,-753658942,10,511.712887,751.758677
250207,ev20-1-23,-753658925,10,510.180519,750.365272
250208,ev20-1-23,-753658909,10,500.864107,747.867364
250209,ev20-1-23,-753658892,10,502.166417,748.873216
250210,ev20-1-23,-753658875,10,499.026986,746.78484
250211,ev20-1-23,-753658859,10,487.375237,735.512492
250212,ev20-1-23,-753658842,10,487.20148,736.702163
250213,ev20-1-23,-753658825,10,498.910442,734.319999
250214,ev20-1-23,-753658809,10,498.910442,734.319999
250215,ev20-1-23,-753658792,10,507.375871,744.291959
250216,ev20-1-23,-753658775,10,515.8446,765.196626
250217,ev20-1-23,-753658759,10,517.878806,764.185925
250218,ev20-1-23,-753658742,10,518.567536,763.419311
250219,ev20-1-23,-753658725,10,513.328005,744.943846
250220,ev20-1-23,-753658709,10,515.062506,753.260969
250221,ev20-1-23,-753658692,10,510.93999,743.215521
250222,ev20-1-23,-753658675,10,508.539109,741.488176
250223,ev20-1-23,-753658658,10,508.539109,741.488176
250224,ev20-1-23,-753658642,10,517.207781,745.660975
250225,ev20-1-23,-753658625,11,517.522576,757.656548
250226,ev20-1-23,-753658608,11,520.744023,759.339747
250227,ev20-1-23,-753658592,11,522.611238,758.986405
250228,ev20-1-23,-753658575,11,522.791543,748.160823
250229,ev20-1-23,-753658558,11,525.134644,756.397292
250230,ev20-1-23,-753658542,11,527.955897,753.841337
250231,ev20-1-23,-753658525,11,528.354152,753.41199
250232,ev20-1-23,-753658507,11,528.354152,753.41199
250233,ev20-1-23,-753658492,11,528.354152,753.41199
250234,ev20-1-23,-753658475,11,512.851296,734.614595
250235,ev20-1-23,-753658458,11,502.789759,735.92633
250236,ev20-1-23,-753658442,11,504.321086,740.922522
250237,ev20-1-23,-753658425,11,500.724407,737.678991
250238,ev20-1-23,-753658408,11,503.785538,736.59332
250239,ev20-1-23,-753658392,11,513.549235,741.711087
250240,ev20-1-23,-753658375,11,515.497146,749.077274
250241,ev20-1-23,-753658358,11,515.497146,749.077274
250242,ev20-1-23,-753658342,11,525.015613,746.259441
250243,ev20-1-23,-753658325,11,532.508786,740.922296
250244,ev20-1-23,-753658308,11,532.75981,739.287138
250245,ev20-1-23,-753658291,11,530.151579,741.504373
250246,ev20-1-23,-753658275,11,530.237807,741.765509
250247,ev20-1-23,-753658258,11,529.999552,741.148235
250248,ev20-1-23,-753658242,11,516.297096,749.015901
250249,ev20-1-23,-753658225,11,498.8238,760.109848
250250,ev20-1-23,-753658208,11,498.8238,760.109848
250251,ev20-1-23,-753658192,11,486.634401,754.950058
250252,ev20-1-23,-753658175,11,484.105659,755.244287
250253,ev20-1-23,-753658158,11,485.563902,755.433134
250254,ev20-1-23,-753658141,11,487.527552,743.48075
250255,ev20-1-23,-753658125,11,493.780887,741.077208
250256,ev20-1-23,-753658108,11,498.786776,738.660785
250257,ev20-1-23,-753658091,11,506.857596,761.002882
250258,ev20-1-23,-753658075,11,507.108871,761.241077
250259,ev20-1-23,-753658058,11,507.108871,761.241077
250260,ev20-1-23,-753658041,11,507.109017,764.866264
250261,ev20-1-23,-753658025,11,505.390802,771.525181
250262,ev20-1-23,-753658008,11,509.396124,774.79426
250263,ev20-1-23,-753657991,11,509.166163,773.710211
250264,ev20-1-23,-753657975,11,506.938359,770.45621
250265,ev20-1-23,-753657958,11,501.928613,772.27468
250266,ev20-1-23,-753657941,11,502.663805,770.036268
250267,ev20-1-23,-753657925,11,500.059696,768.832606
250268,ev20-1-23,-753657908,11,500.059696,768.832606
250269,ev20-1-23,-753657891,11,512.732828,766.892397
250270,ev20-1-23,-753657875,11,513.954139,759.124779
250271,ev20-1-23,-753657858,11,544.669744,768.560923
250272,ev20-1-23,-753657841,11,600.453591,769.513348
250273,ev20-1-23,-753657825,11,600.453591,769.513348
250274,ev20-1-23,-753657808,11,644.258771,769.721678
250275,ev20-1-23,-753657791,11,689.745689,763.815965
250276,ev20-1-23,-753657775,11,765.110918,756.902039
250277,ev20-1-23,-753657758,11,765.110918,756.902039
250278,ev20-1-23,-753657741,11,765.110918,756.902039
250279,ev20-1-23,-753657725,11,801.014197,789.013186
250280,ev20-1-23,-753657708,11,790.951779,790.85204
250281,ev20-1-23,-753657691,11,796.609314,789.9294
250282,ev20-1-23,-753657675,11,799.061791,787.08945
250283,ev20-1-23,-753657658,11,794.476583,781.320958
250284,ev20-1-23,-753657641,11,799.078691,768.238305
250285,ev20-1-23,-753657624,12,808.788278,764.986189
250286,ev20-1-23,-753657608,12,808.788278,764.986189
250287,ev20-1-23,-753657591,12,808.460607,759.769162
250288,ev20-1-23,-753657575,12,813.218386,760.743734
250289,ev20-1-23,-753657558,12,811.607072,758.696272
250290,ev20-1-23,-753657541,12,812.942256,760.863479
250291,ev20-1-23,-753657524,12,820.11354,770.755717
250292,ev20-1-23,-753657508,12,845.0225,774.565066
250293,ev20-1-23,-753657491,12,863.126258,768.720295
250294,ev20-1-23,-753657474,12,863.126258,768.720295
250295,ev20-1-23,-753657458,12,865.517452,767.63183
250296,ev20-1-23,-753657441,12,881.196899,761.665348
250297,ev20-1-23,-753657424,12,880.000281,753.592151
250298,ev20-1-23,-753657407,12,880.536107,756.756576
250299,ev20-1-23,-753657391,12,878.853326,756.789549
250300,ev20-1-23,-753657374,12,882.288472,753.023697
250301,ev20-1-23,-753657358,12,884.17116,754.995231
250302,ev20-1-23,-753657341,12,888.356392,757.923725
250303,ev20-1-23,-753657324,12,889.719335,758.56964
250304,ev20-1-23,-753657308,12,889.719335,758.56964
250305,ev20-1-23,-753657291,12,902.460512,766.346272
250306,ev20-1-23,-753657273,12,946.977268,776.556185
250307,ev20-1-23,-753657258,12,944.942161,782.31624
250308,ev20-1-23,-753657241,12,950.661955,779.537582
250309,ev20-1-23,-753657224,12,954.1965,779.041463
250310,ev20-1-23,-753657208,12,986.629618,779.174037
250311,ev20-1-23,-753657191,12,998.577506,773.539654
250312,ev20-1-23,-753657174,12,1007.170523,772.754873
250313,ev20-1-23,-753657158,12,1007.170523,772.754873
250314,ev20-1-23,-753657141,12,1006.591141,766.042553
250315,ev20-1-23,-753657124,12,1005.196908,761.661313
250316,ev20-1-23,-753657108,12,988.496369,769.266338
250317,ev20-1-23,-753657091,12,929.265781,751.449421
250318,ev20-1-23,-753657074,12,927.927872,763.732513
250319,ev20-1-23,-753657057,12,910.698208,761.000411
250320,ev20-1-23,-753657041,12,902.725622,761.49792
250321,ev20-1-23,-753657024,12,890.47108,772.897883
250322,ev20-1-23,-753657008,12,890.47108,772.897883
250323,ev20-1-23,-753656991,12,890.34699,771.694551
250324,ev20-1-23,-753656974,12,890.90267,763.805607
250325,ev20-1-23,-753656958,12,891.469443,764.003254
250326,ev20-1-23,-753656941,12,893.264163,747.366138
250327,ev20-1-23,-753656924,12,891.148032,750.556605
250328,ev20-1-23,-753656908,12,891.358519,750.394513
250329,ev20-1-23,-753656891,12,897.978908,758.8681
250330,ev20-1-23,-753656874,12,895.272112,751.955783
250331,ev20-1-23,-753656857,12,895.272112,751.955783
250332,ev20-1-23,-753656841,12,909.583858,754.83413
250333,ev20-1-23,-753656824,12,909.742204,752.818694
250334,ev20-1-23,-753656807,12,908.283586,754.385763
250335,ev20-1-23,-753656791,12,905.900344,753.142466
250336,ev20-1-23,-753656774,12,905.345444,754.427943
250337,ev20-1-23,-753656757,12,904.923144,755.580185
250338,ev20-1-23,-753656741,12,903.583169,758.908086
250339,ev20-1-23,-753656724,12,903.900488,758.078672
250340,ev20-1-23,-753656707,12,903.900488,758.078672
250341,ev20-1-23,-753656691,12,903.67604,759.866453
250342,ev20-1-23,-753656674,12,905.581084,762.512003
250343,ev20-1-23,-753656657,12,905.665646,760.642739
250344,ev20-1-23,-753656641,12,898.080553,753.718852
250345,ev20-1-23,-753656624,13,891.758021,738.875078
250346,ev20-1-23,-753656607,13,891.459573,737.041326
250347,ev20-1-23,-753656591,13,891.435948,739.654623
250348,ev20-1-23,-753656574,13,890.536695,748.440278
250349,ev20-1-23,-753656557,13,890.536695,748.440278
250350,ev20-1-23,-753656541,13,890.27986,753.030272
250351,ev20-1-23,-753656524,13,890.872822,749.709506
250352,ev20-1-23,-753656507,13,890.833874,749.604757
250353,ev20-1-23,-753656491,13,894.589839,740.238663
250354,ev20-1-23,-753656474,13,901.524414,732.897555
250355,ev20-1-23,-753656457,13,905.824089,727.667687
250356,ev20-1-23,-753656441,13,904.754635,731.790095
250357,ev20-1-23,-753656424,13,903.837772,731.83581
250358,ev20-1-23,-753656407,13,903.837772,731.83581
250359,ev20-1-23,-753656390,13,902.513443,721.088079
250360,ev20-1-23,-753656373,13,903.236347,717.81014
250361,ev20-1-23,-753656357,13,904.084867,719.323263
250362,ev20-1-23,-753656341,13,905.879847,719.842002
250363,ev20-1-23,-753656324,13,906.087227,719.538374
250364,ev20-1-23,-753656307,13,909.899714,724.14246
250365,ev20-1-23,-753656290,13,909.977148,728.907837
250366,ev20-1-23,-753656274,13,909.889958,731.137564
250367,ev20-1-23,-753656257,13,909.889958,731.137564
250368,ev20-1-23,-753656240,13,909.735148,731.069421
250369,ev20-1-23,-753656224,13,907.439635,730.924753
250370,ev20-1-23,-753656207,13,907.923328,735.130936
250371,ev20-1-23,-753656190,13,909.516037,746.072451
250372,ev20-1-23,-753656174,13,908.762218,747.023971
250373,ev20-1-23,-753656157,13,905.644436,745.310063
250374,ev20-1-23,-753656140,13,903.980107,741.634267
250375,ev20-1-23,-753656124,13,900.401359,734.536953
250376,ev20-1-23,-753656107,13,900.401359,734.536953
250377,ev20-1-23,-753656090,13,896.32809,731.375409
250378,ev20-1-23,-753656074,13,894.366934,732.904418
250379,ev20-1-23,-753656057,13,905.086732,735.309046
250380,ev20-1-23,-753656040,13,902.882955,728.007584
250381,ev20-1-23,-753656024,13,900.414188,729.375546
250382,ev20-1-23,-753656007,13,895.810228,737.47436
250383,ev20-1-23,-753655990,13,887.173067,735.78955
250384,ev20-1-23,-753655974,13,886.379185,735.072698
250385,ev20-1-23,-753655957,13,886.379185,735.072698
250386,ev20-1-23,-753655940,13,883.309343,713.316168
250387,ev20-1-23,-753655923,13,883.717192,710.839751
250388,ev20-1-23,-753655907,13,883.982224,710.351137
250389,ev20-1-23,-753655890,13,887.023855,711.288061
250390,ev20-1-23,-753655874,13,891.729352,717.97125
250391,ev20-1-23,-753655857,13,904.713907,730.166707
250392,ev20-1-23,-753655840,13,909.708951,729.802452
250393,ev20-1-23,-753655823,13,907.037365,730.349763
250394,ev20-1-23,-753655807,13,907.037365,730.349763
250395,ev20-1-23,-753655790,13,898.914291,717.26509
250396,ev20-1-23,-753655773,13,900.828382,725.116754
250397,ev20-1-23,-753655757,13,901.695011,723.527024
250398,ev20-1-23,-753655740,13,901.683849,724.095083
250399,ev20-1-23,-753655724,13,902.272619,726.478779
250400,ev20-1-23,-753655707,13,903.743358,745.106408
250401,ev20-1-23,-753655690,13,904.598387,741.191374
250402,ev20-1-23,-753655673,13,907.917714,748.337075
250403,ev20-1-23,-753655656,13,907.917714,748.337075
250404,ev20-1-23,-753655640,13,907.309021,748.87925
250405,ev20-1-23,-753655622,14,908.308358,736.760019
250406,ev20-1-23,-753655607,14,907.557526,733.441278
250407,ev20-1-23,-753655590,14,906.534806,731.287565
250408,ev20-1-23,-753655573,14,902.134675,730.524609
250409,ev20-1-23,-753655557,14,899.591742,732.319031
250410,ev20-1-23,-753655540,14,900.99886,729.075483
250411,ev20-1-23,-753655523,14,900.513747,727.87464
250412,ev20-1-23,-753655507,14,900.513747,727.87464
250413,ev20-1-23,-753655490,14,888.535533,728.757971
250414,ev20-1-23,-753655473,14,885.230863,729.792311
250415,ev20-1-23,-753655457,14,885.843197,730.19508
250416,ev20-1-23,-753655440,14,887.71102,735.459938
250417,ev20-1-23,-753655423,14,887.460445,738.792158
250418,ev20-1-23,-753655407,14,892.895746,741.975329
250419,ev20-1-23,-753655390,14,894.246453,735.76215
250420,ev20-1-23,-753655373,14,895.05479,739.077537
250421,ev20-1-23,-753655357,14,895.05479,739.077537
250422,ev20-1-23,-753655340,14,900.734785,735.514432
250423,ev20-1-23,-753655323,14,922.586784,739.257439
250424,ev20-1-23,-753655307,14,947.875438,740.723607
250425,ev20-1-23,-753655290,14,938.928551,740.220195
250426,ev20-1-23,-753655273,14,977.493426,737.87547
250427,ev20-1-23,-753655256,14,1004.422516,732.606838
250428,ev20-1-23,-753655240,14,1002.317982,734.34286
250429,ev20-1-23,-753655223,14,1002.543604,741.473891
250430,ev20-1-23,-753655207,14,1002.543604,741.473891
250431,ev20-1-23,-753655190,14,1003.301442,737.17711
250432,ev20-1-23,-753655173,14,1007.754123,737.135882
250433,ev20-1-23,-753655156,14,1001.574336,741.340617
250434,ev20-1-23,-753655140,14,1001.653551,742.288383
250435,ev20-1-23,-753655123,14,1001.398362,740.289926
250436,ev20-1-23,-753655106,14,1002.342391,738.13974
250437,ev20-1-23,-753655089,14,1002.731533,740.489354
250438,ev20-1-23,-753655073,14,1005.320075,737.167368
250439,ev20-1-23,-753655056,14,1005.320075,737.167368
250440,ev20-1-23,-753655039,14,1008.930576,737.478896
250441,ev20-1-23,-753655023,14,1007.322924,737.882033
250442,ev20-1-23,-753655006,14,1003.667932,740.213124
250443,ev20-1-23,-753654990,14,1004.215864,739.732497
250444,ev20-1-23,-753654973,14,1003.011562,730.521282
250445,ev20-1-23,-753654956,14,999.39601,719.53267
250446,ev20-1-23,-753654939,14,996.861097,723.558509
250447,ev20-1-23,-753654923,14,999.002523,727.928317
250448,ev20-1-23,-753654906,14,999.002523,727.928317
250449,ev20-1-23,-753654890,14,1004.834531,720.871496
250450,ev20-1-23,-753654872,14,1007.65014,721.943318
250451,ev20-1-23,-753654856,14,1009.307416,721.441847
250452,ev20-1-23,-753654840,14,1009.143444,726.684215
250453,ev20-1-23,-753654823,14,1091.593266,709.328107
250454,ev20-1-23,-753654806,14,1154.482523,702.26172
250455,ev20-1-23,-753654790,14,1159.365097,702.459296
250456,ev20-1-23,-753654773,14,1175.68388,721.721628
250457,ev20-1-23,-753654756,14,1175.68388,721.721628
250458,ev20-1-23,-753654740,14,1178.31436,705.471152
250459,ev20-1-23,-753654723,14,1179.306061,706.271203
250460,ev20-1-23,-753654706,14,1176.608687,713.59165
250461,ev20-1-23,-753654689,14,1175.752566,720.018617
250462,ev20-1-23,-753654673,14,1177.181712,718.958915
250463,ev20-1-23,-753654656,14,1165.624728,734.747036
250464,ev20-1-23,-753654639,14,1161.954493,741.640511
250465,ev20-1-23,-753654623,15,1169.845389,740.741037
250466,ev20-1-23,-753654606,15,1169.845389,740.741037
250467,ev20-1-23,-753654590,15,1172.007538,741.021727
250468,ev20-1-23,-753654573,15,1176.273508,736.081619
250469,ev20-1-23,-753654556,15,1185.66302,721.231946
250470,ev20-1-23,-753654539,15,1181.770265,720.118454
250471,ev20-1-23,-753654523,15,1181.467789,726.611673
250472,ev20-1-23,-753654506,15,1183.190795,721.942754
250473,ev20-1-23,-753654489,15,1185.058604,715.866717
250474,ev20-1-23,-753654473,15,1185.11427,715.962242
250475,ev20-1-23,-753654456,15,1185.11427,715.962242
250476,ev20-1-23,-753654439,15,1233.546991,723.06269
250477,ev20-1-23,-753654422,15,1239.286181,723.07036
250478,ev20-1-23,-753654406,15,1251.456462,726.125205
250479,ev20-1-23,-753654388,15,1259.503104,731.036111
250480,ev20-1-23,-753654372,15,1273.203012,737.692386
250481,ev20-1-23,-753654356,15,1305.489098,745.57704
250482,ev20-1-23,-753654339,15,1305.004884,745.473559
250483,ev20-1-23,-753654323,15,1308.104776,743.124169
250484,ev20-1-23,-753654306,15,1308.104776,743.124169
250485,ev20-1-23,-753654289,15,1312.551625,737.129281
250486,ev20-1-23,-753654273,15,1315.87371,734.387729
250487,ev20-1-23,-753654256,15,1316.16164,737.268008
250488,ev20-1-23,-753654239,15,1315.981434,742.004462
250489,ev20-1-23,-753654223,15,1320.935113,739.199904
250490,ev20-1-23,-753654206,15,1318.32793,732.984657
250491,ev20-1-23,-753654189,15,1314.328316,734.133287
250492,ev20-1-23,-753654173,15,1311.462213,732.901399
250493,ev20-1-23,-753654156,15,1311.462213,732.901399
250494,ev20-1-23,-753654139,15,1313.224116,729.369998
250495,ev20-1-23,-753654122,15,1314.623779,727.222995
250496,ev20-1-23,-753654106,15,1317.81311,717.072007
250497,ev20-1-23,-753654089,15,1317.932112,718.63952
250498,ev20-1-23,-753654073,15,1321.845308,709.820007
250499,ev20-1-23,-753654055,15,1322.615454,711.217945
250500,ev20-1-23,-753654039,15,1321.907105,713.12189
250501,ev20-1-23,-753654022,15,1317.364364,726.769721
250502,ev20-1-23,-753654006,15,1317.364364,726.769721
250503,ev20-1-23,-753653989,15,1311.457563,729.147878
250504,ev20-1-23,-753653972,15,1300.744269,720.478223
250505,ev20-1-23,-753653956,15,1300.47807,718.303964
250506,ev20-1-23,-753653939,15,1298.729864,703.413281
250507,ev20-1-23,-753653922,15,1293.499833,695.266573
250508,ev20-1-23,-753653906,15,1293.927192,692.444102
250509,ev20-1-23,-753653889,15,1297.026118,692.305525
250510,ev20-1-23,-753653872,15,1294.75622,694.46564
250511,ev20-1-23,-753653856,15,1294.75622,694.46564
250512,ev20-1-23,-753653839,15,1293.391457,694.584521
250513,ev20-1-23,-753653822,15,1294.367585,695.228589
250514,ev20-1-23,-753653805,15,1288.597039,713.350309
250515,ev20-1-23,-753653789,15,1288.09163,716.309072
250516,ev20-1-23,-753653772,15,1292.025743,710.450577
250517,ev20-1-23,-753653756,15,1291.880905,710.202135
250518,ev20-1-23,-753653739,15,1291.134327,710.225461
250519,ev20-1-23,-753653722,15,1290.934137,713.635168
250520,ev20-1-23,-753653706,15,1290.934137,713.635168
250521,ev20-1-23,-753653689,15,1292.451288,709.901131
250522,ev20-1-23,-753653672,15,1295.369306,708.402681
250523,ev20-1-23,-753653656,15,1294.935331,707.327391
250524,ev20-1-23,-753653639,15,1284.387602,702.044919
250525,ev20-1-23,-753653622,16,1283.342249,699.908358
250526,ev20-1-23,-753653606,16,1284.065357,706.782113
250527,ev20-1-23,-753653589,16,1283.639846,711.757798
250528,ev20-1-23,-753653572,16,1283.029995,717.207405
250529,ev20-1-23,-753653554,16,1283.029995,717.207405
250530,ev20-1-23,-753653539,16,1286.868045,747.853373
250531,ev20-1-23,-753653522,16,1290.383215,762.973783
250532,ev20-1-23,-753653505,16,1291.155699,761.231421
250533,ev20-1-23,-753653489,16,1301.641705,762.41692
250534,ev20-1-23,-753653472,16,1313.385301,768.396733
250535,ev20-1-23,-753653455,16,1331.723515,753.729211
250536,ev20-1-23,-753653439,16,1337.986044,745.265378
250537,ev20-1-23,-753653422,16,1340.659428,745.181874
250538,ev20-1-23,-753653405,16,1340.659428,745.181874
250539,ev20-1-23,-753653389,16,1339.702537,746.232614
250540,ev20-1-23,-753653372,16,1327.988056,773.435787
250541,ev20-1-23,-753653355,16,1327.990693,775.235879
250542,ev20-1-23,-753653339,16,1323.813686,766.571046
250543,ev20-1-23,-753653322,16,1314.576763,763.074721
250544,ev20-1-23,-753653305,16,1307.579505,759.781476
250545,ev20-1-23,-753653289,16,1298.956479,754.442997
250546,ev20-1-23,-753653272,16,1293.087183,749.616584
250547,ev20-1-23,-753653255,16,1293.087183,749.616584
250548,ev20-1-23,-753653239,16,1284.815484,748.257085
250549,ev20-1-23,-753653222,16,1286.354217,750.124106
250550,ev20-1-23,-753653205,16,1282.95579,767.662469
250551,ev20-1-23,-753653189,16,1287.417055,767.490374
250552,ev20-1-23,-753653172,16,1290.987471,769.913298
250553,ev20-1-23,-753653155,16,1283.174205,777.596882
250554,ev20-1-23,-753653139,16,1281.699101,774.486813
250555,ev20-1-23,-753653122,16,1279.5758,766.575878
250556,ev20-1-23,-753653105,16,1279.5758,766.575878
250557,ev20-1-23,-753653088,16,1283.322035,745.63136
250558,ev20-1-23,-753653072,16,1289.017186,737.077342
250559,ev20-1-23,-753653055,16,1284.768768,735.718668
250560,ev20-1-23,-753653039,16,1282.692771,744.14633
250561,ev20-1-23,-753653022,16,1283.314542,746.200543
250562,ev20-1-23,-753653005,16,1272.748583,772.296568
250563,ev20-1-23,-753652989,16,1272.218756,772.942257
250564,ev20-1-23,-753652972,16,1272.503556,775.858265
250565,ev20-1-23,-753652955,16,1272.503556,775.858265
250566,ev20-1-23,-753652939,16,1278.453677,770.773433
250567,ev20-1-23,-753652922,16,1275.265349,764.104775
250568,ev20-1-23,-753652905,16,1272.893234,762.753549
250569,ev20-1-23,-753652889,16,1269.509969,764.663866
250570,ev20-1-23,-753652872,16,1267.074765,766.006143
250571,ev20-1-23,-753652855,16,1266.574761,767.984255
250572,ev20-1-23,-753652838,16,1269.715234,771.284891
250573,ev20-1-23,-753652822,16,1272.405082,774.214548
250574,ev20-1-23,-753652805,16,1272.405082,774.214548
250575,ev20-1-23,-753652789,16,1277.212822,770.954676
250576,ev20-1-23,-753652772,16,1282.686913,767.193803
250577,ev20-1-23,-753652755,16,1283.163861,762.986365
250578,ev20-1-23,-753652738,16,1281.358393,757.737682
250579,ev20-1-23,-753652722,16,1275.722054,762.592113
250580,ev20-1-23,-753652705,16,1275.878226,774.877198
250581,ev20-1-23,-753652688,16,1277.326814,774.921961
250582,ev20-1-23,-753652672,16,1273.655448,782.618351
250583,ev20-1-23,-753652655,16,1273.655448,782.618351
250584,ev20-1-23,-753652638,16,1276.187184,774.762368
250585,ev20-1-23,-753652621,17,1277.594013,761.912959
250586,ev20-1-23,-753652605,17,1282.066928,760.389215
250587,ev20-1-23,-753652588,17,1284.329798,761.040285
250588,ev20-1-23,-753652571,17,1281.334349,771.867129
250589,ev20-1-23,-753652555,17,1281.738699,770.905966
250590,ev20-1-23,-753652538,17,1282.527824,769.958452
250591,ev20-1-23,-753652521,17,1284.014,774.235986
250592,ev20-1-23,-753652505,17,1284.014,774.235986
250593,ev20-1-23,-753652488,17,1278.83317,777.416507
250594,ev20-1-23,-753652471,17,1278.014811,777.394705
250595,ev20-1-23,-753652455,17,1271.853671,783.048337
250596,ev20-1-23,-753652438,17,1268.442268,782.682608
250597,ev20-1-23,-753652422,17,1278.838819,759.357053
250598,ev20-1-23,-753652405,17,1281.998372,741.821786
250599,ev20-1-23,-753652388,17,1281.16763,742.133862
250600,ev20-1-23,-753652372,17,1280.429268,740.179558
250601,ev20-1-23,-753652355,17,1280.429268,740.179558
250602,ev20-1-23,-753652338,17,1281.976083,734.861402
250603,ev20-1-23,-753652322,17,1281.073357,739.177877
250604,ev20-1-23,-753652305,17,1276.654332,750.01325
250605,ev20-1-23,-753652288,17,1278.994204,750.655383
250606,ev20-1-23,-753652271,17,1287.666316,746.793968
250607,ev20-1-23,-753652255,17,1285.762641,749.242952
250608,ev20-1-23,-753652238,17,1280.358633,758.588168
250609,ev20-1-23,-753652221,17,1277.254659,765.567044
250610,ev20-1-23,-753652205,17,1277.254659,765.567044
250611,ev20-1-23,-753652188,17,1274.283649,774.225899
250612,ev20-1-23,-753652171,17,1268.270414,779.281433
250613,ev20-1-23,-753652155,17,1267.688323,777.81385
250614,ev20-1-23,-753652138,17,1269.06447,770.425452
250615,ev20-1-23,-753652121,17,1274.100847,753.378617
250616,ev20-1-23,-753652104,17,1281.881475,760.900024
250617,ev20-1-23,-753652088,17,1283.386443,764.580355
250618,ev20-1-23,-753652071,17,1274.615224,770.916585
250619,ev20-1-23,-753652055,17,1274.615224,770.916585
250620,ev20-1-23,-753652038,17,1273.389412,772.576047
250621,ev20-1-23,-753652021,17,1273.774004,770.902918
250622,ev20-1-23,-753652005,17,1272.806927,768.696874
250623,ev20-1-23,-753651988,17,1272.052235,763.234525
250624,ev20-1-23,-753651971,17,1273.154902,765.007033
250625,ev20-1-23,-753651955,17,1270.275642,764.719205
250626,ev20-1-23,-753651938,17,1268.320532,764.30322
250627,ev20-1-23,-753651921,17,1262.079661,775.013275
250628,ev20-1-23,-753651904,17,1262.079661,775.013275
250629,ev20-1-23,-753651888,17,1255.713349,773.779059
250630,ev20-1-23,-753651871,17,1256.540393,774.597296
250631,ev20-1-23,-753651855,17,1254.010658,765.138254
250632,ev20-1-23,-753651838,17,1252.554138,772.559758
250633,ev20-1-23,-753651821,17,1256.070781,776.938313
250634,ev20-1-23,-753651804,17,1256.651049,777.60037
250635,ev20-1-23,-753651788,17,1258.66057,781.654742
250636,ev20-1-23,-753651771,17,1260.218989,783.553301
250637,ev20-1-23,-753651755,17,1260.218989,783.553301
250638,ev20-1-23,-753651738,17,1263.493495,786.489154
250639,ev20-1-23,-753651721,17,1265.822276,787.632436
250640,ev20-1-23,-753651705,17,1266.304362,788.095898
250641,ev20-1-23,-753651688,17,1268.003169,789.389406
250642,ev20-1-23,-753651671,17,1270.106946,787.295773
250643,ev20-1-23,-753651655,17,1275.255972,791.692096
250644,ev20-1-23,-753651638,17,1274.676138,791.912751
250645,ev20-1-23,-753651621,18,1272.332414,791.21887
250646,ev20-1-23,-753651605,18,1272.332414,791.21887
250647,ev20-1-23,-753651588,18,1262.11928,789.148734
250648,ev20-1-23,-753651571,18,1263.486308,784.511986
250649,ev20-1-23,-753651554,18,1260.604716,776.816785
250650,ev20-1-23,-753651538,18,1258.304178,772.278384
250651,ev20-1-23,-753651521,18,1257.405043,773.413182
250652,ev20-1-23,-753651503,18,1253.998209,785.608535
250653,ev20-1-23,-753651486,18,1251.774438,794.154188
250654,ev20-1-23,-753651471,18,1251.371147,795.364845
250655,ev20-1-23,-753651454,18,1251.371147,795.364845
250656,ev20-1-23,-753651438,18,1253.720057,787.359381
250657,ev20-1-23,-753651421,18,1253.997245,785.708274
250658,ev20-1-23,-753651404,18,1257.371332,789.157794
250659,ev20-1-23,-753651388,18,1261.102579,791.792292
250660,ev20-1-23,-753651371,18,1257.830695,796.58418
