,from,to,cost
0,1080012200,1080012100,1196
1,1080012200,1080012200,0
2,1080012800,1080012700,362
3,1080012800,1080012800,0
4,1080012800,1080012100,10
5,1080012800,1080011500,10
6,1080012700,1080012800,362
7,1080012700,1080012700,0
8,1080012700,1080013000,10
9,1080012700,1080011900,10
10,1080012700,1080012500,10
11,1080012100,1080012200,1196
12,1080012100,1080012800,10
13,1080012100,1080012100,0
14,1080012100,1080011500,10
15,1230024700,1230024800,1712
16,1230024700,1230024700,0
17,1230024700,1230028200,10
18,1230024700,1230027100,10
19,1230019500,1230019600,424
20,1230019500,1230019500,0
21,1230019500,1230024800,10
22,1230019500,1230022200,10
23,1230019500,1230019900,10
24,1230016300,1230016400,1749
25,1230016300,1230016300,0
26,1230016300,1230019600,10
27,1230016300,1230017300,10
28,1230014100,1230014200,3325
29,1230014100,1230014100,0
30,1230014100,1230016400,10
31,1230014100,1230002700,10
32,1230014100,1230003000,10
33,1230014200,1230014100,1918
34,1230014200,1230014200,0
35,1230014200,1230014600,10
36,1230014200,1230013200,10
37,1230014200,1230011300,10
38,1230016400,1230016300,480
39,1230016400,1230014100,10
40,1230016400,1230016400,0
41,1230016400,1230002700,10
42,1230016400,1230003000,10
43,1230019600,1230019500,1391
44,1230019600,1230016300,10
45,1230019600,1230019600,0
46,1230019600,1230017300,10
47,1230024800,1230024700,2186
48,1230024800,1230019500,10
49,1230024800,1230024800,0
50,1230024800,1230022200,10
51,1230024800,1230019900,10
52,1140033400,1140033300,1436
53,1140033400,1140033400,0
54,1140034800,1140034700,762
55,1140034800,1140034800,0
56,1140034800,1140033300,10
57,1140034800,1140030700,10
58,1140034800,1140036400,10
59,1150008900,1150008800,1088
60,1150008900,1150008900,0
61,1150008900,1140034700,10
62,1150009000,1150009100,1154
63,1150009000,1150009000,0
64,1150009000,1150008600,10
65,1150009000,1150009500,10
66,1150008800,1150008900,524
67,1150008800,1150009100,10
68,1150008800,1150008800,0
69,1150008800,1150008400,10
70,1150008800,1150009300,10
71,1140034700,1140034800,1391
72,1140034700,1150008900,10
73,1140034700,1140034700,0
74,1140033300,1140033400,1638
75,1140033300,1140034800,10
76,1140033300,1140033300,0
77,1140033300,1140030700,10
78,1140033300,1140036400,10
79,1150008400,1150008500,564
80,1150008400,1150009100,10
81,1150008400,1150008800,10
82,1150008400,1150008400,0
83,1150008400,1150009300,10
84,1150008500,1150008400,564
85,1150008500,1150008500,0
86,1150008500,1150008300,10
87,1180011300,1180011200,1863
88,1180011300,1180011300,0
89,1180011300,1180012900,10
90,1180011300,1180010200,10
91,1180011800,1180011900,755
92,1180011800,1180011800,0
93,1180011800,1180011200,10
94,1180011800,1180012700,10
95,1180011800,1180010600,10
96,1180010800,1180010900,848
97,1180010800,1180010800,0
98,1180010800,1180011900,10
99,1180010800,1180010400,10
100,1180010800,1180011700,10
101,1180009800,1180009900,1025
102,1180009800,1180009800,0
103,1180009800,1180010900,10
104,1180009800,1180011100,10
105,1180009800,1180009600,10
106,1160012500,1160012600,450
107,1160012500,1160012500,0
108,1160012500,1180009900,10
109,1160012500,1180007600,10
110,1160012500,1180010100,10
111,1160011700,1160011800,849
112,1160011700,1160011700,0
113,1160011700,1160012600,10
114,1160011700,1160014000,10
115,1160011700,1160011100,10
116,1160010500,1160010600,1421
117,1160010500,1160010500,0
118,1160010500,1160011800,10
119,1160010500,1160012000,10
120,1160010500,1160009300,10
121,1160008300,1160008400,959
122,1160008300,1160008300,0
123,1160008300,1160010600,10
124,1160008300,1160010800,10
125,1160008300,1160008900,10
126,2130004002,2130004002,0
127,2130004002,1170010900,10
128,1160007000,1160007000,0
129,1160007000,1160003700,10
130,1160007000,1160008200,10
131,1160008400,1160008300,735
132,1160008400,1160006900,10
133,1160008400,1160008400,0
134,1160011800,1160011700,1019
135,1160011800,1160010500,10
136,1160011800,1160011800,0
137,1160011800,1160012000,10
138,1160011800,1160009300,10
139,1160012600,1160012500,1271
140,1160012600,1160011700,10
141,1160012600,1160012600,0
142,1160012600,1160014000,10
143,1160012600,1160011100,10
144,1180009900,1180009800,429
145,1180009900,1160012500,10
146,1180009900,1180009900,0
147,1180009900,1180007600,10
148,1180009900,1180010100,10
149,1180010900,1180010800,288
150,1180010900,1180009800,10
151,1180010900,1180010900,0
152,1180010900,1180011100,10
153,1180010900,1180009600,10
154,1180011900,1180011800,1328
155,1180011900,1180010800,10
156,1180011900,1180011900,0
157,1180011900,1180010400,10
158,1180011900,1180011700,10
159,1180011200,1180011300,1571
160,1180011200,1180011800,10
161,1180011200,1180011200,0
162,1180011200,1180012700,10
163,1180011200,1180010600,10
164,1170010900,1170011000,380
165,1170010900,2130004002,10
166,1170010900,1170010900,0
167,1170010300,1170010400,434
168,1170010300,1170010300,0
169,1170010300,1170011000,10
170,1170009100,1170009200,880
171,1170009100,1170009100,0
172,1170009100,1170010400,10
173,1170006900,1170007000,1271
174,1170006900,1170006900,0
175,1170006900,1170009200,10
176,1170005700,1170005800,432
177,1170005700,1170005700,0
178,1170005700,1170007000,10
179,1170004100,1170004200,542
180,1170004100,1170004100,0
181,1170004100,1170005800,10
182,1170004200,1170004100,978
183,1170004200,1170004200,0
184,1170004200,1170003300,10
185,1170005800,1170005700,432
186,1170005800,1170004100,10
187,1170005800,1170005800,0
188,1170007000,1170006900,878
189,1170007000,1170005700,10
190,1170007000,1170007000,0
191,1170009200,1170009100,868
192,1170009200,1170006900,10
193,1170009200,1170009200,0
194,1170010400,1170010300,434
195,1170010400,1170009100,10
196,1170010400,1170010400,0
197,1170011000,1170010900,712
198,1170011000,1170010300,10
199,1170011000,1170011000,0
200,1170006800,1170006700,433
201,1170006800,1170006800,0
202,1170006800,1170005300,10
203,1170008800,1170008700,432
204,1170008800,1170008800,0
205,1170008800,1170006700,10
206,1170008800,3201510000,10
207,1170008800,3201509900,10
208,1170010200,1170010100,430
209,1170010200,1170010200,0
210,1170010200,1170008700,10
211,1170010800,1170010700,336
212,1170010800,1170010800,0
213,1170010800,1170010100,10
214,1170010700,1170010800,336
215,1170010700,1170010700,0
216,1170010100,1170010200,430
217,1170010100,1170010800,10
218,1170010100,1170010100,0
219,1170006700,1170006800,860
220,1170006700,1170008800,10
221,1170006700,1170006700,0
222,1170006700,3201510000,10
223,1170006700,3201509900,10
224,1170005300,1170005400,425
225,1170005300,1170006800,10
226,1170005300,1170005300,0
227,1170006000,1170005900,2781
228,1170006000,1170006000,0
229,1170006000,1170004700,10
230,1170006000,1170006600,10
231,1170007200,1170007100,3260
232,1170007200,1170007200,0
233,1170007200,1170005900,10
234,1170007200,1170007400,10
235,1170007200,1170005500,10
236,1170007100,1170007200,1513
237,1170007100,1170007100,0
238,1170007100,3201509600,10
239,1170007100,1160004000,10
240,1170005900,1170006000,437
241,1170005900,1170007200,10
242,1170005900,1170005900,0
243,1170005900,1170007400,10
244,1170005900,1170005500,10
245,1130029700,1130029800,343
246,1130029700,1130029700,0
247,1130029700,1110005000,10
248,1130029700,1110003900,10
249,1130029100,1130029200,274
250,1130029100,1130029100,0
251,1130029100,1130029800,10
252,1130029100,1130029300,10
253,1130029100,1130028100,10
254,1130029100,1130029400,10
255,1130027900,1130028000,1197
256,1130027900,1130027900,0
257,1130027900,1130029200,10
258,1130027900,3201507200,10
259,1130027900,1130028300,10
260,1130026900,1130027000,9999
261,1130026900,1130026900,0
262,1130026900,1130028000,10
263,1130026900,1130027300,10
264,1130027000,1130026900,1987
265,1130027000,1130027000,0
266,1130027000,1130006900,10
267,1130027000,1130007300,10
268,1130027000,1130023700,10
269,1130029200,1130029100,1207
270,1130029200,1130027900,10
271,1130029200,1130029200,0
272,1130029200,3201507200,10
273,1130029200,1130028300,10
274,1130029800,1130029700,862
275,1130029800,1130029100,10
276,1130029800,1130029800,0
277,1130029800,1130029300,10
278,1130029800,1130028100,10
279,1130029800,1130029400,10
280,1120036100,1120036200,397
281,1120036100,1120036100,0
282,1120036100,3201507400,10
283,1120010200,1120010100,1349
284,1120010200,1120010200,0
285,1120010200,1120009700,10
286,1120011600,1120011500,518
287,1120011600,1120011600,0
288,1120011600,1120010100,10
289,1120011600,1120011800,10
290,1120011600,1120009500,10
291,1120012600,1120012500,2200
292,1120012600,1120012600,0
293,1120012600,1120011500,10
294,1120012600,1120011300,10
295,1110004800,1110004700,689
296,1110004800,1110004800,0
297,1110004800,1120012500,10
298,1110007400,1110007300,595
299,1110007400,1110007400,0
300,1110007400,1110006500,10
301,1110007400,1110001000,10
302,1110007400,1110000700,10
303,1110007600,1110007500,1632
304,1110007600,1110007600,0
305,1110007600,1110007300,10
306,1110007600,1110007800,10
307,1110007600,3201507000,10
308,1110007500,1110007600,128
309,1110007500,1110007500,0
310,1110007300,1110007400,595
311,1110007300,1110007600,10
312,1110007300,1110007300,0
313,1110007300,1110007800,10
314,1110007300,3201507000,10
315,1110006500,1110006600,411
316,1110006500,1110007400,10
317,1110006500,1110006500,0
318,1110006500,1110001000,10
319,1110006500,1110000700,10
320,1120012500,1120012600,2107
321,1120012500,1110004800,10
322,1120012500,1120012500,0
323,1120011500,1120011600,518
324,1120011500,1120012600,10
325,1120011500,1120011500,0
326,1120011500,1120011300,10
327,1120010100,1120010200,119
328,1120010100,1120011600,10
329,1120010100,1120010100,0
330,1120010100,1120011800,10
331,1120010100,1120009500,10
332,1120009700,1120009800,1616
333,1120009700,1120010200,10
334,1120009700,1120009700,0
335,1110009400,1110009300,844
336,1110009400,1110009400,0
337,1110009400,1110008400,10
338,1110009400,1110007700,10
339,1110012000,1110011900,930
340,1110012000,1110012000,0
341,1110012000,1110009300,10
342,1110012000,1110010800,10
343,1110014200,1110014100,1709
344,1110014200,1110014200,0
345,1110014200,1110011900,10
346,1110014200,1110012900,10
347,1110014200,1110013400,10
348,1110014100,1110014200,4583
349,1110014100,1110014100,0
350,1110014100,1110002000,10
351,1110014100,1110001700,10
352,1110011900,1110012000,930
353,1110011900,1110014200,10
354,1110011900,1110011900,0
355,1110011900,1110012900,10
356,1110011900,1110013400,10
357,1110009300,1110009400,844
358,1110009300,1110012000,10
359,1110009300,1110009300,0
360,1110009300,1110010800,10
361,1210007700,1210007600,1530
362,1210007700,1210007700,0
363,1210007700,1210002800,10
364,1210007700,1210002500,10
365,1210007700,1210006800,10
366,1210008500,1210008400,1870
367,1210008500,1210008500,0
368,1210008500,1210007600,10
369,1210009500,1210009400,1331
370,1210009500,1210009500,0
371,1210009500,1210008400,10
372,1210010300,1210010200,1880
373,1210010300,1210010300,0
374,1210010300,1210009400,10
375,1210010300,1210010700,10
376,1210011300,1210011200,2359
377,1210011300,1210011300,0
378,1210011300,1210010200,10
379,1210011300,1210011500,10
380,1210011300,1210010000,10
381,1210013700,1210013600,1671
382,1210013700,1210013700,0
383,1210013700,1210011200,10
384,1210013700,3201503900,10
385,1210013700,3201504000,10
386,1220011900,1220011800,597
387,1220011900,1220011900,0
388,1220011900,1210013600,10
389,1220011900,1220010300,10
390,1220011900,1210015400,10
391,1220016300,1220016200,1066
392,1220016300,1220016300,0
393,1220016300,1220011800,10
394,1220016300,1220015500,10
395,1220016300,1210018200,10
396,1220021100,1220021000,1237
397,1220021100,1220021100,0
398,1220021100,1220016200,10
399,1220021100,1210020000,10
400,1220021100,1220019500,10
401,1220025100,1220025000,4294
402,1220025100,1220025100,0
403,1220025100,1220021000,10
404,1220025100,1210022200,10
405,1220025100,1220023400,10
406,1220027900,1220027800,2105
407,1220027900,1220027900,0
408,1220027900,1220025000,10
409,1220027900,1220027300,10
410,1220027900,1210025400,10
411,1220030700,1220030600,3119
412,1220030700,1220030700,0
413,1220030700,1220027800,10
414,1220030700,1210027600,10
415,1220030700,1220030500,10
416,1210030100,1210030100,0
417,1210030100,1220030600,10
418,1210030100,1210029400,10
419,1210030100,1220032700,10
420,1210006300,1210006300,0
421,1210030700,1210030600,1694
422,1210030700,1210030700,0
423,1210030700,1210006200,10
424,1210030700,1210005300,10
425,1210030700,1210006500,10
426,1210030600,1210030700,1948
427,1210030600,1210030600,0
428,1210030600,1020001600,10
429,1210030600,1020008600,10
430,1210006200,1210030700,10
431,1210006200,1210006200,0
432,1210006200,1210005300,10
433,1210006200,1210006500,10
434,1210030000,1210030000,0
435,1210030000,1210005100,10
436,1220030600,1220030700,1288
437,1220030600,1210030100,10
438,1220030600,1220030600,0
439,1220030600,1210029400,10
440,1220030600,1220032700,10
441,1220027800,1220027900,812
442,1220027800,1220030700,10
443,1220027800,1220027800,0
444,1220027800,1210027600,10
445,1220027800,1220030500,10
446,1220025000,1220025100,2519
447,1220025000,1220027900,10
448,1220025000,1220025000,0
449,1220025000,1220027300,10
450,1220025000,1210025400,10
451,1220021000,1220021100,1227
452,1220021000,1220025100,10
453,1220021000,1220021000,0
454,1220021000,1210022200,10
455,1220021000,1220023400,10
456,1220016200,1220016300,816
457,1220016200,1220021100,10
458,1220016200,1220016200,0
459,1220016200,1210020000,10
460,1220016200,1220019500,10
461,1220011800,1220011900,1260
462,1220011800,1220016300,10
463,1220011800,1220011800,0
464,1220011800,1220015500,10
465,1220011800,1210018200,10
466,1210013600,1210013700,849
467,1210013600,1220011900,10
468,1210013600,1210013600,0
469,1210013600,1220010300,10
470,1210013600,1210015400,10
471,1210011200,1210011300,639
472,1210011200,1210013700,10
473,1210011200,1210011200,0
474,1210011200,3201503900,10
475,1210011200,3201504000,10
476,1210010200,1210010300,669
477,1210010200,1210011300,10
478,1210010200,1210010200,0
479,1210010200,1210011500,10
480,1210010200,1210010000,10
481,1210009400,1210009500,1561
482,1210009400,1210010300,10
483,1210009400,1210009400,0
484,1210009400,1210010700,10
485,1210008400,1210008500,962
486,1210008400,1210009500,10
487,1210008400,1210008400,0
488,1210007600,1210007700,3851
489,1210007600,1210008500,10
490,1210007600,1210007600,0
491,1179910020,1179910020,0
492,1179910020,1179920110,10
493,1179910030,1179910030,0
494,1209910040,1209910040,0
495,1209910040,1179920090,10
496,1209910050,1209910050,0
497,1209910050,1179920100,10
498,1209910060,1209910060,0
499,1209910060,1209920050,10
500,1209910070,1209910070,0
501,1209910070,1209920060,10
502,1209910080,1209910080,0
503,1209910080,1209920070,10
504,1219910090,1219910090,0
505,1219910100,1219920020,4373
506,1219910100,1219910100,0
507,1219910100,1219920030,10
508,1219910110,1219920010,2469
509,1219910110,1219910110,0
510,1219910110,1219920020,10
511,1219920010,1219910110,12844
512,1219920010,1219920010,0
513,1219920020,1219910100,5073
514,1219920020,1219910110,10
515,1219920020,1219920020,0
516,1219920030,1219910100,10
517,1219920030,1219920030,0
518,1209920040,1209920040,0
519,1209920050,1209910060,10
520,1209920050,1209920050,0
521,1209920060,1209910070,10
522,1209920060,1209920060,0
523,1209920070,1209910080,10
524,1209920070,1209920070,0
525,1209920080,1209920080,0
526,1179920090,1209910040,10
527,1179920090,1179920090,0
528,1179920100,1209910050,10
529,1179920100,1179920100,0
530,1179920110,1179910010,12163
531,1179920110,1179910020,10
532,1179920110,1179920110,0
533,1230037000,1230037100,1222
534,1230037000,1230037000,0
535,1230037000,1040001100,10
536,1230037000,1040001600,10
537,1230037000,1040009500,10
538,1230035400,1230035400,0
539,1230035400,1230037100,10
540,1230035400,1230005100,10
541,1230035400,1230005400,10
542,1230035400,3201503000,10
543,1230035400,3201502900,10
544,1230034600,1230034600,0
545,1230034300,1230034200,747
546,1230034300,1230034300,0
547,1230034300,1230034700,10
548,1230034300,1230035100,10
549,1230034300,1230033200,10
550,1230034300,3201501900,10
551,1230035200,1230035300,229
552,1230035200,1230035200,0
553,1230035200,1230036100,10
554,1230035200,1230035000,10
555,1230035200,3201502400,10
556,1230034800,1230034900,229
557,1230034800,1230034800,0
558,1230034800,1230035300,10
559,1230032400,1230032500,526
560,1230032400,1230032400,0
561,1230032400,1230033900,10
562,1230032400,1230034100,10
563,1230031100,1230031200,1961
564,1230031100,1230031100,0
565,1230031100,1230032500,10
566,1230031100,1240006000,10
567,1230031100,1230028700,10
568,1230031200,1230031100,2199
569,1230031200,1230031200,0
570,1230031200,1230025300,10
571,1230031200,1230031800,10
572,1230033900,1230033800,2574
573,1230033900,1230032400,10
574,1230033900,1230033900,0
575,1230033900,1230034100,10
576,1230034900,1230034800,1475
577,1230034900,1230033800,10
578,1230034900,1230034900,0
579,1230034900,1230034200,10
580,1230035300,1230035200,1279
581,1230035300,1230034800,10
582,1230035300,1230035300,0
583,1230034200,1230034300,1615
584,1230034200,1230033800,10
585,1230034200,1230034900,10
586,1230034200,1230034200,0
587,1230035500,1230035500,0
588,1230037100,1230037000,3062
589,1230037100,1230035400,10
590,1230037100,1230037100,0
591,1230037100,1230005100,10
592,1230037100,1230005400,10
593,1230037100,3201503000,10
594,1230037100,3201502900,10
595,2210000500,2210000600,5251
596,2210000500,2210000500,0
597,1040002100,1040002200,3374
598,1040002100,1040002100,0
599,1040002100,1040004200,10
600,1040002100,1040011800,10
601,1040002100,1040013300,10
602,1040001500,1040001600,2906
603,1040001500,1040001500,0
604,1040001500,1040002200,10
605,1040001500,1240001500,10
606,1040001500,1040002000,10
607,1040001100,1040001200,1873
608,1040001100,1230037000,10
609,1040001100,1040001100,0
610,1040001100,1040001600,10
611,1040001100,1040009500,10
612,1040000500,1040000600,4515
613,1040000500,1040000500,0
614,1040000500,1040001200,10
615,1040000200,1040000100,4319
616,1040000200,1040000200,0
617,1040000200,1040000600,10
618,1040000200,1230004900,10
619,1040000200,1040000400,10
620,1040000800,1040000700,2605
621,1040000800,1040000800,0
622,1040000800,1040000100,10
623,1040000800,1040006300,10
624,1040000800,1220005000,10
625,1030000400,1030000300,2560
626,1030000400,1030000400,0
627,1030000400,1040000700,10
628,1030000400,1030000200,10
629,1030000400,1040001400,10
630,1030000400,1030000100,10
631,1030000400,1040008000,10
632,1030000400,1030003200,10
633,1030000400,1220005200,10
634,1030000600,1030000500,211
635,1030000600,1030000600,0
636,1030000600,1030000300,10
637,1030000600,1030003800,10
638,1030000800,1030000800,0
639,1030000800,1030000500,10
640,1030001000,1030001000,0
641,1030001100,1030001200,10953
642,1030001100,1030001100,0
643,1030001100,1030000900,10
644,1030001100,1030001400,10
645,1020000900,1020000900,0
646,1020000900,1030001200,10
647,1020000900,1220037000,10
648,1020000900,1030005800,10
649,1020000300,1020000400,4901
650,1020000300,1020000300,0
651,1020000300,1020001000,10
652,1020000300,1020005000,10
653,1020000300,1210028800,10
654,1020000200,1020000100,2385
655,1020000200,1020000200,0
656,1020000200,1020000400,10
657,1020000200,1020002800,10
658,1020000200,1210027800,10
659,1020000600,1020000500,2012
660,1020000600,1020000600,0
661,1020000600,1020000100,10
662,1020000600,1020003000,10
663,1020000800,1020000700,1979
664,1020000800,1020000800,0
665,1020000800,1020000500,10
666,1020001800,1020001700,4005
667,1020001800,1020001800,0
668,1020001800,1020001300,10
669,1020001800,1020010900,10
670,1130000400,1130000300,911
671,1130000400,1130000400,0
672,1130000400,1020001700,10
673,1130000400,1130000200,10
674,1130000400,1180002500,10
675,1130001400,1130001300,1083
676,1130001400,1130001400,0
677,1130001400,1130000700,10
678,1130001400,1180041000,10
679,1130001400,1130010400,10
680,1130001400,1130009800,10
681,1130001000,1130000900,5013
682,1130001000,1130001000,0
683,1130001000,1130001300,10
684,1130002400,1130002300,3739
685,1130002400,1130002400,0
686,1130002400,1130001900,10
687,1130002400,1130014400,10
688,1130003400,1130003300,844
689,1130003400,1130003400,0
690,1130003400,1130002300,10
691,1130004400,1130004300,3085
692,1130004400,1130004400,0
693,1130004400,1130003300,10
694,1130004400,1130004200,10
695,1130004400,1180005400,10
696,1130005800,1130005800,0
697,1130005800,1130005700,10
698,1130005800,1130004300,10
699,1130005800,1130005300,10
700,1130007000,1130007000,0
701,1130006900,1130027000,10
702,1130006900,1130006900,0
703,1130006900,1130007300,10
704,1130006900,1130023700,10
705,1130005700,1130005700,0
706,1130005700,1130005800,10
707,1130005700,1130005700,0
708,1130005700,1130004300,10
709,1130005700,1130005300,10
710,1130004300,1130004400,4171
711,1130004300,1130005800,10
712,1130004300,1130005700,10
713,1130004300,1130004300,0
714,1130004300,1130005300,10
715,1130003300,1130003400,2861
716,1130003300,1130004400,10
717,1130003300,1130003300,0
718,1130003300,1130004200,10
719,1130003300,1180005400,10
720,1130002300,1130002400,3413
721,1130002300,1130003400,10
722,1130002300,1130002300,0
723,1130000900,1130001000,3712
724,1130000900,1130002000,10
725,1130000900,1130000900,0
726,1130000900,1180003700,10
727,1130000900,1130001600,10
728,1130001300,1130001400,1187
729,1130001300,1130001000,10
730,1130001300,1130001300,0
731,1130000700,1130000800,1827
732,1130000700,1130001400,10
733,1130000700,1130000700,0
734,1130000700,1180041000,10
735,1130000700,1130010400,10
736,1130000700,1130009800,10
737,1130000300,1130000400,4670
738,1130000300,1130000800,10
739,1130000300,1130000300,0
740,1130000300,1130007900,10
741,1020001700,1020001800,3446
742,1020001700,1130000400,10
743,1020001700,1020001700,0
744,1020001700,1130000200,10
745,1020001700,1180002500,10
746,1020001300,1020001800,10
747,1020001300,1020001300,0
748,1020001300,1020010900,10
749,1020001100,1020001100,0
750,1020001100,1020001200,10
751,1020001100,1020001100,0
752,1020001100,1020000700,10
753,1020000700,1020000800,3002
754,1020000700,1020001200,10
755,1020000700,1020001100,10
756,1020000700,1020000700,0
757,1020000500,1020000600,4062
758,1020000500,1020000800,10
759,1020000500,1020000500,0
760,1020000100,1020000200,2698
761,1020000100,1020000600,10
762,1020000100,1020000100,0
763,1020000100,1020003000,10
764,1020000400,1020000300,7885
765,1020000400,1020000200,10
766,1020000400,1020000400,0
767,1020000400,1020002800,10
768,1020000400,1210027800,10
769,1020001000,1020000300,10
770,1020001000,1020001000,0
771,1020001000,1020005000,10
772,1020001000,1210028800,10
773,1030001200,1030001100,9817
774,1030001200,1020000900,10
775,1030001200,1030001200,0
776,1030001200,1220037000,10
777,1030001200,1030005800,10
778,1030000900,1030001100,10
779,1030000900,1030000900,0
780,1030000900,1030001400,10
781,1030000700,1030000700,0
782,1030000700,1030006400,10
783,1030000700,1220037200,10
784,1030000500,1030000600,14045
785,1030000500,1030000800,10
786,1030000500,1030000500,0
787,1030000300,1030000400,3564
788,1030000300,1030000600,10
789,1030000300,1030000300,0
790,1030000300,1030003800,10
791,1040000700,1040000800,1754
792,1040000700,1030000400,10
793,1040000700,1040000700,0
794,1040000700,1030000200,10
795,1040000700,1040001400,10
796,1040000700,1030000100,10
797,1040000700,1040008000,10
798,1040000700,1030003200,10
799,1040000700,1220005200,10
800,1040000100,1040000200,6547
801,1040000100,1040000800,10
802,1040000100,1040000100,0
803,1040000100,1040006300,10
804,1040000100,1220005000,10
805,1040000600,1040000500,8380
806,1040000600,1040000200,10
807,1040000600,1040000600,0
808,1040000600,1230004900,10
809,1040000600,1040000400,10
810,1040001200,1040001100,3994
811,1040001200,1040000500,10
812,1040001200,1040001200,0
813,1040001600,1040001500,3908
814,1040001600,1230037000,10
815,1040001600,1040001100,10
816,1040001600,1040001600,0
817,1040001600,1040009500,10
818,1040002200,1040002100,3865
819,1040002200,1040001500,10
820,1040002200,1040002200,0
821,1040002200,1240001500,10
822,1040002200,1040002000,10
823,1040004200,1040004100,5459
824,1040004200,1040002100,10
825,1040004200,1040004200,0
826,1040004200,1040011800,10
827,1040004200,1040013300,10
828,2210000600,2210000500,8415
829,2210000600,1040004100,10
830,2210000600,2210000600,0
831,1040008300,1040008200,961
832,1040008300,1040008300,0
833,1040008300,1040007000,10
834,1040008300,1040008900,10
835,1040009200,1040009300,870
836,1040009200,1040009200,0
837,1040009200,1040008400,10
838,1040009200,1040009900,10
839,1040008200,1040008300,618
840,1040008200,1040009300,10
841,1040008200,1040008200,0
842,1040008200,1040007600,10
843,1040007100,1040007000,668
844,1040007100,1040007100,0
845,1040007100,1040007700,10
846,1040007100,1040006400,10
847,1040007000,1040007100,505
848,1040007000,1040008300,10
849,1040007000,1040007000,0
850,1040007000,1040008900,10
851,1150019800,1150019900,7314
852,1150019800,1150019800,0
853,1150019800,1150004600,10
854,1150019800,1150003100,10
855,1150018600,1150018700,1047
856,1150018600,1150018600,0
857,1150018600,1150019900,10
858,1150018600,1150018400,10
859,1150017000,1150017100,607
860,1150017000,1150017000,0
861,1150017000,1150018700,10
862,1150017000,1150003400,10
863,1150017000,1150002900,10
864,1150014200,1150014300,820
865,1150014200,1150014200,0
866,1150014200,1150017100,10
867,1150012400,1150012500,1106
868,1150012400,1150012400,0
869,1150012400,1150014300,10
870,1150012400,1150001700,10
871,1150012400,1150002000,10
872,1150011200,1150011300,783
873,1150011200,1150011200,0
874,1150011200,1150012500,10
875,1150011200,1150011600,10
876,1150010200,1150010300,826
877,1150010200,1150010200,0
878,1150010200,1150011300,10
879,1150009600,1150009700,185
880,1150009600,1150009600,0
881,1150009600,1150010300,10
882,1150009600,1150010100,10
883,1150009600,1140038100,10
884,1150009400,1150009500,204
885,1150009400,1150009400,0
886,1150009400,1150009700,10
887,1150009400,1150009200,10
888,1150009400,1150010500,10
889,1150008600,1150008700,651
890,1150008600,1150009000,10
891,1150008600,1150008600,0
892,1150008600,1150009500,10
893,1150008000,1150008100,364
894,1150008000,1150008000,0
895,1150008000,1150008700,10
896,1150008000,1150008200,10
897,1140026300,1140026400,2784
898,1140026300,1140026300,0
899,1140026300,1150008100,10
900,1140026300,1150007900,10
901,1140026300,1150007400,10
902,1140026400,1140026300,336
903,1140026400,1140026400,0
904,1140026400,1140041400,10
905,1140026400,1140022100,10
906,1140026400,1140020700,10
907,1150008100,1150008000,364
908,1150008100,1140026300,10
909,1150008100,1150008100,0
910,1150008100,1150007900,10
911,1150008100,1150007400,10
912,1150008700,1150008600,651
913,1150008700,1150008000,10
914,1150008700,1150008700,0
915,1150008700,1150008200,10
916,1150009700,1150009600,185
917,1150009700,1150009400,10
918,1150009700,1150009700,0
919,1150009700,1150009200,10
920,1150009700,1150010500,10
921,1150010300,1150010200,826
922,1150010300,1150009600,10
923,1150010300,1150010300,0
924,1150010300,1150010100,10
925,1150010300,1140038100,10
926,1150011300,1150011200,783
927,1150011300,1150010200,10
928,1150011300,1150011300,0
929,1150012500,1150012400,871
930,1150012500,1150011200,10
931,1150012500,1150012500,0
932,1150012500,1150011600,10
933,1150014300,1150014200,550
934,1150014300,1150012400,10
935,1150014300,1150014300,0
936,1150014300,1150001700,10
937,1150014300,1150002000,10
938,1150017100,1150017000,1060
939,1150017100,1150014200,10
940,1150017100,1150017100,0
941,1150018700,1150018600,293
942,1150018700,1150017000,10
943,1150018700,1150018700,0
944,1150018700,1150003400,10
945,1150018700,1150002900,10
946,1150019900,1150019800,375
947,1150019900,1150018600,10
948,1150019900,1150019900,0
949,1150019900,1150018400,10
950,1150008300,1150008200,579
951,1150008300,1150008500,10
952,1150008300,1150008300,0
953,1150008200,1150008300,579
954,1150008200,1150008000,10
955,1150008200,1150008700,10
956,1150008200,1150008200,0
957,1150009200,1150009300,581
958,1150009200,1150009400,10
959,1150009200,1150009700,10
960,1150009200,1150009200,0
961,1150009200,1150010500,10
962,1150009300,1150009200,581
963,1150009300,1150009100,10
964,1150009300,1150008800,10
965,1150009300,1150008400,10
966,1150009300,1150009300,0
967,1160011300,1160011400,2289
968,1160011300,1160011300,0
969,1160011300,1160001600,10
970,1160011300,1160001800,10
971,3201506800,3201506900,2045
972,3201506800,3201506800,0
973,3201506800,1160011400,10
974,3201506800,1160009500,10
975,3201506800,1160011000,10
976,3201504700,3201504600,683
977,3201504700,3201504700,0
978,3201506900,3201506800,613
979,3201506900,3201504600,10
980,3201506900,3201506900,0
981,1160011400,1160011300,1870
982,1160011400,3201506800,10
983,1160011400,1160011400,0
984,1160011400,1160009500,10
985,1160011400,1160011000,10
986,1220020500,1220020400,873
987,1220020500,1220020500,0
988,1220020500,1220017400,10
989,1220018600,1220018700,329
990,1220018600,1220018600,0
991,1220018600,1220020400,10
992,1220018600,1220017800,10
993,1220017200,1220017300,1555
994,1220017200,1220017200,0
995,1220017200,1220018700,10
996,1220015600,1220015700,1611
997,1220015600,1220015600,0
998,1220015600,1220017300,10
999,1220015600,1220001100,10
1000,1220015600,1220001600,10
1001,1220013600,1220013700,278
1002,1220013600,1220013600,0
1003,1220013600,1220015700,10
1004,1220012000,1220012100,894
1005,1220012000,1220012000,0
1006,1220012000,1220013700,10
1007,1220012000,1220012600,10
1008,1220012000,1220015100,10
1009,1220008200,1220008300,1034
1010,1220008200,1220008200,0
1011,1220008200,1220012100,10
1012,1220008200,1220008600,10
1013,1220008200,1220011100,10
1014,1220007000,1220007100,3819
1015,1220007000,1220007000,0
1016,1220007000,1220008300,10
1017,1220007000,1220006800,10
1018,1220007000,1220008500,10
1019,1220007100,1220007000,1381
1020,1220007100,1220007100,0
1021,1220007100,1220006400,10
1022,1220007100,1220007300,10
1023,1220007100,1210010600,10
1024,1220008300,1220008200,565
1025,1220008300,1220007000,10
1026,1220008300,1220008300,0
1027,1220008300,1220006800,10
1028,1220008300,1220008500,10
1029,1220012100,1220012000,894
1030,1220012100,1220008200,10
1031,1220012100,1220012100,0
1032,1220012100,1220008600,10
1033,1220012100,1220011100,10
1034,1220013700,1220013600,997
1035,1220013700,1220012000,10
1036,1220013700,1220013700,0
1037,1220013700,1220012600,10
1038,1220013700,1220015100,10
1039,1220015700,1220015600,1629
1040,1220015700,1220013600,10
1041,1220015700,1220015700,0
1042,1220017300,1220017200,343
1043,1220017300,1220015600,10
1044,1220017300,1220017300,0
1045,1220017300,1220001100,10
1046,1220017300,1220001600,10
1047,1220018700,1220018600,329
1048,1220018700,1220017200,10
1049,1220018700,1220018700,0
1050,1220020400,1220020500,873
1051,1220020400,1220018600,10
1052,1220020400,1220020400,0
1053,1220020400,1220017800,10
1054,1150016700,1150016600,1803
1055,1150016700,1150016700,0
1056,1150016700,1150014600,10
1057,1150016700,1150012600,10
1058,1150016700,1150015900,10
1059,1150016700,1150014900,10
1060,1150019300,1150019200,2133
1061,1150019300,1150019300,0
1062,1150019300,1150016600,10
1063,1150019300,1150018200,10
1064,1150004200,1150004100,2119
1065,1150004200,1150004200,0
1066,1150004200,1150019200,10
1067,1150004200,1150003600,10
1068,1150005000,1150004900,1082
1069,1150005000,1150005000,0
1070,1150005000,1150004100,10
1071,1150005000,1150004800,10
1072,1150006800,1150006700,405
1073,1150006800,1150006800,0
1074,1150006800,1150004900,10
1075,1150007300,1150007200,5401
1076,1150007300,1150007300,0
1077,1150007300,1150006700,10
1078,1150007300,1150007000,10
1079,1150007300,1150006500,10
1080,2180002201,2180002102,2040
1081,2180002201,2180002201,0
1082,2180002201,1150007200,10
1083,1150007200,1150007300,5883
1084,1150007200,2180002201,10
1085,1150007200,1150007200,0
1086,1150006700,1150006800,6187
1087,1150006700,1150007300,10
1088,1150006700,1150006700,0
1089,1150006700,1150007000,10
1090,1150006700,1150006500,10
1091,1150004900,1150005000,1557
1092,1150004900,1150006800,10
1093,1150004900,1150004900,0
1094,1150004100,1150004200,5646
1095,1150004100,1150005000,10
1096,1150004100,1150004100,0
1097,1150004100,1150004800,10
1098,1150019200,1150019300,1637
1099,1150019200,1150004200,10
1100,1150019200,1150019200,0
1101,1150019200,1150003600,10
1102,1150016600,1150016700,1790
1103,1150016600,1150019300,10
1104,1150016600,1150016600,0
1105,1150016600,1150018200,10
1106,1230011000,1230010900,1418
1107,1230011000,1230011000,0
1108,1230011000,1230008900,10
1109,1230011000,1230010600,10
1110,1230011000,1230009600,10
1111,1230014000,1230013900,1542
1112,1230014000,1230014000,0
1113,1230014000,1230010900,10
1114,1230014000,1230013800,10
1115,1230014000,1230011100,10
1116,1230013900,1230014000,423
1117,1230013900,1230013900,0
1118,1230013900,1230012600,10
1119,1230010900,1230011000,594
1120,1230010900,1230014000,10
1121,1230010900,1230010900,0
1122,1230010900,1230013800,10
1123,1230010900,1230011100,10
1124,1120010700,1120010800,1450
1125,1120010700,1120010700,0
1126,1120010700,1110000400,10
1127,1120010700,1110000100,10
1128,1120008100,1120008200,825
1129,1120008100,1120008100,0
1130,1120008100,1120010800,10
1131,1120008100,1120012000,10
1132,1120008100,1120008700,10
1133,1120009200,1120009100,442
1134,1120009200,1120036200,10
1135,1120009200,1120009200,0
1136,1120009200,1120008200,10
1137,1120009200,1120007700,10
1138,1120011400,1120011300,671
1139,1120011400,1120011400,0
1140,1120011400,1120009100,10
1141,1120011400,1120011200,10
1142,1120011400,1120009900,10
1143,1120011300,1120011400,671
1144,1120011300,1120012600,10
1145,1120011300,1120011500,10
1146,1120011300,1120011300,0
1147,1120009100,1120009200,442
1148,1120009100,1120011400,10
1149,1120009100,1120009100,0
1150,1120009100,1120011200,10
1151,1120009100,1120009900,10
1152,1120008200,1120008100,1824
1153,1120008200,1120036200,10
1154,1120008200,1120009200,10
1155,1120008200,1120008200,0
1156,1120008200,1120007700,10
1157,1120010800,1120010700,451
1158,1120010800,1120008100,10
1159,1120010800,1120010800,0
1160,1120010800,1120012000,10
1161,1120010800,1120008700,10
1162,1050014400,1050014300,1076
1163,1050014400,1050014400,0
1164,1050014400,1050016200,10
1165,1050014400,1050012900,10
1166,1060009100,1060009200,1757
1167,1060009100,1060009100,0
1168,1060009100,1060010800,10
1169,1060009100,1060011200,10
1170,1060009800,1060009700,333
1171,1060009800,1060009800,0
1172,1060009800,1060009300,10
1173,1060009800,1060010600,10
1174,1060009800,1060008700,10
1175,1060010200,1060010100,568
1176,1060010200,1060010200,0
1177,1060010200,1060009700,10
1178,1060010200,1060008900,10
1179,1060010200,1060011000,10
1180,1060010400,1060010300,361
1181,1060010400,1060010400,0
1182,1060010400,1060010100,10
1183,1060010400,1060011400,10
1184,1060010400,1060009500,10
1185,1060010300,1060010400,361
1186,1060010300,1060010300,0
1187,1060010300,1060009900,10
1188,1060010300,1060012000,10
1189,1060010100,1060010200,568
1190,1060010100,1060010400,10
1191,1060010100,1060010100,0
1192,1060010100,1060011400,10
1193,1060010100,1060009500,10
1194,1060009700,1060009800,333
1195,1060009700,1060010200,10
1196,1060009700,1060009700,0
1197,1060009700,1060008900,10
1198,1060009700,1060011000,10
1199,1060009300,1060009400,1187
1200,1060009300,1060009800,10
1201,1060009300,1060009300,0
1202,1060009300,1060010600,10
1203,1060009300,1060008700,10
1204,1060009200,1060009100,864
1205,1060009200,1060009400,10
1206,1060009200,1060009200,0
1207,1060009200,1060000800,10
1208,1060009200,1060000500,10
1209,1050014300,1050014400,383
1210,1050014300,1050014300,0
1211,1050014300,1050013300,10
1212,1210005100,1210030000,10
1213,1210005100,1210005100,0
1214,1210004700,1210004700,0
1215,1210004100,1210004100,0
1216,1210003900,1210003900,0
1217,1210003000,1210002900,3208
1218,1210003000,1210003000,0
1219,1210003000,1210004000,10
1220,1210001900,1210001900,0
1221,1210001900,1210002900,10
1222,1210002000,1210002000,0
1223,1210002900,1210003000,5449
1224,1210002900,1210001900,10
1225,1210002900,1210002900,0
1226,1210004000,1210003000,10
1227,1210004000,1210004000,0
1228,1210004200,1210004200,0
1229,1210005200,1210005200,0
1230,1160000200,1160000100,163
1231,1160000200,1160000200,0
1232,1160000400,1160000300,792
1233,1160000400,1160000400,0
1234,1160000400,1160000100,10
1235,1160000600,1160000500,660
1236,1160000600,1160000600,0
1237,1160000600,1160000300,10
1238,1160000800,1160000700,465
1239,1160000800,1160000800,0
1240,1160000800,1160000500,10
1241,1160000800,1160010100,10
1242,1160001000,1160000900,118
1243,1160001000,1160001000,0
1244,1160001000,1160000700,10
1245,1160001000,1160007900,10
1246,1160001400,1160001300,1291
1247,1160001400,1160001400,0
1248,1160001400,1160000900,10
1249,1160001400,1160013200,10
1250,1160001700,1160001800,2160
1251,1160001700,1160001700,0
1252,1160001700,1160001300,10
1253,1160001700,1160010900,10
1254,1160001700,1160013400,10
1255,1160001600,1160001500,1577
1256,1160001600,1160011300,10
1257,1160001600,1160001600,0
1258,1160001600,1160001800,10
1259,1160002200,1160002100,2042
1260,1160002200,1160002200,0
1261,1160002200,1160001500,10
1262,1160002200,1160014200,10
1263,1160001900,1160002000,3562
1264,1160001900,1160001900,0
1265,1160001900,1160002100,10
1266,1160001900,1160054500,10
1267,1160001900,1160015800,10
1268,1160002400,1160002300,1988
1269,1160002400,1160002400,0
1270,1160002400,1160002000,10
1271,1160002400,1160002600,10
1272,1160002400,1160001100,10
1273,1160002800,1160002700,1956
1274,1160002800,1160002800,0
1275,1160002800,1160002300,10
1276,1160002800,1160016000,10
1277,1160002800,1160014700,10
1278,1180000200,1180000100,1394
1279,1180000200,1180000200,0
1280,1180000200,1160002900,10
1281,1180000200,1180014900,10
1282,1180000200,1180014800,10
1283,1180000200,1180013600,10
1284,1180000400,1180000300,1876
1285,1180000400,1180000400,0
1286,1180000400,1180000100,10
1287,1180000800,1180000700,2440
1288,1180000800,1180000800,0
1289,1180000800,1180000300,10
1290,1180000800,1180014400,10
1291,1180000800,1180015300,10
1292,1180001000,1180000900,1637
1293,1180001000,1180001000,0
1294,1180001000,1180000700,10
1295,1180001000,1180018100,10
1296,1180001600,1180001500,2292
1297,1180001600,1180001600,0
1298,1180001600,1180001100,10
1299,1180001600,1190007100,10
1300,1180001600,1180025900,10
1301,1180001500,1180001600,809
1302,1180001500,1180001500,0
1303,1180001500,1180001800,10
1304,1180001500,1180022000,10
1305,1180001500,1180025100,10
1306,1180001100,1180001600,10
1307,1180001100,1180001100,0
1308,1180001100,1190007100,10
1309,1180001100,1180025900,10
1310,1180000900,1180001000,3529
1311,1180000900,1180000900,0
1312,1180000900,1180024900,10
1313,1180000900,1180016200,10
1314,1180000900,1180018400,10
1315,1180000900,1180020700,10
1316,1180000700,1180000800,3403
1317,1180000700,1180001000,10
1318,1180000700,1180000700,0
1319,1180000700,1180018100,10
1320,1180000300,1180000400,2380
1321,1180000300,1180000800,10
1322,1180000300,1180000300,0
1323,1180000300,1180014400,10
1324,1180000300,1180015300,10
1325,1180000100,1180000200,2412
1326,1180000100,1180000400,10
1327,1180000100,1180000100,0
1328,1160002900,1160003000,1330
1329,1160002900,1180000200,10
1330,1160002900,1160002900,0
1331,1160002900,1180014900,10
1332,1160002900,1180014800,10
1333,1160002900,1180013600,10
1334,1160002700,1160002800,2602
1335,1160002700,1160003000,10
1336,1160002700,1160002700,0
1337,1160002300,1160002400,2180
1338,1160002300,1160002800,10
1339,1160002300,1160002300,0
1340,1160002300,1160016000,10
1341,1160002300,1160014700,10
1342,1160002000,1160001900,1371
1343,1160002000,1160002400,10
1344,1160002000,1160002000,0
1345,1160002000,1160002600,10
1346,1160002000,1160001100,10
1347,1160002100,1160002200,2317
1348,1160002100,1160001900,10
1349,1160002100,1160002100,0
1350,1160002100,1160054500,10
1351,1160002100,1160015800,10
1352,1160001500,1160001600,3269
1353,1160001500,1160002200,10
1354,1160001500,1160001500,0
1355,1160001500,1160014200,10
1356,1160001800,1160001700,1787
1357,1160001800,1160011300,10
1358,1160001800,1160001600,10
1359,1160001800,1160001800,0
1360,1160001300,1160001400,1320
1361,1160001300,1160001700,10
1362,1160001300,1160001300,0
1363,1160001300,1160010900,10
1364,1160001300,1160013400,10
1365,1160000900,1160001000,793
1366,1160000900,1160001400,10
1367,1160000900,1160000900,0
1368,1160000900,1160013200,10
1369,1160000500,1160000600,484
1370,1160000500,1160000800,10
1371,1160000500,1160000500,0
1372,1160000500,1160010100,10
1373,1160000300,1160000400,796
1374,1160000300,1160000600,10
1375,1160000300,1160000300,0
1376,1160000100,1160000200,1293
1377,1160000100,1160000400,10
1378,1160000100,1160000100,0
1379,1060006300,1060006400,1529
1380,1060006300,1060006300,0
1381,1060006400,1060006300,1325
1382,1060006400,1060006400,0
1383,1060006400,1060005200,10
1384,1240024100,1240024200,545
1385,1240024100,1240024100,0
1386,1240024100,1240025800,10
1387,1240024100,1240022500,10
1388,1240022900,1240023000,809
1389,1240022900,1240022900,0
1390,1240022900,1240024200,10
1391,1240022900,1240025200,10
1392,1240022900,1240021900,10
1393,1240022100,1240022200,303
1394,1240022100,1240022100,0
1395,1240022100,1240023000,10
1396,1240022100,1240019700,10
1397,1240022100,1240023600,10
1398,1240021500,1240021600,286
1399,1240021500,1240021500,0
1400,1240021500,1240022200,10
1401,1240021500,1240023200,10
1402,1240021500,1240019500,10
1403,1240021300,1240021400,106
1404,1240021300,1240021300,0
1405,1240021300,1240021600,10
1406,1240021300,1240019100,10
1407,1240021000,1240020900,758
1408,1240021000,1240021000,0
1409,1240021000,1240021400,10
1410,1240021000,1240022400,10
1411,1240021200,1240021100,1352
1412,1240021200,1240021200,0
1413,1240021200,1240020900,10
1414,1240021200,1240022800,10
1415,1240021200,1240020100,10
1416,1240021700,1240021800,1293
1417,1240021700,1240021700,0
1418,1240021700,1240021100,10
1419,1240021700,1240026600,10
1420,1240021700,1240020300,10
1421,1240021800,1240021700,4446
1422,1240021800,1240021800,0
1423,1240021800,1240003100,10
1424,1240021800,1240003700,10
1425,1240021100,1240021200,1766
1426,1240021100,1240021700,10
1427,1240021100,1240021100,0
1428,1240021100,1240026600,10
1429,1240021100,1240020300,10
1430,1240020900,1240021000,407
1431,1240020900,1240021200,10
1432,1240020900,1240020900,0
1433,1240020900,1240022800,10
1434,1240020900,1240020100,10
1435,1240021400,1240021300,106
1436,1240021400,1240021000,10
1437,1240021400,1240021400,0
1438,1240021400,1240022400,10
1439,1240021600,1240021500,286
1440,1240021600,1240021300,10
1441,1240021600,1240021600,0
1442,1240021600,1240019100,10
1443,1240023000,1240022900,809
1444,1240023000,1240022100,10
1445,1240023000,1240023000,0
1446,1240023000,1240019700,10
1447,1240023000,1240023600,10
1448,1240024200,1240024100,739
1449,1240024200,1240022900,10
1450,1240024200,1240024200,0
1451,1240024200,1240025200,10
1452,1240024200,1240021900,10
1453,1240022400,1240022300,178
1454,1240022400,1240021000,10
1455,1240022400,1240021400,10
1456,1240022400,1240022400,0
1457,1240024400,1240024300,284
1458,1240024400,1240024400,0
1459,1240024400,1240022300,10
1460,1240024400,1240023400,10
1461,1240024400,1240023800,10
1462,1240024300,1240024400,284
1463,1240024300,1240024300,0
1464,1240024300,1240026000,10
1465,1240024300,1240025300,10
1466,1240022300,1240022400,178
1467,1240022300,1240024400,10
1468,1240022300,1240022300,0
1469,1240022300,1240023400,10
1470,1240022300,1240023800,10
1471,1240023200,1240023100,260
1472,1240023200,1240021500,10
1473,1240023200,1240022200,10
1474,1240023200,1240023200,0
1475,1240023200,1240019500,10
1476,1240025000,1240024900,218
1477,1240025000,1240025000,0
1478,1240025000,1240023100,10
1479,1240025000,1240024600,10
1480,1240025000,1240023700,10
1481,1240026800,1240026700,346
1482,1240026800,1240026800,0
1483,1240026800,1240024900,10
1484,1240026800,1240026200,10
1485,1240026800,1240025400,10
1486,1240026700,1240026800,346
1487,1240026700,1240026700,0
1488,1240026700,1240027300,10
1489,1240026700,1240028200,10
1490,1240023100,1240023200,260
1491,1240023100,1240025000,10
1492,1240023100,1240023100,0
1493,1240023100,1240024600,10
1494,1240023100,1240023700,10
1495,1240019500,1240019600,663
1496,1240019500,1240021500,10
1497,1240019500,1240022200,10
1498,1240019500,1240023200,10
1499,1240019500,1240019500,0
1500,1240019600,1240019500,664
1501,1240019600,1240019600,0
1502,1240019600,1240017400,10
1503,1240019600,1240017100,10
1504,1240019600,1240015700,10
1505,1240025200,1240025100,404
1506,1240025200,1240022900,10
1507,1240025200,1240024200,10
1508,1240025200,1240025200,0
1509,1240025200,1240021900,10
1510,1240027200,1240027100,482
1511,1240027200,1240027200,0
1512,1240027200,1240025100,10
1513,1240027200,1240027000,10
1514,1240027100,1240027200,274
1515,1240027100,1240027100,0
1516,1240027100,1240028400,10
1517,1240027100,1240027900,10
1518,1240025100,1240025200,919
1519,1240025100,1240027200,10
1520,1240025100,1240025100,0
1521,1240025100,1240027000,10
1522,1240019400,1240019300,340
1523,1240019400,1240019400,0
1524,1240019400,1240018400,10
1525,1240019400,1240017900,10
1526,1240019400,1240016300,10
1527,1240022000,1240021900,377
1528,1240022000,1240022000,0
1529,1240022000,1240019300,10
1530,1240022000,1240020800,10
1531,1240021900,1240022000,377
1532,1240021900,1240022900,10
1533,1240021900,1240024200,10
1534,1240021900,1240025200,10
1535,1240021900,1240021900,0
1536,1240019300,1240019400,340
1537,1240019300,1240022000,10
1538,1240019300,1240019300,0
1539,1240019300,1240020800,10
1540,1030006400,1030006300,5834
1541,1030006400,1030000700,10
1542,1030006400,1030006400,0
1543,1030006400,1220037200,10
1544,1030008200,1030008100,203
1545,1030008200,1030008200,0
1546,1030008200,1030006300,10
1547,1030008200,1005009000,10
1548,1030008200,1030004400,10
1549,1030011800,1030011700,876
1550,1030011800,1030011800,0
1551,1030011800,1030008100,10
1552,1030011800,1030009600,10
1553,1030011800,1030007700,10
1554,1030013800,1030013700,447
1555,1030013800,1030013800,0
1556,1030013800,1030011700,10
1557,1030013800,1030011100,10
1558,1030015200,1030015100,352
1559,1030015200,1030015200,0
1560,1030015200,1030013700,10
1561,1030016800,1030016700,1449
1562,1030016800,1030016800,0
1563,1030016800,1030015100,10
1564,1030016800,1030016400,10
1565,1030016800,1030015300,10
1566,1030020200,1030020100,1725
1567,1030020200,1030020200,0
1568,1030020200,1030016700,10
1569,1030020200,1030018800,10
1570,1030020200,1030018100,10
1571,1050008000,1050007900,1680
1572,1050008000,1050008000,0
1573,1050008000,1030020100,10
1574,1050008000,1030020500,10
1575,1050008000,1050007600,10
1576,1050008000,1050005500,10
1577,1050010600,1050010500,451
1578,1050010600,1050010600,0
1579,1050010600,1050007900,10
1580,1050010600,1050008100,10
1581,1050010600,1050008500,10
1582,1050012600,1050012500,528
1583,1050012600,1050012600,0
1584,1050012600,1050010500,10
1585,1050012600,1050000600,10
1586,1050012600,1050001100,10
1587,1050016600,1050016500,1439
1588,1050016600,1050016600,0
1589,1050016600,1050014900,10
1590,1050016600,1050016000,10
1591,1050016600,1050015700,10
1592,1050016500,1050016600,406
1593,1050016500,1050016500,0
1594,1050016500,1070005100,10
1595,1050016500,1050017600,10
1596,1050014900,1050015000,412
1597,1050014900,1050016600,10
1598,1050014900,1050014900,0
1599,1050014900,1050016000,10
1600,1050014900,1050015700,10
1601,1050012500,1050012600,1432
1602,1050012500,1050015000,10
1603,1050012500,1050012500,0
1604,1050012500,1050013700,10
1605,1050012500,1050014000,10
1606,1050010500,1050010600,2773
1607,1050010500,1050012600,10
1608,1050010500,1050010500,0
1609,1050010500,1050000600,10
1610,1050010500,1050001100,10
1611,1050007900,1050008000,621
1612,1050007900,1050010600,10
1613,1050007900,1050007900,0
1614,1050007900,1050008100,10
1615,1050007900,1050008500,10
1616,1030020100,1030020200,773
1617,1030020100,1050008000,10
1618,1030020100,1030020100,0
1619,1030020100,1030020500,10
1620,1030020100,1050007600,10
1621,1030020100,1050005500,10
1622,1030016700,1030016800,567
1623,1030016700,1030020200,10
1624,1030016700,1030016700,0
1625,1030016700,1030018800,10
1626,1030016700,1030018100,10
1627,1030015100,1030015200,540
1628,1030015100,1030016800,10
1629,1030015100,1030015100,0
1630,1030015100,1030016400,10
1631,1030015100,1030015300,10
1632,1030013700,1030013800,1464
1633,1030013700,1030015200,10
1634,1030013700,1030013700,0
1635,1030011700,1030011800,1525
1636,1030011700,1030013800,10
1637,1030011700,1030011700,0
1638,1030011700,1030011100,10
1639,1030008100,1030008200,2180
1640,1030008100,1030011800,10
1641,1030008100,1030008100,0
1642,1030008100,1030009600,10
1643,1030008100,1030007700,10
1644,1030006300,1030006400,3666
1645,1030006300,1030008200,10
1646,1030006300,1030006300,0
1647,1030006300,1005009000,10
1648,1030006300,1030004400,10
1649,1160013200,1160013100,1722
1650,1160013200,1160001400,10
1651,1160013200,1160000900,10
1652,1160013200,1160013200,0
1653,1160015400,1160015300,1334
1654,1160015400,1160015400,0
1655,1160015400,1160013100,10
1656,1160015400,1160013300,10
1657,1160015400,1160016200,10
1658,1160015300,1160015400,3010
1659,1160015300,1160015300,0
1660,1160015300,1140001000,10
1661,1160015300,1160016500,10
1662,1160015300,1160017200,10
1663,1160013100,1160013200,1206
1664,1160013100,1160015400,10
1665,1160013100,1160013100,0
1666,1160013100,1160013300,10
1667,1160013100,1160016200,10
1668,1140027400,1140027300,2241
1669,1140027400,1140027400,0
1670,1140027400,1140023300,10
1671,1140027400,1140030800,10
1672,1150007500,1150007400,806
1673,1150007500,1150007500,0
1674,1150007500,1140027300,10
1675,1150007900,1150007800,2459
1676,1150007900,1140026300,10
1677,1150007900,1150008100,10
1678,1150007900,1150007900,0
1679,1150007900,1150007400,10
1680,1150007800,1150007900,2848
1681,1150007800,1150007800,0
1682,1150007800,1150009900,10
1683,1150007800,1150007600,10
1684,1150007400,1150007500,806
1685,1150007400,1140026300,10
1686,1150007400,1150008100,10
1687,1150007400,1150007900,10
1688,1150007400,1150007400,0
1689,1140027300,1140027400,524
1690,1140027300,1150007500,10
1691,1140027300,1140027300,0
1692,1100022900,1100023000,242
1693,1100022900,1100022900,0
1694,1100022900,1100025400,10
1695,1100022900,1100023900,10
1696,1100020900,1100021000,300
1697,1100020900,1100020900,0
1698,1100020900,1100023000,10
1699,1100017300,1100017400,264
1700,1100017300,1100017300,0
1701,1100017300,1100019400,10
1702,1100015800,1100015700,290
1703,1100015800,1100015800,0
1704,1100015800,1100017400,10
1705,1100015800,1100016800,10
1706,1100015800,1100016300,10
1707,1100014700,1100014800,389
1708,1100014700,1100014700,0
1709,1100014700,1100015700,10
1710,1100012700,1100012800,419
1711,1100012700,1100012700,0
1712,1100012700,1100014800,10
1713,1100011700,1100011800,309
1714,1100011700,1100011700,0
1715,1100011700,1100012800,10
1716,1100010500,1100010600,137
1717,1100010500,1100010500,0
1718,1100010500,1100011800,10
1719,1100009300,1100009400,979
1720,1100009300,1100009300,0
1721,1100009300,1100010600,10
1722,1060021100,1060021200,246
1723,1060021100,1060021100,0
1724,1060021100,1100009400,10
1725,1060021100,1100008200,10
1726,1060021100,1100007900,10
1727,1060018900,1060019000,1476
1728,1060018900,1060018900,0
1729,1060018900,1060021200,10
1730,1060018900,1060020100,10
1731,1060019000,1060018900,764
1732,1060019000,1060019000,0
1733,1060019000,1060005100,10
1734,1060019000,1060004400,10
1735,1060021200,1060021100,826
1736,1060021200,1060018900,10
1737,1060021200,1060021200,0
1738,1060021200,1060020100,10
1739,1100009400,1100009300,979
1740,1100009400,1060021100,10
1741,1100009400,1100009400,0
1742,1100009400,1100008200,10
1743,1100009400,1100007900,10
1744,1100014800,1100014700,389
1745,1100014800,1100012700,10
1746,1100014800,1100014800,0
1747,1100015700,1100015800,290
1748,1100015700,1100014700,10
1749,1100015700,1100015700,0
1750,1100017400,1100017300,264
1751,1100017400,1100015800,10
1752,1100017400,1100017400,0
1753,1100017400,1100016800,10
1754,1100017400,1100016300,10
1755,1100019400,1100019300,438
1756,1100019400,1100017300,10
1757,1100019400,1100019400,0
1758,1100023000,1100022900,242
1759,1100023000,1100020900,10
1760,1100023000,1100023000,0
1761,1150014600,1150014700,1612
1762,1150014600,1150016700,10
1763,1150014600,1150014600,0
1764,1150014600,1150012600,10
1765,1150014600,1150015900,10
1766,1150014600,1150014900,10
1767,1150014400,1150014500,592
1768,1150014400,1150014400,0
1769,1150014400,1150014700,10
1770,1150013600,1150013700,931
1771,1150013600,1150013600,0
1772,1150013600,1150014500,10
1773,1150013600,1150016900,10
1774,1150001900,1150002000,1519
1775,1150001900,1150001900,0
1776,1150001900,1150013700,10
1777,1150001900,1150058900,10
1778,1150001900,1150162400,10
1779,1150001700,1150001800,855
1780,1150001700,1150012400,10
1781,1150001700,1150014300,10
1782,1150001700,1150001700,0
1783,1150001700,1150002000,10
1784,1150001300,1150001400,973
1785,1150001300,1150001300,0
1786,1150001300,1150001800,10
1787,1150001300,1150013500,10
1788,1150000900,1150001000,2185
1789,1150000900,1150000900,0
1790,1150000900,1150001400,10
1791,1150000900,1150013300,10
1792,1150000900,1150012200,10
1793,1150000500,1150000600,1686
1794,1150000500,1150000500,0
1795,1150000500,1150001000,10
1796,1150000500,1150010400,10
1797,1150000300,1150000400,850
1798,1150000300,1150000300,0
1799,1150000300,1150000600,10
1800,1150000300,1150012100,10
1801,1150000300,1150009800,10
1802,1140000400,1140000300,1808
1803,1140000400,1140000400,0
1804,1140000400,1150000400,10
1805,1140000300,1140000400,985
1806,1140000300,1140000300,0
1807,1140000300,1180004700,10
1808,1140000300,1140039900,10
1809,1140000300,1140040200,10
1810,1140000300,1140000600,10
1811,1150000400,1150000300,2943
1812,1150000400,1140000400,10
1813,1150000400,1150000400,0
1814,1150000600,1150000500,2236
1815,1150000600,1150000300,10
1816,1150000600,1150000600,0
1817,1150000600,1150012100,10
1818,1150000600,1150009800,10
1819,1150001000,1150000900,696
1820,1150001000,1150000500,10
1821,1150001000,1150001000,0
1822,1150001000,1150010400,10
1823,1150001400,1150001300,1196
1824,1150001400,1150000900,10
1825,1150001400,1150001400,0
1826,1150001400,1150013300,10
1827,1150001400,1150012200,10
1828,1150002000,1150001900,2366
1829,1150002000,1150012400,10
1830,1150002000,1150014300,10
1831,1150002000,1150001700,10
1832,1150002000,1150002000,0
1833,1150013700,1150013600,1747
1834,1150013700,1150001900,10
1835,1150013700,1150013700,0
1836,1150013700,1150058900,10
1837,1150013700,1150162400,10
1838,1150014500,1150014400,2680
1839,1150014500,1150013600,10
1840,1150014500,1150014500,0
1841,1150014500,1150016900,10
1842,1150014700,1150014600,1649
1843,1150014700,1150014400,10
1844,1150014700,1150014700,0
1845,1150013500,1150013400,423
1846,1150013500,1150001300,10
1847,1150013500,1150001800,10
1848,1150013500,1150013500,0
1849,1150015700,1150015600,923
1850,1150015700,1150015700,0
1851,1150015700,1150013400,10
1852,1150015600,1150015700,1784
1853,1150015600,1150015600,0
1854,1150015600,1150003000,10
1855,1150015600,1150002700,10
1856,1150015600,1150017300,10
1857,1150013400,1150013500,423
1858,1150013400,1150015700,10
1859,1150013400,1150013400,0
1860,1150012000,1150012100,651
1861,1150012000,1150012000,0
1862,1150012000,1150001600,10
1863,1150012000,1140000500,10
1864,1150012000,1150012900,10
1865,1210008000,1210008100,5046
1866,1210008000,1210008000,0
1867,1210008000,1210010800,10
1868,1210008000,1200001600,10
1869,1210008000,1210013300,10
1870,1200000800,1200000700,2151
1871,1200000800,1200000800,0
1872,1200000800,1200000600,10
1873,1200003400,1200003300,287
1874,1200003400,1200003400,0
1875,1200003400,1200000700,10
1876,1200003400,1200002900,10
1877,1200005000,1200004900,100
1878,1200005000,1200005000,0
1879,1200005000,1200003300,10
1880,1200005000,1200003700,10
1881,1200005000,1200004800,10
1882,1200006800,1200006700,489
1883,1200006800,1200006800,0
1884,1200006800,1200004900,10
1885,1200006800,1200004300,10
1886,1200006800,1200005600,10
1887,1200006700,1200006800,488
1888,1200006700,1200006700,0
1889,1200006700,1200011600,10
1890,1200006700,1200009800,10
1891,1200004900,1200005000,1868
1892,1200004900,1200006800,10
1893,1200004900,1200004900,0
1894,1200004900,1200004300,10
1895,1200004900,1200005600,10
1896,1200003300,1200003400,1680
1897,1200003300,1200005000,10
1898,1200003300,1200003300,0
1899,1200003300,1200003700,10
1900,1200003300,1200004800,10
1901,1200000700,1200000800,2278
1902,1200000700,1200003400,10
1903,1200000700,1200000700,0
1904,1200000700,1200002900,10
1905,1030007800,1030007700,2525
1906,1030007800,1030007800,0
1907,1030007800,1030002000,10
1908,1030007800,1030004300,10
1909,1030007800,1030007900,10
1910,1030009600,1030009500,2582
1911,1030009600,1030011800,10
1912,1030009600,1030008100,10
1913,1030009600,1030009600,0
1914,1030009600,1030007700,10
1915,1004350800,1004350700,675
1916,1004350800,1004350800,0
1917,1004350800,1030009500,10
1918,1030010700,1030010800,608
1919,1030010700,1030010700,0
1920,1030010700,1030012200,10
1921,1030010700,1030010500,10
1922,1030010100,1030010200,415
1923,1030010100,1030010100,0
1924,1030010100,1030010800,10
1925,1030010100,1030008500,10
1926,1040013400,1040013500,1603
1927,1040013400,1040013400,0
1928,1040013400,1040013700,10
1929,1040013400,1040014100,10
1930,1040013000,1040013100,1050
1931,1040013000,1040013000,0
1932,1040013000,1040013500,10
1933,1040013000,1040014300,10
1934,1040013000,1040012000,10
1935,1040012800,1040012900,483
1936,1040012800,1040012800,0
1937,1040012800,1040013100,10
1938,1040012800,1040003200,10
1939,1040012800,1040001700,10
1940,1040011400,1040011500,229
1941,1040011400,1040011400,0
1942,1040011400,1040012700,10
1943,1040010400,1040010500,91
1944,1040010400,1040010400,0
1945,1040010400,1040011500,10
1946,1040010400,1040010600,10
1947,1040010400,1040011700,10
1948,1040009400,1040009500,1452
1949,1040009400,1040009400,0
1950,1040009400,1040010500,10
1951,1040009400,1040008800,10
1952,1040009400,1040010900,10
1953,1040009500,1040009400,1413
1954,1040009500,1230037000,10
1955,1040009500,1040001100,10
1956,1040009500,1040001600,10
1957,1040009500,1040009500,0
1958,1040010500,1040010400,951
1959,1040010500,1040009400,10
1960,1040010500,1040010500,0
1961,1040010500,1040008800,10
1962,1040010500,1040010900,10
1963,1040011500,1040011400,618
1964,1040011500,1040010400,10
1965,1040011500,1040011500,0
1966,1040011500,1040010600,10
1967,1040011500,1040011700,10
1968,1040012700,1040012600,841
1969,1040012700,1040011400,10
1970,1040012700,1040012700,0
1971,1040012900,1040012800,483
1972,1040012900,1040012600,10
1973,1040012900,1040012900,0
1974,1040013100,1040013000,2302
1975,1040013100,1040012800,10
1976,1040013100,1040013100,0
1977,1040013100,1040003200,10
1978,1040013100,1040001700,10
1979,1040013500,1040013400,887
1980,1040013500,1040013000,10
1981,1040013500,1040013500,0
1982,1040013500,1040014300,10
1983,1040013500,1040012000,10
1984,1040013700,1040013600,1057
1985,1040013700,1040013400,10
1986,1040013700,1040013700,0
1987,1040013700,1040014100,10
1988,1030009900,1030010000,839
1989,1030009900,1040013600,10
1990,1030009900,1030009900,0
1991,1030009900,1030002200,10
1992,1030009900,1030001500,10
1993,1030010200,1030010100,902
1994,1030010200,1030010000,10
1995,1030010200,1030010200,0
1996,1030010800,1030010700,608
1997,1030010800,1030010100,10
1998,1030010800,1030010800,0
1999,1030010800,1030008500,10
2000,1030012200,1030012100,741
2001,1030012200,1030010700,10
2002,1030012200,1030012200,0
2003,1030012200,1030010500,10
2004,1004350700,1004350800,675
2005,1004350700,1030012100,10
2006,1004350700,1004350700,0
2007,1004350700,1030012600,10
2008,1004350700,1030010900,10
2009,1030009500,1030009600,865
2010,1030009500,1004350800,10
2011,1030009500,1030009500,0
2012,1030007700,1030007800,2255
2013,1030007700,1030011800,10
2014,1030007700,1030008100,10
2015,1030007700,1030009600,10
2016,1030007700,1030007700,0
2017,1040008900,1040008800,774
2018,1040008900,1040008300,10
2019,1040008900,1040007000,10
2020,1040008900,1040008900,0
2021,1040008800,1040008900,1081
2022,1040008800,1040009400,10
2023,1040008800,1040010500,10
2024,1040008800,1040008800,0
2025,1040008800,1040010900,10
2026,1070021200,1070021100,1483
2027,1070021200,1070021200,0
2028,1070021200,1070019700,10
2029,1070021200,1070021000,10
2030,1070021200,1070019100,10
2031,1100011000,1100010900,848
2032,1100011000,1100011000,0
2033,1100011000,1070021100,10
2034,1100011000,1100008300,10
2035,1100010900,1100011000,848
2036,1100010900,1100010900,0
2037,1100010900,1100012400,10
2038,1100010900,1070021700,10
2039,1070021100,1070021200,702
2040,1070021100,1100011000,10
2041,1070021100,1070021100,0
2042,1070021100,1100008300,10
2043,1220008000,1220008100,1037
2044,1220008000,1220008000,0
2045,1220008000,1220012900,10
2046,1220008000,1220000700,10
2047,1220008000,1220001000,10
2048,1220010100,1220010000,2322
2049,1220010100,1220010100,0
2050,1220010100,1220008100,10
2051,1220010100,1220010900,10
2052,1220013300,1220013200,2253
2053,1220013300,1220013300,0
2054,1220013300,1220010000,10
2055,1220013300,1220013900,10
2056,1220013300,1220006600,10
2057,1220013200,1220013300,1332
2058,1220013200,1220013200,0
2059,1220013200,1230006700,10
2060,1220013200,1230008400,10
2061,1220013200,1230005900,10
2062,1220013200,1230009200,10
2063,1220010000,1220010100,1699
2064,1220010000,1220013300,10
2065,1220010000,1220010000,0
2066,1220010000,1220013900,10
2067,1220010000,1220006600,10
2068,1220008100,1220008000,1297
2069,1220008100,1220010100,10
2070,1220008100,1220008100,0
2071,1220008100,1220010900,10
2072,1160007200,1160007100,673
2073,1160007200,1160007200,0
2074,1160007200,1160005300,10
2075,1160007200,1160007400,10
2076,1160009000,1160008900,295
2077,1160009000,1160009000,0
2078,1160009000,1160007100,10
2079,1160010800,1160010700,284
2080,1160010800,1160008300,10
2081,1160010800,1160010600,10
2082,1160010800,1160010800,0
2083,1160010800,1160008900,10
2084,1160012300,1160012400,1643
2085,1160012300,1160012300,0
2086,1160012300,1160014800,10
2087,1160012300,1160013700,10
2088,1160010700,1160010800,284
2089,1160010700,1160012400,10
2090,1160010700,1160010700,0
2091,1160008900,1160009000,1392
2092,1160008900,1160008300,10
2093,1160008900,1160010600,10
2094,1160008900,1160010800,10
2095,1160008900,1160008900,0
2096,1160007100,1160007200,673
2097,1160007100,1160009000,10
2098,1160007100,1160007100,0
2099,1160005300,1160005400,1149
2100,1160005300,1160007200,10
2101,1160005300,1160005300,0
2102,1160005300,1160007400,10
2103,1160009400,1160009300,650
2104,1160009400,1160009400,0
2105,1160009400,1160007300,10
2106,1160009400,1160008600,10
2107,1160012000,1160011900,693
2108,1160012000,1160010500,10
2109,1160012000,1160011800,10
2110,1160012000,1160012000,0
2111,1160012000,1160009300,10
2112,1160012800,1160012700,454
2113,1160012800,1160012800,0
2114,1160012800,1160011900,10
2115,1160013800,1160013700,1728
2116,1160013800,1160013800,0
2117,1160013800,1160012700,10
2118,1160014800,1160014700,1462
2119,1160014800,1160012300,10
2120,1160014800,1160014800,0
2121,1160014800,1160013700,10
2122,1160016000,1160015900,1795
2123,1160016000,1160002800,10
2124,1160016000,1160002300,10
2125,1160016000,1160016000,0
2126,1160016000,1160014700,10
2127,1160015900,1160016000,2478
2128,1160015900,1160015900,0
2129,1160015900,1160017400,10
2130,1160015900,1160003200,10
2131,1160015900,1160002500,10
2132,1160014700,1160014800,335
2133,1160014700,1160002800,10
2134,1160014700,1160002300,10
2135,1160014700,1160016000,10
2136,1160014700,1160014700,0
2137,1160013700,1160013800,366
2138,1160013700,1160012300,10
2139,1160013700,1160014800,10
2140,1160013700,1160013700,0
2141,1160012700,1160012800,625
2142,1160012700,1160013800,10
2143,1160012700,1160012700,0
2144,1160011900,1160012000,457
2145,1160011900,1160012800,10
2146,1160011900,1160011900,0
2147,1160009300,1160009400,650
2148,1160009300,1160010500,10
2149,1160009300,1160011800,10
2150,1160009300,1160012000,10
2151,1160009300,1160009300,0
2152,1040007600,1040007700,335
2153,1040007600,1040009300,10
2154,1040007600,1040008200,10
2155,1040007600,1040007600,0
2156,1040007700,1040007600,335
2157,1040007700,1040007100,10
2158,1040007700,1040007700,0
2159,1040007700,1040006400,10
2160,1040013200,1040013300,744
2161,1040013200,1040013200,0
2162,1040013200,1040002500,10
2163,1040013200,1040004000,10
2164,1040011800,1040011900,4760
2165,1040011800,1040002100,10
2166,1040011800,1040004200,10
2167,1040011800,1040011800,0
2168,1040011800,1040013300,10
2169,1240014400,1240014300,337
2170,1240014400,1240014400,0
2171,1240014400,1240012100,10
2172,1240014400,1240013200,10
2173,1240018200,1240018100,1288
2174,1240018200,1240018200,0
2175,1240018200,1240014300,10
2176,1240018200,1240016200,10
2177,1240018200,1240013700,10
2178,1240017700,1240017800,524
2179,1240017700,1240017700,0
2180,1240017700,1240018100,10
2181,1240017700,1240020200,10
2182,1240017700,1240016500,10
2183,1240017200,1240017100,298
2184,1240017200,1240017200,0
2185,1240017200,1240017800,10
2186,1240017200,1240015900,10
2187,1240017200,1240019200,10
2188,1240017400,1240017300,309
2189,1240017400,1240019600,10
2190,1240017400,1240017400,0
2191,1240017400,1240017100,10
2192,1240017400,1240015700,10
2193,1240018000,1240017900,898
2194,1240018000,1240018000,0
2195,1240018000,1240017300,10
2196,1240018000,1240015300,10
2197,1240018000,1240019800,10
2198,1240018400,1240018300,663
2199,1240018400,1240019400,10
2200,1240018400,1240018400,0
2201,1240018400,1240017900,10
2202,1240018400,1240016300,10
2203,1240018300,1240018400,663
2204,1240018300,1240018300,0
2205,1240018300,1240020000,10
2206,1240018300,1240016700,10
2207,1240017900,1240018000,896
2208,1240017900,1240019400,10
2209,1240017900,1240018400,10
2210,1240017900,1240017900,0
2211,1240017900,1240016300,10
2212,1240017300,1240017400,309
2213,1240017300,1240018000,10
2214,1240017300,1240017300,0
2215,1240017300,1240015300,10
2216,1240017300,1240019800,10
2217,1240017100,1240017200,298
2218,1240017100,1240019600,10
2219,1240017100,1240017400,10
2220,1240017100,1240017100,0
2221,1240017100,1240015700,10
2222,1240017800,1240017700,524
2223,1240017800,1240017200,10
2224,1240017800,1240017800,0
2225,1240017800,1240015900,10
2226,1240017800,1240019200,10
2227,1240018100,1240018200,1011
2228,1240018100,1240017700,10
2229,1240018100,1240018100,0
2230,1240018100,1240020200,10
2231,1240018100,1240016500,10
2232,1240014300,1240014400,337
2233,1240014300,1240018200,10
2234,1240014300,1240014300,0
2235,1240014300,1240016200,10
2236,1240014300,1240013700,10
2237,1240012100,1240012200,662
2238,1240012100,1240014400,10
2239,1240012100,1240012100,0
2240,1240012100,1240013200,10
2241,1040013300,1040013200,3834
2242,1040013300,1040002100,10
2243,1040013300,1040004200,10
2244,1040013300,1040011800,10
2245,1040013300,1040013300,0
2246,1180019900,1180019800,340
2247,1180019900,1180019900,0
2248,1180019900,1180017600,10
2249,1180019900,1180018700,10
2250,1180023100,1180023000,508
2251,1180023100,1180023100,0
2252,1180023100,1180019800,10
2253,1180023100,1180023900,10
2254,1180023100,1180019200,10
2255,1180026700,1180026600,1270
2256,1180026700,1180026700,0
2257,1180026700,1180023000,10
2258,1180030200,1180030300,3492
2259,1180030200,1180030200,0
2260,1180030200,1180002400,10
2261,1180030200,1180001900,10
2262,1180026600,1180026700,342
2263,1180026600,1180030300,10
2264,1180026600,1180026600,0
2265,1180026600,3201506300,10
2266,1180026600,3201505000,10
2267,1180023000,1180023100,314
2268,1180023000,1180026700,10
2269,1180023000,1180023000,0
2270,1180019800,1180019900,1626
2271,1180019800,1180023100,10
2272,1180019800,1180019800,0
2273,1180019800,1180023900,10
2274,1180019800,1180019200,10
2275,1140041000,1140022100,12660
2276,1140041000,1140041000,0
2277,1140041000,1140017100,10
2278,1140041000,1140023400,10
2279,1140041400,1140024900,857
2280,1140041400,1140026400,10
2281,1140041400,1140041400,0
2282,1140041400,1140022100,10
2283,1140041400,1140020700,10
2284,1140041200,1140026100,5698
2285,1140041200,1140041200,0
2286,1140041200,1140024900,10
2287,1140041200,1140022500,10
2288,1140028400,1140028400,0
2289,1140028400,1140026100,10
2290,1140028400,1150007700,10
2291,1140028400,1140024100,10
2292,1140029500,1140029600,743
2293,1140029500,1140029500,0
2294,1140029500,1140030600,10
2295,1140029300,1140029400,1481
2296,1140029300,1140029300,0
2297,1140029300,1140029600,10
2298,1180037000,1180037100,221
2299,1180037000,1180037000,0
2300,1180037000,1140029400,10
2301,1180037000,1140026700,10
2302,1180037000,1140032600,10
2303,1180035600,1180035700,1291
2304,1180035600,1180035600,0
2305,1180035600,1180037100,10
2306,1180035600,1180003000,10
2307,1180035600,1180002100,10
2308,1180034000,1180034100,431
2309,1180034000,1180034000,0
2310,1180034000,1180035700,10
2311,1180034000,1180037700,10
2312,1180034000,1180032600,10
2313,1180031800,1180031900,991
2314,1180031800,1180031800,0
2315,1180031800,1180034100,10
2316,1180031800,1180035100,10
2317,1180031800,1180031000,10
2318,1180030600,1180030700,857
2319,1180030600,1180030600,0
2320,1180030600,1180031900,10
2321,1180030600,1180029000,10
2322,1180030600,1180032500,10
2323,1180029600,1180029700,978
2324,1180029600,1180029600,0
2325,1180029600,1180030700,10
2326,1180029600,1180032100,10
2327,1180029600,1180028000,10
2328,1180030100,1180030000,2564
2329,1180030100,1180030100,0
2330,1180030100,1180029700,10
2331,1180030100,1180034300,10
2332,1180030100,1180024800,10
2333,1180031500,1180031400,1567
2334,1180031500,1180031500,0
2335,1180031500,1180030000,10
2336,1180031500,1180025800,10
2337,1180031500,1180034700,10
2338,1180036500,1180036400,528
2339,1180036500,1180036500,0
2340,1180036500,1180033200,10
2341,1180036500,1180033000,10
2342,1180041100,1180041000,4470
2343,1180041100,1180041100,0
2344,1180041100,1180036400,10
2345,1180041100,1180037400,10
2346,1180041100,1180038700,10
2347,1180041000,1180041100,3653
2348,1180041000,1130001400,10
2349,1180041000,1130000700,10
2350,1180041000,1180041000,0
2351,1180041000,1130010400,10
2352,1180041000,1130009800,10
2353,1180036400,1180036500,2063
2354,1180036400,1180041100,10
2355,1180036400,1180036400,0
2356,1180036400,1180037400,10
2357,1180036400,1180038700,10
2358,1180033200,1180033300,1468
2359,1180033200,1180036500,10
2360,1180033200,1180033200,0
2361,1180033200,1180033000,10
2362,1180031400,1180031500,976
2363,1180031400,1180033300,10
2364,1180031400,1180031400,0
2365,1180031400,1180038100,10
2366,1180031400,1180029200,10
2367,1180030000,1180030100,1068
2368,1180030000,1180031500,10
2369,1180030000,1180030000,0
2370,1180030000,1180025800,10
2371,1180030000,1180034700,10
2372,1180029700,1180029600,1623
2373,1180029700,1180030100,10
2374,1180029700,1180029700,0
2375,1180029700,1180034300,10
2376,1180029700,1180024800,10
2377,1180030700,1180030600,875
2378,1180030700,1180029600,10
2379,1180030700,1180030700,0
2380,1180030700,1180032100,10
2381,1180030700,1180028000,10
2382,1180031900,1180031800,2635
2383,1180031900,1180030600,10
2384,1180031900,1180031900,0
2385,1180031900,1180029000,10
2386,1180031900,1180032500,10
2387,1180034100,1180034000,1238
2388,1180034100,1180031800,10
2389,1180034100,1180034100,0
2390,1180034100,1180035100,10
2391,1180034100,1180031000,10
2392,1180035700,1180035600,3374
2393,1180035700,1180034000,10
2394,1180035700,1180035700,0
2395,1180035700,1180037700,10
2396,1180035700,1180032600,10
2397,1180037100,1180037000,1824
2398,1180037100,1180035600,10
2399,1180037100,1180037100,0
2400,1180037100,1180003000,10
2401,1180037100,1180002100,10
2402,1140029600,1140029500,2748
2403,1140029600,1140029300,10
2404,1140029600,1140029600,0
2405,1140028900,1140028900,0
2406,1140028900,1140028700,10
2407,1140028100,1140028100,0
2408,1140028100,1140030200,10
2409,1140026100,1140041200,1545
2410,1140026100,1140028400,10
2411,1140026100,1140026100,0
2412,1140026100,1150007700,10
2413,1140026100,1140024100,10
2414,1140024900,1140041400,11211
2415,1140024900,1140041200,10
2416,1140024900,1140024900,0
2417,1140024900,1140022500,10
2418,1140022100,1140041000,13163
2419,1140022100,1140026400,10
2420,1140022100,1140041400,10
2421,1140022100,1140022100,0
2422,1140022100,1140020700,10
2423,1040014000,1040014100,1409
2424,1040014000,1040014000,0
2425,1040014000,1040014700,10
2426,1040014100,1040014000,1548
2427,1040014100,1040013400,10
2428,1040014100,1040013700,10
2429,1040014100,1040014100,0
2430,1150017900,1150017800,302
2431,1150017900,1150017900,0
2432,1150017900,1150017700,10
2433,1150017900,1150015800,10
2434,1150018900,1150018800,477
2435,1150018900,1150018900,0
2436,1150018900,1150017800,10
2437,1150018900,1150018000,10
2438,1150018900,1150018300,10
2439,1150019700,1150019600,152
2440,1150019700,1150019700,0
2441,1150019700,1150018800,10
2442,1150019700,1150019000,10
2443,1150020500,1150020400,722
2444,1150020500,1150020500,0
2445,1150020500,1150019600,10
2446,1150020500,1150003500,10
2447,1150020500,1150003900,10
2448,1150021300,1150021200,295
2449,1150021300,1150021300,0
2450,1150021300,1150020400,10
2451,1150021300,1150020800,10
2452,1150021900,1150021800,165
2453,1150021900,1150021900,0
2454,1150021900,1150021200,10
2455,1150021800,1150021900,165
2456,1150021800,1150021800,0
2457,1150021200,1150021300,416
2458,1150021200,1150021900,10
2459,1150021200,1150021200,0
2460,1150020400,1150020500,334
2461,1150020400,1150021300,10
2462,1150020400,1150020400,0
2463,1150020400,1150020800,10
2464,1150019600,1150019700,1235
2465,1150019600,1150020500,10
2466,1150019600,1150019600,0
2467,1150019600,1150003500,10
2468,1150019600,1150003900,10
2469,1150018800,1150018900,477
2470,1150018800,1150019700,10
2471,1150018800,1150018800,0
2472,1150018800,1150019000,10
2473,1150017800,1150017900,304
2474,1150017800,1150018900,10
2475,1150017800,1150017800,0
2476,1150017800,1150018000,10
2477,1150017800,1150018300,10
2478,1170000700,1170000800,709
2479,1170000700,1170000700,0
2480,1170002300,1170002400,584
2481,1170002300,1170002300,0
2482,1170002300,1170000800,10
2483,1170002300,1170003000,10
2484,1170002300,1170000500,10
2485,1170002100,1170002200,1565
2486,1170002100,1170002100,0
2487,1170002100,1170002400,10
2488,1170002100,1170001900,10
2489,1170002100,1170002800,10
2490,1170002200,1170002100,1572
2491,1170002200,1170002200,0
2492,1170002200,1170001700,10
2493,1170002200,1170002600,10
2494,1170002400,1170002300,584
2495,1170002400,1170002100,10
2496,1170002400,1170002400,0
2497,1170002400,1170001900,10
2498,1170002400,1170002800,10
2499,1030008400,1030008300,3403
2500,1030008400,1030008400,0
2501,1030008400,1030008000,10
2502,1030008400,1030006500,10
2503,1030011400,1030011300,834
2504,1030011400,1030011400,0
2505,1030011400,1030008300,10
2506,1030011400,1030009800,10
2507,1030011400,1030011200,10
2508,1030012800,1030012700,1123
2509,1030012800,1030012800,0
2510,1030012800,1030011300,10
2511,1030012800,1030013000,10
2512,1030015000,1030014900,2453
2513,1030015000,1030015000,0
2514,1030015000,1030012700,10
2515,1010006200,1010006100,1691
2516,1010006200,1010006200,0
2517,1010006200,1030014900,10
2518,1010006200,1010001700,10
2519,1010006200,1010006800,10
2520,1010006100,1010006200,1141
2521,1010006100,1010006100,0
2522,1030014900,1030015000,1098
2523,1030014900,1010006200,10
2524,1030014900,1030014900,0
2525,1030014900,1010001700,10
2526,1030014900,1010006800,10
2527,1030012700,1030012800,541
2528,1030012700,1030015000,10
2529,1030012700,1030012700,0
2530,1030011300,1030011400,516
2531,1030011300,1030012800,10
2532,1030011300,1030011300,0
2533,1030011300,1030013000,10
2534,1030008300,1030008400,3055
2535,1030008300,1030011400,10
2536,1030008300,1030008300,0
2537,1030008300,1030009800,10
2538,1030008300,1030011200,10
2539,1040015000,1040015100,733
2540,1040015000,1040015000,0
2541,1040015900,1040015800,1883
2542,1040015900,1040015900,0
2543,1040015900,1040015100,10
2544,1040015900,1040014800,10
2545,1040015900,1040016500,10
2546,1040016100,1040016000,257
2547,1040016100,1040016100,0
2548,1040016100,1040015800,10
2549,1040016100,1040016700,10
2550,1040016100,1040015200,10
2551,1040016300,1040016200,329
2552,1040016300,1040016300,0
2553,1040016300,1040016000,10
2554,1040016300,1040015600,10
2555,1040016300,1040016900,10
2556,1040016200,1040016300,329
2557,1040016200,1040016200,0
2558,1040016200,1040005400,10
2559,1040016200,1040005100,10
2560,1040016000,1040016100,257
2561,1040016000,1040016300,10
2562,1040016000,1040016000,0
2563,1040016000,1040015600,10
2564,1040016000,1040016900,10
2565,1040015800,1040015900,593
2566,1040015800,1040016100,10
2567,1040015800,1040015800,0
2568,1040015800,1040016700,10
2569,1040015800,1040015200,10
2570,1040015100,1040015000,733
2571,1040015100,1040015900,10
2572,1040015100,1040015100,0
2573,1040015100,1040014800,10
2574,1040015100,1040016500,10
2575,1150004800,1150004700,5309
2576,1150004800,1150005000,10
2577,1150004800,1150004100,10
2578,1150004800,1150004800,0
2579,1150005200,1150005100,5730
2580,1150005200,1150005200,0
2581,1150005200,1150004700,10
2582,1150005100,1150005200,1223
2583,1150005100,1150005100,0
2584,1150004700,1150004800,708
2585,1150004700,1150005200,10
2586,1150004700,1150004700,0
2587,1150010400,1150010500,2297
2588,1150010400,1150000500,10
2589,1150010400,1150001000,10
2590,1150010400,1150010400,0
2591,1150010500,1150010400,3979
2592,1150010500,1150009400,10
2593,1150010500,1150009700,10
2594,1150010500,1150009200,10
2595,1150010500,1150010500,0
2596,1210029400,1210029500,1199
2597,1210029400,1210030100,10
2598,1210029400,1220030600,10
2599,1210029400,1210029400,0
2600,1210029400,1220032700,10
2601,1210029700,1210029600,373
2602,1210029700,1210029700,0
2603,1210029700,1210029500,10
2604,1210029600,1210029700,373
2605,1210029600,1210029600,0
2606,1210029600,1210029000,10
2607,1210029600,1210030300,10
2608,1210029500,1210029400,1336
2609,1210029500,1210029700,10
2610,1210029500,1210029500,0
2611,1030013000,1030012900,382
2612,1030013000,1030012800,10
2613,1030013000,1030011300,10
2614,1030013000,1030013000,0
2615,1030015600,1030015500,1617
2616,1030015600,1030015600,0
2617,1030015600,1030012900,10
2618,1010015600,1010015500,1763
2619,1010015600,1010015600,0
2620,1010015600,1030015500,10
2621,1010015600,1030017500,10
2622,1010015600,1010013200,10
2623,1010020200,1010020100,1345
2624,1010020200,1010020200,0
2625,1010020200,1010019300,10
2626,1010020200,1030020300,10
2627,1010020200,1010019700,10
2628,1010020100,1010020200,2479
2629,1010020100,1010020100,0
2630,1010020100,1070002000,10
2631,1010020100,1050000500,10
2632,1010020100,1000002300,10
2633,1010020100,1050008300,10
2634,1010019300,1010019400,436
2635,1010019300,1010020200,10
2636,1010019300,1010019300,0
2637,1010019300,1030020300,10
2638,1010019300,1010019700,10
2639,1010015500,1010015600,662
2640,1010015500,1010019400,10
2641,1010015500,1010015500,0
2642,1010015500,1010018600,10
2643,1010015500,1030019100,10
2644,1030015500,1030015600,1115
2645,1030015500,1010015600,10
2646,1030015500,1030015500,0
2647,1030015500,1030017500,10
2648,1030015500,1010013200,10
2649,1030012900,1030013000,382
2650,1030012900,1030015600,10
2651,1030012900,1030012900,0
2652,3201508400,3201508500,1108
2653,3201508400,3201508400,0
2654,1200003200,1200003100,1084
2655,1200003200,1200003200,0
2656,1200003200,1200000900,10
2657,1200003200,1200002200,10
2658,1200003200,1170008300,10
2659,1200006200,1200006100,811
2660,1200006200,1200006200,0
2661,1200006200,1200003100,10
2662,1200006200,1200005800,10
2663,1200006200,1200003900,10
2664,1200009300,1200009400,259
2665,1200009300,1200009300,0
2666,1200009300,1200010200,10
2667,1200009300,1200009100,10
2668,1200009300,1200010800,10
2669,1200006100,1200006200,977
2670,1200006100,1200009400,10
2671,1200006100,1200006100,0
2672,1200003100,1200003200,467
2673,1200003100,1200006200,10
2674,1200003100,1200003100,0
2675,1200003100,1200005800,10
2676,1200003100,1200003900,10
2677,1200000900,1200001000,1567
2678,1200000900,1200003200,10
2679,1200000900,1200000900,0
2680,1200000900,1200002200,10
2681,1200000900,1170008300,10
2682,3201508500,3201508400,1108
2683,3201508500,1200001000,10
2684,3201508500,3201508500,0
2685,1010016900,1010017000,312
2686,1010016900,1010016900,0
2687,1010016900,1000004800,10
2688,1010016900,1000002900,10
2689,1010016900,1000003400,10
2690,1010011300,1010011400,268
2691,1010011300,1010011300,0
2692,1010011300,1010017000,10
2693,1010011300,1010014200,10
2694,1010011300,1010013900,10
2695,1010005100,1010005200,1775
2696,1010005100,1010005100,0
2697,1010005100,1010007200,10
2698,1010005100,1010004900,10
2699,1010005100,1010007600,10
2700,1010005200,1010005100,894
2701,1010005200,1010005200,0
2702,1010005200,1010002900,10
2703,1010005200,1010006000,10
2704,1010005200,1010002300,10
2705,1010005200,1010003900,10
2706,1010011400,1010011300,1649
2707,1010011400,1010007100,10
2708,1010011400,1010011400,0
2709,1010011400,1010009200,10
2710,1010017000,1010016900,1652
2711,1010017000,1010011300,10
2712,1010017000,1010017000,0
2713,1010017000,1010014200,10
2714,1010017000,1010013900,10
2715,1010009100,1010009200,801
2716,1010009100,1010009100,0
2717,1010009100,1010007500,10
2718,1010009100,1010009600,10
2719,1010009200,1010009100,1313
2720,1010009200,1010007100,10
2721,1010009200,1010011400,10
2722,1010009200,1010009200,0
2723,1150011800,1150011900,1174
2724,1150011800,1150011800,0
2725,1150011800,1150012700,10
2726,1140039700,1140039800,2521
2727,1140039700,1140039700,0
2728,1140039700,1150011900,10
2729,1140039700,1150001200,10
2730,1140039700,3201506400,10
2731,1140030700,1140030800,1169
2732,1140030700,1140034800,10
2733,1140030700,1140033300,10
2734,1140030700,1140030700,0
2735,1140030700,1140036400,10
2736,1140023300,1140023400,11665
2737,1140023300,1140027400,10
2738,1140023300,1140023300,0
2739,1140023300,1140030800,10
2740,1140017100,1140017200,9187
2741,1140017100,1140041000,10
2742,1140017100,1140017100,0
2743,1140017100,1140023400,10
2744,1140011300,1140011400,617
2745,1140011300,1140011300,0
2746,1140011300,1140017200,10
2747,1140011300,1140013700,10
2748,1140011300,1140014600,10
2749,1160016100,1160016200,909
2750,1160016100,1160016100,0
2751,1160016100,1140003400,10
2752,1160016100,1140000800,10
2753,1160016100,1140002000,10
2754,1160013300,1160013400,1200
2755,1160013300,1160015400,10
2756,1160013300,1160013100,10
2757,1160013300,1160013300,0
2758,1160013300,1160016200,10
2759,1160010900,1160011000,2007
2760,1160010900,1160001700,10
2761,1160010900,1160001300,10
2762,1160010900,1160010900,0
2763,1160010900,1160013400,10
2764,1160008100,1160008200,1269
2765,1160008100,1160008100,0
2766,1160008100,1160009600,10
2767,1160008100,1160001200,10
2768,1160008100,1170001300,10
2769,1160003700,1160003800,2116
2770,1160003700,1160007000,10
2771,1160003700,1160003700,0
2772,1160003700,1160008200,10
2773,1200002800,1200002700,970
2774,1200002800,1200002800,0
2775,1200002800,1160003800,10
2776,1200002800,1160004400,10
2777,1200002800,1170007300,10
2778,1200004000,1200003900,2088
2779,1200004000,1200004000,0
2780,1200004000,1200002700,10
2781,1200004000,1170008900,10
2782,1200004000,1200005200,10
2783,1200005800,1200005700,1495
2784,1200005800,1200006200,10
2785,1200005800,1200003100,10
2786,1200005800,1200005800,0
2787,1200005800,1200003900,10
2788,1200007200,1200007100,669
2789,1200007200,1200007200,0
2790,1200007200,1200005700,10
2791,1200008000,1200007900,403
2792,1200008000,1200008000,0
2793,1200008000,1200007100,10
2794,1200008000,1200006300,10
2795,1200008000,1200010000,10
2796,1200003700,1200003800,1429
2797,1200003700,1200005000,10
2798,1200003700,1200003300,10
2799,1200003700,1200003700,0
2800,1200003700,1200004800,10
2801,1200002500,1200002600,504
2802,1200002500,1200002500,0
2803,1200002500,1200003800,10
2804,1200002500,1200004400,10
2805,1200001900,1200002000,1063
2806,1200001900,1200001900,0
2807,1200001900,1200002600,10
2808,1200001500,1200001600,3508
2809,1200001500,1200001500,0
2810,1200001500,1200002000,10
2811,1210010800,1210010900,832
2812,1210010800,1210008000,10
2813,1210010800,1210010800,0
2814,1210010800,1200001600,10
2815,1210010800,1210013300,10
2816,1210009800,1210009900,1486
2817,1210009800,1210009800,0
2818,1210009800,1210010900,10
2819,1210009800,1210012300,10
2820,1210012500,1210012400,637
2821,1210012500,1210012500,0
2822,1210012500,1210011000,10
2823,1210012500,1210012900,10
2824,1210014300,1210014200,516
2825,1210014300,1210014300,0
2826,1210014300,1210013400,10
2827,1210014300,1210015100,10
2828,1210003500,1210003800,428
2829,1210003500,1210003500,0
2830,1210003500,1210014200,10
2831,1210015200,1210015300,115
2832,1210015200,1210015200,0
2833,1210015200,1210003800,10
2834,1210015500,1210015400,391
2835,1210015500,1210015500,0
2836,1210015500,1210015300,10
2837,1210015500,1210016500,10
2838,1220010300,1220010200,2240
2839,1220010300,1220011900,10
2840,1220010300,1210013600,10
2841,1220010300,1220010300,0
2842,1220010300,1210015400,10
2843,1220012500,1220012400,1153
2844,1220012500,1220012500,0
2845,1220012500,1220010600,10
2846,1220014300,1220014200,565
2847,1220014300,1220014300,0
2848,1220014300,1220012400,10
2849,1220014300,1220011400,10
2850,1220014300,1220016100,10
2851,1220023500,1220023600,2232
2852,1220023500,1220023500,0
2853,1220023500,1220022700,10
2854,1220023500,1220024500,10
2855,1220022000,1220022100,641
2856,1220022000,1220022000,0
2857,1220022000,1220023600,10
2858,1220020200,1220020300,706
2859,1220020200,1220020200,0
2860,1220020200,1220022100,10
2861,1220022100,1220022000,4055
2862,1220022100,1220020200,10
2863,1220022100,1220022100,0
2864,1220023600,1220023500,3405
2865,1220023600,1220022000,10
2866,1220023600,1220023600,0
2867,1220022700,1220022800,3434
2868,1220022700,1220023500,10
2869,1220022700,1220022700,0
2870,1220022700,1220024500,10
2871,1220014200,1220014300,2137
2872,1220014200,1220018500,10
2873,1220014200,1220014200,0
2874,1220014200,1220014000,10
2875,1220014200,1220019300,10
2876,1220012400,1220012500,1182
2877,1220012400,1220014300,10
2878,1220012400,1220012400,0
2879,1220012400,1220011400,10
2880,1220012400,1220016100,10
2881,1220010600,1220010700,2182
2882,1220010600,1220012500,10
2883,1220010600,1220010600,0
2884,1220010200,1220010300,676
2885,1220010200,1220010700,10
2886,1220010200,1220010200,0
2887,1220010200,1220009000,10
2888,1220010200,1220013500,10
2889,1210015400,1210015500,1457
2890,1210015400,1220011900,10
2891,1210015400,1210013600,10
2892,1210015400,1220010300,10
2893,1210015400,1210015400,0
2894,1210003800,1210003500,1716
2895,1210003800,1210015200,10
2896,1210003800,1210003800,0
2897,1210014200,1210014300,3219
2898,1210014200,1210003500,10
2899,1210014200,1210014200,0
2900,1210013400,1210013500,2405
2901,1210013400,1210014300,10
2902,1210013400,1210013400,0
2903,1210013400,1210015100,10
2904,1210011000,1210011100,3238
2905,1210011000,1210012500,10
2906,1210011000,1210011000,0
2907,1210011000,1210012900,10
2908,1210009900,1210009800,3259
2909,1210009900,1210011100,10
2910,1210009900,1210009900,0
2911,1210009900,1210011900,10
2912,1200001600,1200001500,2681
2913,1200001600,1210008000,10
2914,1200001600,1210010800,10
2915,1200001600,1200001600,0
2916,1200001600,1210013300,10
2917,1200002000,1200001900,371
2918,1200002000,1200001500,10
2919,1200002000,1200002000,0
2920,1200002600,1200002500,1930
2921,1200002600,1200001900,10
2922,1200002600,1200002600,0
2923,1200004800,1200004700,1964
2924,1200004800,1200005000,10
2925,1200004800,1200003300,10
2926,1200004800,1200003700,10
2927,1200004800,1200004800,0
2928,1200007900,1200008000,2960
2929,1200007900,1200005900,10
2930,1200007900,1200007900,0
2931,1200007100,1200007200,359
2932,1200007100,1200008000,10
2933,1200007100,1200007100,0
2934,1200007100,1200006300,10
2935,1200007100,1200010000,10
2936,1200003900,1200004000,1984
2937,1200003900,1200006200,10
2938,1200003900,1200003100,10
2939,1200003900,1200005800,10
2940,1200003900,1200003900,0
2941,1200002700,1200002800,1161
2942,1200002700,1200004000,10
2943,1200002700,1200002700,0
2944,1200002700,1170008900,10
2945,1200002700,1200005200,10
2946,1160013400,1160013300,431
2947,1160013400,1160001700,10
2948,1160013400,1160001300,10
2949,1160013400,1160010900,10
2950,1160013400,1160013400,0
2951,1160016200,1160016100,1293
2952,1160016200,1160015400,10
2953,1160016200,1160013100,10
2954,1160016200,1160013300,10
2955,1160016200,1160016200,0
2956,1140017200,1140017100,12209
2957,1140017200,1140011300,10
2958,1140017200,1140017200,0
2959,1140017200,1140013700,10
2960,1140017200,1140014600,10
2961,1140036400,1140036300,1452
2962,1140036400,1140034800,10
2963,1140036400,1140033300,10
2964,1140036400,1140030700,10
2965,1140036400,1140036400,0
2966,1150011900,1150011800,5074
2967,1150011900,1140039700,10
2968,1150011900,1150011900,0
2969,1150011900,1150001200,10
2970,1150011900,3201506400,10
2971,1150012700,1150012600,1815
2972,1150012700,1150011800,10
2973,1150012700,1150012700,0
2974,1140013800,1140013700,1855
2975,1140013800,1140013800,0
2976,1130004900,1130004900,0
2977,1130006600,1130006600,0
2978,1120001800,1120001700,2404
2979,1120001800,1120001800,0
2980,1120001800,1120001300,10
2981,1120002200,1120002100,11732
2982,1120002200,1120002200,0
2983,1120002200,1120001700,10
2984,1000002600,1000002500,5441
2985,1000002600,1000002600,0
2986,1000002600,1120002300,10
2987,1070001300,1070001400,2809
2988,1070001300,1070001300,0
2989,1070001300,1000002500,10
2990,1070000300,1070000400,2564
2991,1070000300,1070000300,0
2992,1070000300,1070001400,10
2993,1050003200,1050003300,7900
2994,1050003200,1050003200,0
2995,1050003200,1070000600,10
2996,1050003200,1070000200,10
2997,1030002400,1030002500,6123
2998,1030002400,1030002400,0
2999,1030002400,1030002800,10
3000,1070000400,1070000300,3899
3001,1070000400,1070000500,10
3002,1070000400,1070000400,0
3003,1070001400,1070001300,1776
3004,1070001400,1070000300,10
3005,1070001400,1070001400,0
3006,1000002500,1000002600,5799
3007,1000002500,1070001300,10
3008,1000002500,1000002500,0
3009,1120002300,1120002400,9579
3010,1120002300,1000002600,10
3011,1120002300,1120002300,0
3012,1130006500,1120001400,10
3013,1130006500,1130006500,0
3014,1180003300,1180003400,419
3015,1180003300,1180003300,0
3016,1180003300,1180003600,10
3017,1180040600,1180040700,424
3018,1180040600,1180040600,0
3019,1180040600,1180003400,10
3020,1180040600,1180003800,10
3021,1180040600,1180040800,10
3022,1190006800,1190006700,2919
3023,1190006800,1190006800,0
3024,1190006800,1190007200,10
3025,1190006800,1190007000,10
3026,1190006800,1190006100,10
3027,1190006600,1190006500,2163
3028,1190006600,1190006600,0
3029,1190006600,1190007600,10
3030,1190006600,1190005500,10
3031,1190006600,1190004700,10
3032,1190007400,1190007300,2023
3033,1190007400,1190006500,10
3034,1190007400,1190007400,0
3035,1190006700,1190006800,5394
3036,1190006700,1190007300,10
3037,1190006700,1190006700,0
3038,1190006700,1190000600,10
3039,1190006700,1190000100,10
3040,1180034700,1180034600,2109
3041,1180034700,1180031500,10
3042,1180034700,1180030000,10
3043,1180034700,1180025800,10
3044,1180034700,1180034700,0
3045,1180039100,1180039000,2839
3046,1180039100,1180034600,10
3047,1180039100,1180039100,0
3048,1180039100,1180003200,10
3049,1180039100,1190000500,10
3050,1180003400,1180003300,3117
3051,1180003400,1180040600,10
3052,1180003400,1180003400,0
3053,1180003400,1180003800,10
3054,1180003400,1180040800,10
3055,1180004800,1180004700,3528
3056,1180004800,1180004300,10
3057,1180004800,1180004800,0
3058,1180004800,1180003900,10
3059,1180004800,1180004600,10
3060,1190005200,1190005100,2683
3061,1190005200,1190005200,0
3062,1190005200,1190005600,10
3063,1190005200,1190004300,10
3064,1190005800,1190005700,3846
3065,1190005800,1190005800,0
3066,1190005800,1180015100,10
3067,1190006000,1190005900,2143
3068,1190006000,1190005700,10
3069,1190006000,1190006000,0
3070,1100017000,1100016900,481
3071,1100017000,1100017000,0
3072,1100017000,1100013700,10
3073,1100017000,1100018000,10
3074,1100026000,1100025900,181
3075,1100026000,1100026000,0
3076,1100026000,1100024300,10
3077,1100029200,1100029100,321
3078,1100029200,1100029200,0
3079,1100029200,1100027700,10
3080,1100030400,1100030300,1840
3081,1100030400,1100030400,0
3082,1100030400,1100029100,10
3083,1100030400,1100029500,10
3084,1100030700,1100030800,1916
3085,1100030700,1100031600,10
3086,1100030700,1100030700,0
3087,1100027700,1100027800,249
3088,1100027700,1100029200,10
3089,1100027700,1100027700,0
3090,1100026700,1100026800,216
3091,1100026700,1100027800,10
3092,1100026700,1100026700,0
3093,1100026700,1100029000,10
3094,1100026700,1100026500,10
3095,1100024300,1100024400,295
3096,1100024300,1100026000,10
3097,1100024300,1100024300,0
3098,1100019100,1100019200,606
3099,1100019100,1100022000,10
3100,1100019100,1100019100,0
3101,1100029000,1100028900,1160
3102,1100029000,1100027800,10
3103,1100029000,1100026700,10
3104,1100029000,1100029000,0
3105,1100029000,1100026500,10
3106,1090005400,1090005300,472
3107,1090005400,1090005400,0
3108,1090005400,1090006000,10
3109,1080012300,1080012400,554
3110,1080012300,1080012300,0
3111,1080012300,1090004200,10
