Steps,Policy/Entropy,Environment/Episode Length,Policy/Extrinsic Value Estimate,Environment/Cumulative Reward,Policy/Extrinsic Reward,Is Training
1000,1.3861787,20.29787234042553,-0.583463,-0.2884782491778226,-0.2884782491778226,1.0
2000,1.386178,21.22222222222222,-0.581721,-0.22577776652243403,-0.22577776652243403,1.0
3000,1.386205,21.026315789473685,-0.5436014,-0.32653844110572183,-0.32653844110572183,1.0
4000,1.3861781,25.8,-0.56053156,-0.4263414371213535,-0.4263414371213535,1.0
5000,1.3861939,19.382978723404257,-0.52850085,-0.2260869494639337,-0.2260869494639337,1.0
6000,1.3861588,18.754716981132077,-0.5904492,-0.27583332301151975,-0.27583332301151975,1.0
7000,1.3861626,15.80952380952381,-0.5841379,-0.1785483845479546,-0.1785483845479546,1.0
8000,1.3861842,17.84,-0.56511265,-0.2119999935477972,-0.2119999935477972,1.0
9000,1.386179,20.8125,-0.58304685,-0.23874998645624146,-0.23874998645624146,1.0
10000,1.3861885,16.089285714285715,-0.6037711,-0.21245613310224654,-0.21245613310224654,1.0
11000,1.3810581,34.73076923076923,-0.43546772,-0.47538459841878367,-0.47538459841878367,1.0
12000,1.3786639,86.375,-0.46103355,-1.1381249795667827,-1.1381249795667827,1.0
13000,1.3772495,80.4,-0.45979065,-1.0853333053489527,-1.0853333053489527,1.0
14000,1.3798378,68.41176470588235,-0.43962365,-1.2082352522103226,-1.2082352522103226,1.0
15000,1.3806905,67.13333333333334,-0.41975343,-1.0321428238946413,-1.0321428238946413,1.0
16000,1.3791561,64.77777777777777,-0.43527716,-1.0809999546036124,-1.0809999546036124,1.0
17000,1.3807515,80.86666666666666,-0.37872174,-0.9576666174456477,-0.9576666174456477,1.0
18000,1.381312,45.36,-0.39956194,-0.8603999721258879,-0.8603999721258879,1.0
19000,1.3811946,54.9375,-0.39135486,-1.2996874435339123,-1.2996874435339123,1.0
20000,1.3797596,57.84615384615385,-0.4098669,-1.1188461072026537,-1.1188461072026537,1.0
21000,1.3805125,124.2,-0.424798,-1.571499919705093,-1.571499919705093,1.0
22000,1.3778489,227.0,-0.47748858,-2.2899998500943184,-2.2899998500943184,1.0
23000,1.3789124,292.25,-0.52472675,-3.3337497860193253,-3.3337497860193253,1.0
24000,1.3782127,179.0,-0.5884771,-2.2949998900294304,-2.2949998900294304,1.0
25000,1.380737,189.16666666666666,-0.4760427,-1.0241666330645482,-1.0241666330645482,1.0
26000,1.3811288,277.75,-0.4849165,-3.5066664814949036,-3.5066664814949036,1.0
27000,1.3785439,166.0,-0.50745463,-2.2409998372197153,-2.2409998372197153,1.0
28000,1.3797976,236.5,-0.5523198,-3.7774998173117638,-3.7774998173117638,1.0
29000,1.3786453,417.3333333333333,-0.53704435,-4.466666373113791,-4.466666373113791,1.0
30000,1.3781091,210.0,-0.5264305,-3.0299998909235,-3.0299998909235,1.0
31000,1.3785282,268.0,-0.508225,-2.4316665530204773,-2.4316665530204773,1.0
32000,1.3682107,490.0,-0.5097637,-4.072499638423324,-4.072499638423324,1.0
33000,1.3693633,334.0,-0.44306248,-2.418333242336909,-2.418333242336909,1.0
34000,1.373862,332.3333333333333,-0.46098033,-1.5666665621101856,-1.5666665621101856,1.0
35000,1.3732173,394.3333333333333,-0.47316718,-0.9799999396006266,-0.9799999396006266,1.0
36000,1.3730315,499.0,-0.4314221,-0.9599999375641346,-0.9599999375641346,1.0
37000,1.3714254,301.0,-0.415111,-0.813333253065745,-0.813333253065745,1.0
38000,1.3698096,499.0,-0.44151664,-1.754999864846468,-1.754999864846468,1.0
39000,1.3695492,451.0,-0.4740771,-2.2149998527020216,-2.2149998527020216,1.0
40000,1.3715386,499.0,-0.46122432,-2.8549998216331005,-2.8549998216331005,1.0
41000,1.3721366,499.0,-0.53072476,-2.6749997828155756,-2.6749997828155756,1.0
42000,1.3608466,209.8,-0.52254814,-0.6649999767541885,-0.6649999767541885,1.0
43000,1.3607584,469.5,-0.47918618,-2.9249997828155756,-2.9249997828155756,1.0
44000,1.3554567,327.6666666666667,-0.4841934,-1.0033332891762257,-1.0033332891762257,1.0
45000,1.3547065,409.0,-0.51374257,0.7283333040152987,0.7283333040152987,1.0
46000,1.3541329,370.3333333333333,-0.47729525,-1.031666638950507,-1.031666638950507,1.0
47000,1.3621266,397.5,-0.41327626,0.13249995931982994,0.13249995931982994,1.0
48000,1.3608729,310.2,-0.40779027,-0.797999981790781,-0.797999981790781,1.0
49000,1.3595301,184.0,-0.45559192,-0.6300000250339508,-0.6300000250339508,1.0
50000,1.3562729,358.25,-0.4802798,-0.21999998670071363,-0.21999998670071363,1.0
51000,1.3567055,375.3333333333333,-0.5209163,0.037499964237213135,0.037499964237213135,1.0
52000,1.3390346,244.8,-0.43873575,0.5319999486207962,0.5319999486207962,1.0
53000,1.3318888,121.0,-0.38517258,0.6724999845027924,0.6724999845027924,1.0
54000,1.3275846,499.0,-0.3913982,0.6733332872390747,0.6733332872390747,1.0
55000,1.3287753,499.0,-0.39386475,1.6299999058246613,1.6299999058246613,1.0
56000,1.3348305,499.0,-0.37731785,2.329999844233195,2.329999844233195,1.0
57000,1.3249286,499.0,-0.38605258,-4.489999711513519,-4.489999711513519,1.0
58000,1.3309541,499.0,-0.3903639,0.4733332892258962,0.4733332892258962,1.0
59000,1.3391521,499.0,-0.35889906,2.2099998146295547,2.2099998146295547,1.0
60000,1.3406527,499.0,-0.35305235,-1.3799999095499516,-1.3799999095499516,1.0
61000,1.3371398,296.5,-0.3774024,-1.249999988824129,-1.249999988824129,1.0
62000,1.3194566,499.0,-0.35386384,1.0799999323983986,1.0799999323983986,1.0
63000,1.3070141,404.0,-0.31544083,-4.524999707937241,-4.524999707937241,1.0
64000,1.3027027,499.0,-0.3055708,-3.879999707142512,-3.879999707142512,1.0
65000,1.2923462,499.0,-0.298561,2.679999828338623,2.679999828338623,1.0
66000,1.2947062,499.0,-0.29888558,1.6666665573914845,1.6666665573914845,1.0
67000,1.2809914,235.66666666666666,-0.29392695,-0.6533332864443461,-0.6533332864443461,1.0
68000,1.2752736,368.5,-0.28979725,3.284999839961529,3.284999839961529,1.0
69000,1.3012377,499.0,-0.29662874,5.029999643564224,5.029999643564224,1.0
70000,1.301756,327.0,-0.30166182,-1.5374998897314072,-1.5374998897314072,1.0
71000,1.3016963,499.0,-0.30195132,-5.359999597072601,-5.359999597072601,1.0
72000,1.2801663,420.4,-0.3043612,1.1249999180436134,1.1249999180436134,1.0
73000,1.2520849,None,-0.2822814,-5.649999722838402,-5.649999722838402,1.0
74000,1.237662,329.6,-0.21164888,0.5769999891519546,0.5769999891519546,1.0
75000,1.2437558,146.5,-0.21307112,1.3274999167770147,1.3274999167770147,1.0
76000,1.2507563,480.6666666666667,-0.22805253,4.638333035012086,4.638333035012086,1.0
77000,1.2504563,402.6666666666667,-0.225824,0.4599999263882637,0.4599999263882637,1.0
78000,1.2248312,262.0,-0.1839645,2.6387497670948505,2.6387497670948505,1.0
79000,1.2282336,499.0,-0.16112953,7.189999341964722,7.189999341964722,1.0
80000,1.2620794,499.0,-0.2316748,5.429999520381291,5.429999520381291,1.0
81000,1.2671334,305.0,-0.2459376,-0.5083333527048429,-0.5083333527048429,1.0
82000,1.25507,333.25,-0.24496533,-0.16125003062188625,-0.16125003062188625,1.0
83000,1.2046323,353.0,-0.16155684,4.414999678730965,4.414999678730965,1.0
84000,1.1675599,380.3333333333333,-0.13403194,1.3866665959358215,1.3866665959358215,1.0
85000,1.1849688,499.0,-0.112543836,8.409999549388885,8.409999549388885,1.0
86000,1.1630577,499.0,-0.11969778,3.626666317383448,3.626666317383448,1.0
87000,1.1328726,499.0,-0.042488422,-8.64999932050705,-8.64999932050705,1.0
88000,1.1751916,340.6,-0.122583516,4.439999669790268,4.439999669790268,1.0
89000,1.1724141,499.0,-0.12059319,-7.279999494552612,-7.279999494552612,1.0
90000,1.224511,232.66666666666666,-0.2227667,3.13249979292353,3.13249979292353,1.0
91000,1.2336564,278.5,-0.28027213,-2.4099997729063034,-2.4099997729063034,1.0
92000,1.2182214,442.6666666666667,-0.25532213,-1.7616665462652843,-1.7616665462652843,1.0
93000,1.1783503,499.0,-0.13429095,-5.94999960064888,-5.94999960064888,1.0
94000,1.1288855,499.0,-0.072360694,3.3033330937226615,3.3033330937226615,1.0
95000,1.134879,499.0,-0.09956463,6.659999430179596,6.659999430179596,1.0
96000,1.1384655,405.0,-0.10823561,-0.8287499099969864,-0.8287499099969864,1.0
97000,1.1438158,375.0,-0.12392681,-5.929999589920044,-5.929999589920044,1.0
98000,1.1469172,499.0,-0.09862666,7.923332770665486,7.923332770665486,1.0
99000,1.1328532,197.0,-0.12588985,-2.3599998553593955,-2.3599998553593955,1.0
100000,1.1726388,322.0,-0.18709052,2.11799978017807,2.11799978017807,1.0
101000,1.1500381,193.0,-0.13005735,-0.8766665657361349,-0.8766665657361349,1.0
102000,1.1832397,402.0,-0.18944177,2.418333093325297,2.418333093325297,1.0
103000,1.1868464,335.4,-0.20153897,-2.44499983638525,-2.44499983638525,1.0
104000,1.2441338,499.0,-0.3307993,-1.582499898970127,-1.582499898970127,1.0
105000,1.2126504,317.0,-0.3071248,-3.1399997770786285,-3.1399997770786285,1.0
106000,1.1753856,390.0,-0.17510004,-0.8262499123811722,-0.8262499123811722,1.0
107000,1.1757338,499.0,-0.10600237,9.34999930858612,9.34999930858612,1.0
108000,1.1495285,477.6666666666667,-0.07654408,-1.8566665252049763,-1.8566665252049763,1.0
109000,1.1556392,286.6666666666667,-0.0887403,4.243332991997401,4.243332991997401,1.0
110000,1.1307431,242.8,0.02523118,1.0329999014735223,1.0329999014735223,1.0
111000,1.1286038,354.5,-0.019555593,5.8324995040893555,5.8324995040893555,1.0
112000,1.1686002,401.3333333333333,-0.059186053,3.0283330281575522,3.0283330281575522,1.0
113000,1.1834389,267.5,-0.19145322,3.7799996584653854,3.7799996584653854,1.0
114000,1.1122832,286.5,-0.012839321,0.41333327690760296,0.41333327690760296,1.0
115000,1.0571191,370.0,0.24996817,6.694999575614929,6.694999575614929,1.0
116000,1.0952277,321.0,0.09842563,5.231249595060945,5.231249595060945,1.0
117000,1.1190052,166.75,0.0071068723,3.0839997261762617,3.0839997261762617,1.0
118000,1.159481,308.25,-0.07918144,-0.11249998211860657,-0.11249998211860657,1.0
119000,1.0706614,229.33333333333334,0.062220518,1.8749998360872269,1.8749998360872269,1.0
120000,1.0116826,169.875,0.24970587,1.2164285081837858,1.2164285081837858,1.0
121000,1.0374392,414.5,0.44778448,6.14666606982549,6.14666606982549,1.0
122000,1.0643564,220.6,0.10637099,1.4209998983889818,1.4209998983889818,1.0
123000,1.0980399,499.0,0.14530565,9.92999917268753,9.92999917268753,1.0
124000,1.1085076,266.3333333333333,-0.029122598,2.153999800980091,2.153999800980091,1.0
125000,1.1890812,499.0,-0.13289829,-0.999999925494194,-0.999999925494194,1.0
126000,1.0745372,415.0,0.03586831,1.0366666118303935,1.0366666118303935,1.0
127000,1.1509829,185.0,0.053947862,1.2519998222589492,1.2519998222589492,1.0
128000,1.1912826,389.5,-0.23958692,4.777499616146088,4.777499616146088,1.0
129000,1.124558,498.5,-0.023935318,-4.552499793469906,-4.552499793469906,1.0
130000,1.0843852,499.0,0.1300376,2.119999811053276,2.119999811053276,1.0
131000,1.1277827,450.0,-0.013880217,3.894999712705612,3.894999712705612,1.0
132000,1.0176023,322.5,0.2395972,-2.0524998605251312,-2.0524998605251312,1.0
133000,0.99107075,499.0,0.51973796,9.929999202489853,9.929999202489853,1.0
134000,1.0362414,499.0,0.45046404,8.604999333620071,8.604999333620071,1.0
135000,1.0981578,277.5,0.29489207,5.941666175921758,5.941666175921758,1.0
136000,1.1052988,499.0,0.23602276,8.729999214410782,8.729999214410782,1.0
137000,1.0506585,240.5,0.3984799,2.332499764238795,2.332499764238795,1.0
138000,0.9861743,325.5,0.4915785,3.622499644756317,3.622499644756317,1.0
139000,1.0090389,302.6666666666667,0.49709314,5.0883329684535665,5.0883329684535665,1.0
140000,1.1546019,236.4,0.13717711,4.316999658942223,4.316999658942223,1.0
141000,1.2366972,361.0,-0.19973049,0.7149999986092249,0.7149999986092249,1.0
142000,1.1481252,405.5,0.08576727,1.937499761581421,1.937499761581421,1.0
143000,1.0690942,421.0,0.26043183,-0.7899998798966408,-0.7899998798966408,1.0
144000,1.0819914,499.0,0.3468253,2.4049997329711914,2.4049997329711914,1.0
145000,1.1164707,499.0,0.19299,9.30499941110611,9.30499941110611,1.0
146000,1.0515745,499.0,0.17301163,2.6199997290968895,2.6199997290968895,1.0
147000,0.97990096,213.2,0.41340798,0.9449999243021011,0.9449999243021011,1.0
148000,1.0154777,344.0,0.4325629,7.066666007041931,7.066666007041931,1.0
149000,1.0957453,463.5,0.17332081,7.947499483823776,7.947499483823776,1.0
150000,1.17112,481.5,-0.034963135,1.587499976158142,1.587499976158142,1.0
151000,1.0967083,343.3333333333333,0.001518537,-4.973332981268565,-4.973332981268565,1.0
152000,1.0611641,287.0,0.24319617,2.708749871235341,2.708749871235341,1.0
153000,1.0192289,422.5,0.33572176,-0.6774999499320984,-0.6774999499320984,1.0
154000,1.0244083,244.2,0.39317426,5.468749590218067,5.468749590218067,1.0
155000,1.1478313,499.0,0.026376907,1.5816665291786194,1.5816665291786194,1.0
156000,1.0750581,385.0,0.019272061,-3.1449997946619987,-3.1449997946619987,1.0
157000,1.030904,499.0,0.30105352,1.8399997651576996,1.8399997651576996,1.0
158000,1.0332122,327.75,0.31219476,1.6049998397938907,1.6049998397938907,1.0
159000,1.0481935,296.0,0.2503516,5.2683329582214355,5.2683329582214355,1.0
160000,1.168389,396.0,-0.103026316,7.489999145269394,7.489999145269394,1.0
161000,1.230165,322.0,-0.4128836,2.189999776892364,2.189999776892364,1.0
162000,1.1062605,254.0,-0.06383876,-1.0916666115323703,-1.0916666115323703,1.0
163000,1.0342033,499.0,0.2068862,4.179999638348818,4.179999638348818,1.0
164000,0.9636419,470.5,0.47000986,4.7874996066093445,4.7874996066093445,1.0
165000,1.0855335,499.0,0.37600535,10.504999250173569,10.504999250173569,1.0
166000,1.256197,499.0,-0.26808438,9.499999463558197,9.499999463558197,1.0
167000,1.1938086,499.0,-0.3185322,-1.8399998471140862,-1.8399998471140862,1.0
168000,1.0084592,340.0,0.18463768,-0.5862499848008156,-0.5862499848008156,1.0
169000,0.9129917,345.5,0.69040984,7.892499389592558,7.892499389592558,1.0
170000,0.8906734,470.5,0.688696,5.547499673441052,5.547499673441052,1.0
171000,1.0617505,499.0,0.29385036,11.04499900341034,11.04499900341034,1.0
172000,1.1671021,337.5,-0.17249887,1.596249807626009,1.596249807626009,1.0
173000,1.1218523,243.0,5.8664995e-05,-0.8683332614600658,-0.8683332614600658,1.0
174000,1.0946344,319.6666666666667,0.1646549,0.6683333118756613,0.6683333118756613,1.0
175000,1.1312753,246.0,0.021683449,1.7133332093556721,1.7133332093556721,1.0
176000,0.9511801,165.0,0.15557274,0.37333330512046814,0.37333330512046814,1.0
177000,0.9086334,297.5,0.7041444,4.967499691527337,4.967499691527337,1.0
178000,1.0710393,307.0,0.3757801,7.054999530315399,7.054999530315399,1.0
179000,1.0932773,313.0,0.13221942,2.2499998584389687,2.2499998584389687,1.0
180000,0.9311331,407.0,0.6540003,1.9599998965859413,1.9599998965859413,1.0
181000,1.096288,463.0,0.43820554,10.229999125003815,10.229999125003815,1.0
182000,1.2555242,444.3333333333333,-0.19654071,1.108333244919777,1.108333244919777,1.0
183000,1.2435579,174.5,-0.23188525,-0.607499991543591,-0.607499991543591,1.0
184000,1.2063968,499.0,-0.15415256,-0.2500000111758709,-0.2500000111758709,1.0
185000,1.0817462,489.5,0.12884094,-3.049999851733446,-3.049999851733446,1.0
186000,0.96077794,None,0.55226713,8.15499946475029,8.15499946475029,1.0
187000,1.0299039,499.0,0.5888747,7.194999448955059,7.194999448955059,1.0
188000,1.1614674,346.0,0.23275937,6.728332827488582,6.728332827488582,1.0
189000,0.99741745,396.0,0.50900686,0.2350000043710073,0.2350000043710073,1.0
190000,0.87957716,339.0,1.0065756,6.084999491771062,6.084999491771062,1.0
191000,0.8948165,373.0,1.0394843,8.004999339580536,8.004999339580536,1.0
192000,1.024933,418.6666666666667,0.54924285,8.318332679569721,8.318332679569721,1.0
193000,1.1565263,369.5,0.2823875,7.867499351501465,7.867499351501465,1.0
194000,1.1726252,499.0,-0.023900166,4.674999579787254,4.674999579787254,1.0
195000,1.0402176,499.0,0.3992502,1.564999895170331,1.564999895170331,1.0
196000,1.0366567,210.33333333333334,0.60166025,3.45999975502491,3.45999975502491,1.0
197000,1.1454093,299.0,0.35102436,2.3699997464815774,2.3699997464815774,1.0
198000,1.0257884,287.5,0.5406203,1.3249998837709427,1.3249998837709427,1.0
199000,1.127943,396.0,0.34922192,8.054999232292175,8.054999232292175,1.0
200000,1.0089539,293.6666666666667,0.58292717,2.651666489740213,2.651666489740213,1.0
201000,1.0834582,299.0,0.5148223,2.9319998174905777,2.9319998174905777,1.0
202000,1.1213226,295.0,0.075901866,3.539999783039093,3.539999783039093,1.0
203000,1.0104429,497.0,0.42732316,6.389999491473039,6.389999491473039,1.0
204000,1.0036316,499.0,0.6684105,8.979999363422394,8.979999363422394,1.0
205000,1.1370701,381.75,0.31336838,7.317499414086342,7.317499414086342,1.0
206000,1.1660335,335.0,0.12860481,3.2499997466802597,3.2499997466802597,1.0
207000,1.0444703,488.6666666666667,0.38691708,4.698749673552811,4.698749673552811,1.0
208000,1.0973877,176.5,0.43743393,3.8274996988475323,3.8274996988475323,1.0
209000,1.129938,387.75,0.32738927,4.001249687746167,4.001249687746167,1.0
210000,1.1465323,472.0,0.31102544,9.564999222755432,9.564999222755432,1.0
211000,1.0544094,376.0,0.44919115,3.048749743029475,3.048749743029475,1.0
212000,0.9775501,499.0,0.7745649,10.97999882698059,10.97999882698059,1.0
213000,1.0804645,478.0,0.62880564,6.294999497632186,6.294999497632186,1.0
214000,1.1682717,291.5,0.3499593,5.312499579042196,5.312499579042196,1.0
215000,1.1746533,421.75,0.230903,-1.4712499463930726,-1.4712499463930726,1.0
216000,1.2128617,258.6666666666667,0.09053012,0.0849999189376831,0.0849999189376831,1.0
217000,1.0864191,499.0,0.23049115,1.9866664757331212,1.9866664757331212,1.0
218000,1.1507925,176.0,0.32773963,0.7974999602884054,0.7974999602884054,1.0
219000,1.0929726,415.6666666666667,0.35009208,3.319999799132347,3.319999799132347,1.0
220000,1.0743952,486.0,0.5070695,8.604999125003815,8.604999125003815,1.0
221000,1.093495,499.0,0.49278152,7.776666074991226,7.776666074991226,1.0
222000,1.0454528,281.5,0.6397277,-1.3724999614059925,-1.3724999614059925,1.0
223000,1.0004454,499.0,0.68760985,7.606666033466657,7.606666033466657,1.0
224000,0.9671301,276.6666666666667,0.7970645,1.9349998782078426,1.9349998782078426,1.0
225000,1.1009712,219.4,0.70520484,5.1239996805787085,5.1239996805787085,1.0
226000,1.1750379,499.0,0.39055136,-0.2799999602138996,-0.2799999602138996,1.0
227000,0.97561014,268.5,0.7157602,1.1924998573958874,1.1924998573958874,1.0
228000,0.9457035,499.0,0.64576614,9.299999296665192,9.299999296665192,1.0
229000,0.9335824,369.0,0.75486124,5.89249961823225,5.89249961823225,1.0
230000,1.0417229,499.0,0.78572404,12.429999113082886,12.429999113082886,1.0
231000,1.0673121,297.6,0.2740059,2.6639997914433478,2.6639997914433478,1.0
232000,0.9591863,499.0,0.5795878,8.629999577999115,8.629999577999115,1.0
233000,0.76750296,317.0,1.1650852,6.245999608188868,6.245999608188868,1.0
234000,0.7763711,499.0,1.3539635,11.279999256134033,11.279999256134033,1.0
235000,0.87346625,438.3333333333333,1.0795457,10.413332591454187,10.413332591454187,1.0
236000,0.89934087,302.3333333333333,0.82467675,8.709999352693558,8.709999352693558,1.0
237000,1.0934825,318.75,0.67152566,4.942999564670027,4.942999564670027,1.0
238000,1.0130224,182.5,0.81436646,1.3099999465048313,1.3099999465048313,1.0
239000,0.98623365,405.0,0.81222904,7.267499357461929,7.267499357461929,1.0
240000,1.0134273,319.0,0.7745596,6.679999470710754,6.679999470710754,1.0
241000,1.0175855,353.0,0.91469127,5.412499696016312,5.412499696016312,1.0
242000,0.98375005,499.0,0.99724275,2.499999850988388,2.499999850988388,1.0
243000,1.0123657,371.25,0.8486069,7.143749454990029,7.143749454990029,1.0
244000,1.0087456,258.5,0.87144184,3.1249997168779373,3.1249997168779373,1.0
245000,1.045608,373.0,0.7917783,4.991249563638121,4.991249563638121,1.0
246000,1.0172766,490.0,0.81570834,6.364999532699585,6.364999532699585,1.0
247000,0.800011,386.0,1.1507523,5.949999567121267,5.949999567121267,1.0
248000,0.8613528,499.0,1.1632975,12.379999279975891,12.379999279975891,1.0
249000,1.1469867,298.8,0.5937087,6.424999482929707,6.424999482929707,1.0
250000,1.1580259,191.33333333333334,0.38773677,1.6566665569941204,1.6566665569941204,1.0
251000,1.1156439,479.6666666666667,0.39573643,5.329999645551045,5.329999645551045,1.0
252000,1.097811,261.0,0.53834164,3.2449996918439865,3.2449996918439865,1.0
253000,0.86640996,499.0,1.1473219,4.678749652579427,4.678749652579427,1.0
254000,0.8305639,398.0,1.3374869,9.954999446868896,9.954999446868896,1.0
255000,0.94362986,408.5,1.1478177,7.686249475926161,7.686249475926161,1.0
256000,0.9989211,499.0,0.9597892,11.329999089241028,11.329999089241028,1.0
257000,1.0076592,453.0,0.83824944,6.5966662093997,6.5966662093997,1.0
258000,1.0079153,499.0,0.9254588,2.3099997639656067,2.3099997639656067,1.0
259000,0.93960446,499.0,1.0082142,10.303332527478537,10.303332527478537,1.0
260000,0.8976623,499.0,0.9290496,2.4599998593330383,2.4599998593330383,1.0
261000,0.87513375,279.0,0.8368943,5.922499531259139,5.922499531259139,1.0
262000,0.87111014,337.0,1.0074723,8.379999548196793,8.379999548196793,1.0
263000,1.0011871,300.0,1.011291,5.622499585151672,5.622499585151672,1.0
264000,0.9542473,499.0,1.0270491,11.519999265670776,11.519999265670776,1.0
265000,0.9832912,305.5,1.1890179,3.9737497605383396,3.9737497605383396,1.0
266000,0.953114,499.0,1.157161,7.729999482631683,7.729999482631683,1.0
267000,1.0278882,486.5,1.1114798,8.79666600500544,8.79666600500544,1.0
268000,1.0400106,None,1.2253225,11.97999906539917,11.97999906539917,1.0
269000,0.8766312,499.0,1.3617353,4.289999733368556,4.289999733368556,1.0
270000,0.8821784,459.0,1.3093398,10.782499104738235,10.782499104738235,1.0
271000,0.9261883,236.8,1.1575003,3.9579997062683105,3.9579997062683105,1.0
272000,0.90746266,332.0,1.1205297,6.802499443292618,6.802499443292618,1.0
273000,0.9372502,182.0,1.1473888,3.5593746826052666,3.5593746826052666,1.0
274000,0.8637681,499.0,1.2294539,8.169999480247498,8.169999480247498,1.0
275000,0.7928341,258.8,1.3134882,5.49999958500266,5.49999958500266,1.0
276000,0.8174645,499.0,1.2703497,12.329999208450317,12.329999208450317,1.0
277000,1.0884265,486.3333333333333,0.86457676,11.129999140898386,11.129999140898386,1.0
278000,1.0510767,499.0,0.75354636,6.179999470710754,6.179999470710754,1.0
279000,0.8528024,376.75,1.2982348,5.186249604448676,5.186249604448676,1.0
280000,0.94415426,499.0,1.4882361,11.929999232292175,11.929999232292175,1.0
281000,1.0507544,495.3333333333333,1.2261319,10.051665763060251,10.051665763060251,1.0
282000,1.0315937,499.0,1.1046338,3.449999764561653,3.449999764561653,1.0
283000,0.98281837,499.0,0.95225394,8.523332605759302,8.523332605759302,1.0
284000,0.9377147,499.0,0.9905124,7.979999244213104,7.979999244213104,1.0
285000,0.87723047,271.57142857142856,0.7323623,4.859999640534322,4.859999640534322,1.0
286000,0.8918629,220.33333333333334,1.114805,4.784999614581466,4.784999614581466,1.0
287000,0.9868107,408.3333333333333,1.1922379,6.689999520778656,6.689999520778656,1.0
288000,0.9741941,122.6,1.0511339,3.172499753534794,3.172499753534794,1.0
289000,0.88566875,499.0,1.2711898,6.562499552965164,6.562499552965164,1.0
290000,0.7992239,224.5,1.660076,4.899999618530273,4.899999618530273,1.0
291000,0.9583174,499.0,1.4349166,11.429999192555746,11.429999192555746,1.0
292000,0.97902256,335.5,1.3507057,0.8799999132752419,0.8799999132752419,1.0
293000,1.0126817,340.75,1.1806531,6.594999512036641,6.594999512036641,1.0
294000,1.1769836,499.0,0.96722305,2.639999732375145,2.639999732375145,1.0
295000,1.0908713,235.14285714285714,0.9244103,2.492499771838387,2.492499771838387,1.0
296000,1.0191424,499.0,1.2115781,3.2199997641146183,3.2199997641146183,1.0
297000,0.97545534,339.25,1.3421985,4.859999726215999,4.859999726215999,1.0
298000,0.9605171,482.5,1.1189624,4.4499997943639755,4.4499997943639755,1.0
299000,0.9351746,338.6666666666667,0.8276767,7.7083327894409495,7.7083327894409495,1.0
300000,0.84474874,368.0,1.158215,5.632499597966671,5.632499597966671,1.0
301000,0.8703536,290.3333333333333,1.4149495,6.696666181087494,6.696666181087494,1.0
302000,0.86213887,499.0,1.3067312,6.699999392032623,6.699999392032623,1.0
303000,0.727524,379.25,1.5147969,7.091666271289189,7.091666271289189,1.0
304000,0.7129361,499.0,1.2113303,12.104999244213104,12.104999244213104,1.0
305000,0.7822067,492.0,1.0474069,11.904999236265818,11.904999236265818,1.0
306000,0.83579963,294.0,1.2028261,6.08833294113477,6.08833294113477,1.0
307000,0.9375213,370.6666666666667,1.1541685,8.488332698742548,8.488332698742548,1.0
308000,0.92482346,499.0,1.1097308,9.159999370574951,9.159999370574951,1.0
309000,0.89798623,413.5,1.1407181,4.249999600152175,4.249999600152175,1.0
310000,0.85460365,177.5,1.266229,6.573332836230596,6.573332836230596,1.0
311000,0.9745473,308.8,1.2344146,5.296999657154084,5.296999657154084,1.0
312000,0.82195544,217.0,1.0587337,3.782499710097909,3.782499710097909,1.0
313000,0.80485773,499.0,1.4115813,11.063332557678223,11.063332557678223,1.0
314000,0.878825,275.5,1.3761952,6.677499562501907,6.677499562501907,1.0
315000,0.9002815,293.4,1.2977445,6.224999561905861,6.224999561905861,1.0
316000,1.052197,499.0,1.0237309,5.56249962002039,5.56249962002039,1.0
317000,0.9429344,326.0,0.8658859,5.1137495413422585,5.1137495413422585,1.0
318000,1.0649967,499.0,1.0022593,8.854999303817749,8.854999303817749,1.0
319000,1.0372041,363.75,1.1623224,3.08874976914376,3.08874976914376,1.0
320000,0.90376914,380.0,1.3588686,6.504999339580536,6.504999339580536,1.0
321000,0.9573778,419.25,1.4437704,8.223749335156754,8.223749335156754,1.0
322000,0.9086488,318.0,1.3387742,6.804999470710754,6.804999470710754,1.0
323000,0.8927831,310.6,1.3366395,4.666999666392803,4.666999666392803,1.0
324000,0.91789615,499.0,1.4228268,11.429998755455017,11.429998755455017,1.0
325000,0.89680153,479.6666666666667,1.3518708,6.606666259467602,6.606666259467602,1.0
326000,1.0376464,499.0,1.250194,9.129999339580536,9.129999339580536,1.0
327000,1.159425,499.0,1.2129046,3.2533331736922264,3.2533331736922264,1.0
328000,1.0720884,181.25,1.0504153,0.5824999567121267,0.5824999567121267,1.0
329000,0.8302547,260.2,1.0735017,4.741999611258507,4.741999611258507,1.0
330000,0.9252781,464.0,1.3347822,11.304999470710754,11.304999470710754,1.0
331000,0.9846243,499.0,1.2446584,8.15666620930036,8.15666620930036,1.0
332000,0.92959046,278.0,1.351069,-3.3699998259544373,-3.3699998259544373,1.0
333000,0.99523604,377.25,1.264024,6.109999664127827,6.109999664127827,1.0
334000,0.9830764,441.0,0.8851646,-4.129999727010727,-4.129999727010727,1.0
335000,0.8333336,318.6,1.142383,4.776999659836292,4.776999659836292,1.0
336000,1.0602695,177.0,1.2548698,2.7899998612701893,2.7899998612701893,1.0
337000,0.9866333,332.3333333333333,1.0917685,5.029999569058418,5.029999569058418,1.0
338000,0.87159675,496.0,1.3104672,-1.3249999172985554,-1.3249999172985554,1.0
339000,0.81314486,499.0,1.2204137,10.30666595697403,10.30666595697403,1.0
340000,0.8165945,499.0,1.1531423,11.379998922348022,11.379998922348022,1.0
341000,0.864294,499.0,1.19301,10.656665901343027,10.656665901343027,1.0
342000,0.8924192,499.0,0.9388972,12.229999303817749,12.229999303817749,1.0
343000,0.88180625,499.0,0.9925985,9.873332599798838,9.873332599798838,1.0
344000,0.9581619,499.0,0.9919458,11.47999906539917,11.47999906539917,1.0
345000,1.0081924,499.0,0.9317264,9.586665749549866,9.586665749549866,1.0
346000,0.9812683,499.0,0.8193127,-1.1499998643994331,-1.1499998643994331,1.0
347000,1.0188478,499.0,0.8753016,10.396665732065836,10.396665732065836,1.0
348000,0.988675,268.5,1.1048188,2.6099997758865356,2.6099997758865356,1.0
349000,0.97088706,380.25,1.0981902,6.6049994379282,6.6049994379282,1.0
350000,0.9568498,460.0,1.0788586,8.824999213218689,8.824999213218689,1.0
351000,0.9157282,397.5,1.1264914,7.436249420046806,7.436249420046806,1.0
352000,0.9906855,499.0,1.0752578,9.529999256134033,9.529999256134033,1.0
353000,0.8880975,377.0,1.1686717,5.663749581202865,5.663749581202865,1.0
354000,0.74591774,499.0,1.0863427,11.429998755455017,11.429998755455017,1.0
355000,0.7958841,394.0,1.1129339,9.309999465942383,9.309999465942383,1.0
356000,0.9615756,499.0,1.069459,11.97999894618988,11.97999894618988,1.0
357000,0.9292333,353.25,1.074244,4.852499721571803,4.852499721571803,1.0
358000,0.9240796,306.0,1.1023563,6.187499463558197,6.187499463558197,1.0
359000,0.900023,334.6666666666667,1.1175967,5.123332967360814,5.123332967360814,1.0
360000,0.8927984,498.0,1.0921367,9.92999917268753,9.92999917268753,1.0
361000,0.9354575,352.3333333333333,1.2052897,7.2499993070960045,7.2499993070960045,1.0
362000,0.954599,499.0,1.2496834,9.654999345541,9.654999345541,1.0
363000,0.9708553,327.0,1.2636058,5.112499587237835,5.112499587237835,1.0
364000,1.120709,332.0,1.0915291,7.054999440908432,7.054999440908432,1.0
365000,1.0063539,476.5,1.1050794,0.30250002816319466,0.30250002816319466,1.0
366000,0.75191253,252.2,1.1511298,2.8709997653961183,2.8709997653961183,1.0
367000,0.7522831,452.5,1.22143,9.73999935388565,9.73999935388565,1.0
368000,0.7599032,397.6666666666667,1.44528,9.446665897965431,9.446665897965431,1.0
369000,0.81353724,394.5,1.2733736,9.017499268054962,9.017499268054962,1.0
370000,0.8770531,375.3333333333333,1.2493415,11.904999196529388,11.904999196529388,1.0
371000,0.8890381,499.0,1.2228594,4.9899995774030685,4.9899995774030685,1.0
372000,1.0083879,499.0,1.189394,11.319999098777771,11.319999098777771,1.0
373000,1.0865144,496.0,1.1968377,5.711666235079368,5.711666235079368,1.0
374000,0.9717863,309.0,1.3004367,5.579999595880508,5.579999595880508,1.0
375000,0.87234133,335.6,1.2115241,3.3199996749560037,3.3199996749560037,1.0
376000,0.8670407,379.0,1.3510035,8.47999918460846,8.47999918460846,1.0
377000,0.8054077,481.3333333333333,1.4772699,8.824999393584827,8.824999393584827,1.0
378000,0.8465272,499.0,1.5275431,12.22999918460846,12.22999918460846,1.0
379000,0.9203012,299.0,1.3277636,4.975999677181244,4.975999677181244,1.0
380000,0.97081196,278.8,1.2059962,3.416666398445765,3.416666398445765,1.0
381000,0.97201204,357.0,1.2919677,3.292499804869294,3.292499804869294,1.0
382000,0.91431445,207.33333333333334,1.3687606,4.334999684554835,4.334999684554835,1.0
383000,0.93580836,419.0,1.3072103,6.409999556839466,6.409999556839466,1.0
384000,0.9592841,499.0,1.3020254,10.799999117851257,10.799999117851257,1.0
385000,0.98617935,499.0,1.1759405,6.676666257282098,6.676666257282098,1.0
386000,1.0618874,499.0,1.0392201,10.679999351501465,10.679999351501465,1.0
387000,1.0557292,439.75,1.0987519,4.757499663159251,4.757499663159251,1.0
388000,0.8247136,163.5,1.2900823,1.8662498742341995,1.8662498742341995,1.0
389000,0.835546,358.6666666666667,1.2496231,8.77166614929835,8.77166614929835,1.0
390000,0.9343441,241.0,1.2286502,2.411666522423426,2.411666522423426,1.0
391000,0.8586909,450.0,1.1592219,8.624999478459358,8.624999478459358,1.0
392000,0.9139954,214.75,1.15605,4.686666399240494,4.686666399240494,1.0
393000,0.92666245,499.0,1.1425006,4.443332980076472,4.443332980076472,1.0
394000,0.8383277,374.5,1.130499,6.5974994748830795,6.5974994748830795,1.0
395000,0.84057856,499.0,1.049565,11.579999089241028,11.579999089241028,1.0
396000,0.8787923,497.5,0.9753031,10.79249906539917,10.79249906539917,1.0
397000,0.83434963,499.0,0.9429924,8.924999296665192,8.924999296665192,1.0
398000,0.7588932,261.6,1.144917,6.056999518349767,6.056999518349767,1.0
399000,0.8009523,499.0,1.273272,12.429999232292175,12.429999232292175,1.0
400000,0.84608227,291.4,1.0808522,6.009999498724937,6.009999498724937,1.0
401000,0.8363727,499.0,1.3087838,9.779999375343323,9.779999375343323,1.0
402000,0.8568056,474.0,1.2914224,10.494999170303345,10.494999170303345,1.0
403000,0.8532094,499.0,1.1966579,8.119999408721924,8.119999408721924,1.0
404000,0.7775431,382.0,1.3609351,8.242499336600304,8.242499336600304,1.0
405000,0.8985465,499.0,1.284201,12.029999256134033,12.029999256134033,1.0
406000,0.91543686,498.3333333333333,1.227773,5.566666225592296,5.566666225592296,1.0
407000,0.79403746,418.5,1.2913218,8.122499465942383,8.122499465942383,1.0
408000,0.79253775,296.4,1.488474,7.061999583244324,7.061999583244324,1.0
409000,1.0310001,None,1.1595317,None,None,1.0
410000,1.00149,346.8,1.2175958,3.659999717026949,3.659999717026949,1.0
411000,0.84895104,481.5,1.2374855,7.329999268054962,7.329999268054962,1.0
412000,0.7699283,268.5,1.2828987,6.711999419145286,6.711999419145286,1.0
413000,0.829862,499.0,1.3042006,11.829999089241028,11.829999089241028,1.0
414000,0.83894414,473.0,1.2867167,7.949999465296666,7.949999465296666,1.0
415000,0.7984569,499.0,1.2171953,12.279999256134033,12.279999256134033,1.0
416000,0.78604716,381.25,1.15354,8.21249932050705,8.21249932050705,1.0
417000,0.8144635,430.0,1.3391407,9.537499189376831,9.537499189376831,1.0
418000,0.7861144,330.75,1.3461734,6.039999559521675,6.039999559521675,1.0
419000,0.8177171,339.0,1.4102871,7.779999494552612,7.779999494552612,1.0
420000,0.8350487,383.0,1.3986417,6.874999592701594,6.874999592701594,1.0
421000,0.8108895,419.0,1.1018612,10.014999374747276,10.014999374747276,1.0
422000,0.82655364,499.0,1.2522694,11.179999142885208,11.179999142885208,1.0
423000,0.84726506,499.0,1.5015686,9.504999339580536,9.504999339580536,1.0
424000,0.8421592,499.0,1.4172757,11.629999160766602,11.629999160766602,1.0
425000,0.79482895,296.75,1.4551629,4.274999657645822,4.274999657645822,1.0
426000,0.79603255,403.5,1.4091505,7.997499465942383,7.997499465942383,1.0
427000,0.8591158,499.0,1.4062154,12.329999268054962,12.329999268054962,1.0
428000,0.95146066,394.0,1.3520226,5.083332975705464,5.083332975705464,1.0
429000,0.87508136,406.5,1.4079401,9.312499344348907,9.312499344348907,1.0
430000,0.8775823,498.5,1.3692272,8.644999384880066,8.644999384880066,1.0
431000,0.9011485,414.6666666666667,1.2459018,8.179999430974325,8.179999430974325,1.0
432000,0.8350962,240.25,1.4666572,3.436249766498804,3.436249766498804,1.0
433000,0.82655114,499.0,1.5114465,12.379999160766602,12.379999160766602,1.0
434000,0.96579754,482.0,1.3860579,8.32833267406871,8.32833267406871,1.0
435000,1.0477223,499.0,1.2379003,-3.739999607205391,-3.739999607205391,1.0
436000,0.8712383,499.0,1.4404411,5.266666365166505,5.266666365166505,1.0
437000,0.79140747,499.0,1.4924052,12.429999232292175,12.429999232292175,1.0
438000,0.7867423,499.0,1.2079669,9.439999336997667,9.439999336997667,1.0
439000,0.6904656,499.0,1.3503447,11.979999303817749,11.979999303817749,1.0
440000,0.6911418,384.25,1.6753867,9.264999404549599,9.264999404549599,1.0
441000,0.82706594,None,1.6145213,None,None,1.0
442000,0.9164761,398.8,1.3878365,8.253999471664429,8.253999471664429,1.0
443000,0.9205738,None,1.142648,None,None,1.0
444000,0.82989115,432.8,1.2733127,7.599999462068081,7.599999462068081,1.0
445000,0.8128883,None,1.3828319,None,None,1.0
446000,0.8052958,456.75,1.4341437,7.86124949157238,7.86124949157238,1.0
447000,0.8037416,88.0,1.5155935,1.2199998497962952,1.2199998497962952,1.0
448000,0.80822664,376.25,1.410106,7.3037494868040085,7.3037494868040085,1.0
449000,0.7704771,490.0,1.4109793,11.654999136924744,11.654999136924744,1.0
450000,0.81265163,274.5,1.2835287,5.927499572436015,5.927499572436015,1.0
451000,0.83254886,499.0,1.3524625,12.379999279975891,12.379999279975891,1.0
452000,0.8841095,396.0,1.3283031,6.579999551177025,6.579999551177025,1.0
453000,1.0284545,None,1.2291014,11.379999041557312,11.379999041557312,1.0
454000,0.96882427,374.0,1.2059151,2.6337497737258673,2.6337497737258673,1.0
455000,0.70116955,391.0,1.3517864,4.829999676439911,4.829999676439911,1.0
456000,0.7293281,422.6666666666667,1.3665068,10.48999935388565,10.48999935388565,1.0
457000,0.8769115,234.66666666666666,1.197774,5.589999581376712,5.589999581376712,1.0
458000,0.89384854,367.6666666666667,1.149735,8.134999483823776,8.134999483823776,1.0
459000,0.9681869,494.5,1.1486204,7.986666123072307,7.986666123072307,1.0
460000,0.92112666,398.0,1.2285575,5.127499669790268,5.127499669790268,1.0
461000,0.7501392,401.6666666666667,1.3719568,6.604999601840973,6.604999601840973,1.0
462000,0.8403398,280.3333333333333,1.4433913,6.814999560515086,6.814999560515086,1.0
463000,0.99795485,499.0,1.2198788,11.099999129772186,11.099999129772186,1.0
464000,0.8875629,471.0,1.1815007,3.49999975040555,3.49999975040555,1.0
465000,0.7872489,285.8,1.4092538,6.141999526321888,6.141999526321888,1.0
466000,0.8214033,242.0,1.48364,5.9566662311553955,5.9566662311553955,1.0
467000,0.7162802,443.0,1.284656,6.349999478086829,6.349999478086829,1.0
468000,0.7382298,473.5,1.2426794,11.167499127332121,11.167499127332121,1.0
469000,0.7564355,499.0,1.4174104,12.429999232292175,12.429999232292175,1.0
470000,0.6891545,332.3333333333333,1.465699,7.0199995040893555,7.0199995040893555,1.0
471000,0.8769325,499.0,1.3187886,12.069999277591705,12.069999277591705,1.0
472000,0.8594134,499.0,1.3812155,12.129999220371246,12.129999220371246,1.0
473000,0.7916278,499.0,1.3285704,5.994999639689922,5.994999639689922,1.0
474000,0.87489676,476.5,1.3169446,11.299999237060547,11.299999237060547,1.0
475000,0.95984715,410.75,1.2657619,6.136666250725587,6.136666250725587,1.0
476000,0.84825444,499.0,1.3009248,9.222499310970306,9.222499310970306,1.0
477000,0.7944399,358.75,1.4061148,5.6299995084603625,5.6299995084603625,1.0
478000,0.7957191,189.66666666666666,1.4157319,6.17249958217144,6.17249958217144,1.0
479000,0.85131603,481.0,1.2944591,9.862499058246613,9.862499058246613,1.0
480000,0.8726842,258.0,1.2972269,7.20999950170517,7.20999950170517,1.0
481000,0.9363854,406.6666666666667,1.2486018,7.561666011810303,7.561666011810303,1.0
482000,0.87794286,224.6,1.2537427,4.438999637588859,4.438999637588859,1.0
483000,0.8548204,313.6666666666667,1.4056445,5.238332964479923,5.238332964479923,1.0
484000,0.84542936,254.5,1.4472572,6.269999589771032,6.269999589771032,1.0
485000,0.88376915,498.3333333333333,1.3786838,6.229999616742134,6.229999616742134,1.0
486000,0.855887,488.0,1.3672764,10.47499942779541,10.47499942779541,1.0
487000,0.8557481,283.0,1.3928533,5.703332908451557,5.703332908451557,1.0
488000,0.8976694,499.0,1.3517324,12.179999113082886,12.179999113082886,1.0
489000,0.79788756,290.6,1.3378906,4.183999580144882,4.183999580144882,1.0
490000,0.751013,499.0,1.3764863,12.279999256134033,12.279999256134033,1.0
491000,0.7254471,287.6666666666667,1.3806864,7.34399938583374,7.34399938583374,1.0
492000,0.7949366,201.0,1.3770491,2.6699997186660767,2.6699997186660767,1.0
493000,0.85164285,421.2,1.3721899,11.563332517941793,11.563332517941793,1.0
494000,0.9419722,80.0,1.4318718,2.6174998104106635,2.6174998104106635,1.0
495000,0.9684706,221.75,1.3730274,4.378749677212909,4.378749677212909,1.0
496000,0.8747884,493.0,1.3544762,4.444999642670155,4.444999642670155,1.0
497000,0.834381,495.0,1.3833773,9.389999315142632,9.389999315142632,1.0
498000,0.8584221,345.6666666666667,1.4479876,6.983332862456639,6.983332862456639,1.0
499000,0.8340429,499.0,1.4563334,8.679999366402626,8.679999366402626,1.0
500000,0.8302173,367.5,1.5656357,7.769999518990517,7.769999518990517,1.0
501000,1.030585,249.0,1.3531358,5.564999533817172,5.564999533817172,1.0
502000,1.0635031,497.6666666666667,1.3418818,4.21999966353178,4.21999966353178,1.0
503000,1.0150659,317.5,1.4043267,5.322499617934227,5.322499617934227,1.0
504000,0.9155317,404.25,1.400187,4.853749606758356,4.853749606758356,1.0
505000,0.847822,241.0,1.491891,5.979999661445618,5.979999661445618,1.0
506000,0.85697407,499.0,1.3773544,9.319999317328135,9.319999317328135,1.0
507000,0.7718536,499.0,1.4202167,11.929999113082886,11.929999113082886,1.0
508000,0.801534,499.0,1.4152063,11.163332541783651,11.163332541783651,1.0
509000,0.8443885,499.0,1.3493608,12.22999918460846,12.22999918460846,1.0
510000,0.80092984,374.0,1.3703403,6.9899995205923915,6.9899995205923915,1.0
511000,0.84387255,377.0,1.444721,7.724999219179153,7.724999219179153,1.0
512000,0.847275,368.6666666666667,1.4105103,7.741666158040364,7.741666158040364,1.0
513000,0.86898196,441.5,1.4055133,7.432499520480633,7.432499520480633,1.0
514000,0.88532484,499.0,1.4170892,3.7649997919797897,3.7649997919797897,1.0
515000,0.7826736,265.5,1.4162958,3.139999760314822,3.139999760314822,1.0
516000,0.7237163,266.6,1.4182361,6.466999617218971,6.466999617218971,1.0
517000,0.89508235,234.33333333333334,1.3802425,5.129999669889609,5.129999669889609,1.0
518000,0.9494233,499.0,1.4002416,9.319999516010284,9.319999516010284,1.0
519000,0.8339515,373.2,1.4458529,4.682499755173922,4.682499755173922,1.0
520000,0.78186405,198.0,1.5005845,4.097499713301659,4.097499713301659,1.0
521000,0.7998142,364.8,1.4032228,8.221999382972717,8.221999382972717,1.0
522000,0.83090264,None,1.3950276,None,None,1.0
523000,0.80685997,489.25,1.400462,10.501665890216827,10.501665890216827,1.0
524000,0.79129255,235.0,1.4474978,7.487499266862869,7.487499266862869,1.0
525000,0.8387303,499.0,1.4477626,11.443332493305206,11.443332493305206,1.0
526000,1.0395669,263.0,1.40241,6.529999658465385,6.529999658465385,1.0
527000,0.99389476,399.0,1.417135,5.254999574273825,5.254999574273825,1.0
528000,0.82427025,None,1.5301809,0.3799999952316284,0.3799999952316284,1.0
529000,0.7510823,499.0,1.5491537,9.739999413490295,9.739999413490295,1.0
530000,0.8098061,None,1.511839,12.279999136924744,12.279999136924744,1.0
531000,0.8315789,499.0,1.5245962,11.94666576385498,11.94666576385498,1.0
532000,0.93865174,275.0,1.5402695,2.4774998873472214,2.4774998873472214,1.0
533000,0.93875146,430.0,1.4460508,3.916666328907013,3.916666328907013,1.0
534000,0.8175095,252.5,1.4918354,2.179999813437462,2.179999813437462,1.0
535000,0.8166155,380.75,1.4752614,6.463332906365395,6.463332906365395,1.0
536000,0.8572265,145.0,1.4832921,3.6399997770786285,3.6399997770786285,1.0
537000,0.83692265,364.8,1.4698465,6.8449996039271355,6.8449996039271355,1.0
538000,0.691927,303.0,1.4413238,5.029999675694853,5.029999675694853,1.0
539000,0.69548005,496.0,1.4423006,11.642499208450317,11.642499208450317,1.0
540000,0.8290616,495.0,1.3702581,11.639999151229858,11.639999151229858,1.0
541000,0.9509869,499.0,1.3026197,12.304999232292175,12.304999232292175,1.0
542000,0.82916385,499.0,1.2892201,5.1599995866417885,5.1599995866417885,1.0
543000,0.7785129,483.6666666666667,1.3969436,8.539999395608902,8.539999395608902,1.0
544000,0.75763786,348.5,1.47496,8.92166610310475,8.92166610310475,1.0
545000,0.77931,349.5,1.359671,7.274999558925629,7.274999558925629,1.0
546000,0.90325844,367.0,1.3068248,9.462499216198921,9.462499216198921,1.0
547000,0.83332086,329.6,1.4975754,4.239999700337648,4.239999700337648,1.0
548000,0.88212407,388.0,1.4172844,6.969999521970749,6.969999521970749,1.0
549000,0.88494444,498.0,1.3032055,10.767499268054962,10.767499268054962,1.0
550000,0.7793578,497.0,1.3044369,7.544999405741692,7.544999405741692,1.0
551000,0.7921716,499.0,1.2986066,12.42999917268753,12.42999917268753,1.0
552000,0.8201519,499.0,1.323329,9.469999179244041,9.469999179244041,1.0
553000,0.81573814,372.5,1.3804302,7.319999396800995,7.319999396800995,1.0
554000,0.7879846,312.5,1.4458464,6.193332773943742,6.193332773943742,1.0
555000,0.90063196,408.5,1.3923638,9.64999933540821,9.64999933540821,1.0
556000,0.8270173,387.0,1.3386263,7.987499386072159,7.987499386072159,1.0
557000,0.74257684,345.0,1.411273,6.146249502897263,6.146249502897263,1.0
558000,0.7988781,393.0,1.400411,9.75499939918518,9.75499939918518,1.0
559000,0.8039808,499.0,1.4003606,11.279999136924744,11.279999136924744,1.0
560000,0.73711634,273.5,1.4342515,4.079999731853604,4.079999731853604,1.0
561000,0.69844836,499.0,1.4574108,12.379999279975891,12.379999279975891,1.0
562000,0.77244484,302.0,1.4687515,7.356666227181752,7.356666227181752,1.0
563000,0.7929633,499.0,1.4604282,11.609999120235443,11.609999120235443,1.0
564000,0.7313422,367.0,1.414663,4.978332974016666,4.978332974016666,1.0
565000,0.84954053,499.0,1.3345591,12.254999220371246,12.254999220371246,1.0
566000,0.88459235,498.0,1.3971386,9.717499449849129,9.717499449849129,1.0
567000,0.89082736,499.0,1.4167209,8.979999251663685,8.979999251663685,1.0
568000,1.0553927,499.0,1.3667815,10.59499928355217,10.59499928355217,1.0
569000,1.0107116,499.0,1.3601868,5.864999502897263,5.864999502897263,1.0
570000,0.7871439,499.0,1.3818923,3.3249997571110725,3.3249997571110725,1.0
571000,0.69478315,499.0,1.4630017,11.879999220371246,11.879999220371246,1.0
572000,0.6841972,499.0,1.5369178,12.404999256134033,12.404999256134033,1.0
573000,0.72525966,499.0,1.4650463,11.579999208450317,11.579999208450317,1.0
574000,0.77987593,499.0,1.3929116,11.829999148845673,11.829999148845673,1.0
575000,0.9548161,366.0,1.4407607,8.543332735697428,8.543332735697428,1.0
576000,0.850754,234.0,1.4643397,2.3762497901916504,2.3762497901916504,1.0
577000,0.80354136,374.5,1.4092882,4.492499683052301,4.492499683052301,1.0
578000,0.78848976,418.0,1.4426458,8.889999424417814,8.889999424417814,1.0
579000,0.7973252,230.0,1.4271775,5.344999661048253,5.344999661048253,1.0
580000,0.8308186,499.0,1.402401,10.954999208450317,10.954999208450317,1.0
581000,0.80100626,259.5,1.4513805,5.52874955534935,5.52874955534935,1.0
582000,0.80419886,499.0,1.4496741,8.124999567866325,8.124999567866325,1.0
583000,0.8646868,311.0,1.4932203,6.986666043599446,6.986666043599446,1.0
584000,0.7899311,253.0,1.5572352,5.193749560043216,5.193749560043216,1.0
585000,0.7595959,326.0,1.5330539,3.1933331775168576,3.1933331775168576,1.0
586000,0.87390345,491.0,1.447653,12.254999220371246,12.254999220371246,1.0
587000,0.8398654,493.5,1.4377873,10.072499334812164,10.072499334812164,1.0
588000,0.7389125,433.0,1.4593667,6.5399995893239975,6.5399995893239975,1.0
589000,0.6567936,435.0,1.5074244,9.549999356269836,9.549999356269836,1.0
590000,0.6849156,498.0,1.5172255,12.229999244213104,12.229999244213104,1.0
591000,0.6909143,319.5,1.597642,7.659999445080757,7.659999445080757,1.0
592000,0.7657742,350.6666666666667,1.5185881,8.223332722981771,8.223332722981771,1.0
593000,0.7809643,467.0,1.4896866,10.954999148845673,10.954999148845673,1.0
594000,0.8472759,471.5,1.4255407,9.532499313354492,9.532499313354492,1.0
595000,0.9025483,499.0,1.4174323,12.17999929189682,12.17999929189682,1.0
596000,0.8101199,334.6666666666667,1.4590164,2.6566664626200995,2.6566664626200995,1.0
597000,0.7539039,431.3333333333333,1.472971,9.478332618872324,9.478332618872324,1.0
598000,0.84935224,258.0,1.510476,6.444999625285466,6.444999625285466,1.0
599000,0.9489537,341.0,1.4309152,6.98833288749059,6.98833288749059,1.0
600000,0.86747897,458.5,1.4096372,3.5124997720122337,3.5124997720122337,1.0
601000,0.8303634,335.5,1.4294677,7.097499594092369,7.097499594092369,1.0
602000,0.73217994,357.0,1.4866378,7.682499408721924,7.682499408721924,1.0
603000,0.73765266,416.3333333333333,1.4843885,9.293332755565643,9.293332755565643,1.0
604000,0.7426284,499.0,1.5832651,12.47999918460846,12.47999918460846,1.0
605000,0.79692304,460.0,1.5767083,11.159999211629232,11.159999211629232,1.0
606000,0.8117307,497.5,1.4879493,2.969999775290489,2.969999775290489,1.0
607000,0.84004885,499.0,1.473738,9.051666110754013,9.051666110754013,1.0
608000,0.89779824,499.0,1.4573729,12.229999303817749,12.229999303817749,1.0
609000,0.9349779,499.0,1.4633212,9.433332651853561,9.433332651853561,1.0
610000,0.86090904,499.0,1.502797,6.869999662041664,6.869999662041664,1.0
611000,0.7169235,499.0,1.5153056,8.753332789987326,8.753332789987326,1.0
612000,0.6640435,499.0,1.5310078,12.179999351501465,12.179999351501465,1.0
613000,0.73496836,499.0,1.5443454,12.313332637151083,12.313332637151083,1.0
614000,0.8876744,499.0,1.4844067,12.22999918460846,12.22999918460846,1.0
615000,0.825654,499.0,1.5170919,8.099999457597733,8.099999457597733,1.0
616000,0.8815069,499.0,1.5057604,11.529999256134033,11.529999256134033,1.0
617000,0.85164344,499.0,1.5012159,9.609999348719915,9.609999348719915,1.0
618000,0.69662064,283.0,1.5311483,0.4899999462068081,0.4899999462068081,1.0
619000,0.75626975,377.25,1.5317752,9.087499398738146,9.087499398738146,1.0
620000,0.8746567,431.0,1.5228395,10.779999256134033,10.779999256134033,1.0
621000,0.7838967,445.3333333333333,1.5240428,3.871666302283605,3.871666302283605,1.0
622000,0.88933593,499.0,1.4646854,12.47999918460846,12.47999918460846,1.0
623000,0.9168053,498.3333333333333,1.4242147,9.513332714637121,9.513332714637121,1.0
624000,0.74480665,453.0,1.4533262,6.06499956920743,6.06499956920743,1.0
625000,0.8083341,499.0,1.4444311,10.859999179840088,10.859999179840088,1.0
626000,0.8685576,273.0,1.4567084,6.464999597519636,6.464999597519636,1.0
627000,0.7839567,462.5,1.4605561,8.797499477863312,8.797499477863312,1.0
628000,0.8103124,322.6666666666667,1.4350682,6.046666274468104,6.046666274468104,1.0
629000,0.99371123,499.0,1.3901119,12.354999303817749,12.354999303817749,1.0
630000,1.0710392,498.0,1.3738381,2.854999803006649,2.854999803006649,1.0
631000,0.9859215,499.0,1.413631,5.999999523162842,5.999999523162842,1.0
632000,0.92199427,499.0,1.4529963,9.224999349564314,9.224999349564314,1.0
633000,0.9412495,499.0,1.4017096,4.469999589025974,4.469999589025974,1.0
634000,0.8348225,342.6666666666667,1.4114325,7.543332835038503,7.543332835038503,1.0
635000,0.7324499,483.5,1.4166361,8.61249940097332,8.61249940097332,1.0
636000,0.75755894,242.4,1.4962304,5.5069996356964115,5.5069996356964115,1.0
637000,0.7274627,452.5,1.5046921,8.86249952018261,8.86249952018261,1.0
638000,0.7241333,363.0,1.5440743,9.031666154662767,9.031666154662767,1.0
639000,0.7416545,426.0,1.5266844,8.374999478459358,8.374999478459358,1.0
640000,0.75433725,499.0,1.5504451,12.429999232292175,12.429999232292175,1.0
641000,0.81930745,499.0,1.483951,9.79499939084053,9.79499939084053,1.0
642000,0.70993006,499.0,1.5790728,10.454999387264252,10.454999387264252,1.0
643000,0.84405214,499.0,1.5537488,12.47999918460846,12.47999918460846,1.0
644000,0.87340057,499.0,1.4474815,6.639999557286501,6.639999557286501,1.0
645000,0.79491365,499.0,1.4115602,9.19999934732914,9.19999934732914,1.0
646000,0.8182349,233.6,1.4357895,5.154999625682831,5.154999625682831,1.0
647000,0.72146374,412.5,1.4045802,7.102499462664127,7.102499462664127,1.0
648000,0.65688294,499.0,1.4595046,12.17999929189682,12.17999929189682,1.0
649000,0.69945943,324.25,1.5393198,7.828749515116215,7.828749515116215,1.0
650000,0.92440027,425.0,1.4346316,10.254999339580536,10.254999339580536,1.0
651000,1.0317584,497.5,1.3515089,5.812499646097422,5.812499646097422,1.0
652000,0.91661894,499.0,1.399731,2.6449998319149017,2.6449998319149017,1.0
653000,0.8004605,337.3333333333333,1.432804,5.293332980945706,5.293332980945706,1.0
654000,0.7638113,499.0,1.4330413,11.904999196529388,11.904999196529388,1.0
655000,0.7693492,430.3333333333333,1.5067114,8.624999423821768,8.624999423821768,1.0
656000,0.8915057,499.0,1.4146998,12.279999256134033,12.279999256134033,1.0
657000,0.9055916,320.25,1.4733095,4.258749708533287,4.258749708533287,1.0
658000,0.7298079,245.5,1.50137,5.149999558925629,5.149999558925629,1.0
659000,0.6730818,441.0,1.4888144,9.049999341368675,9.049999341368675,1.0
660000,0.94834185,370.75,1.4471841,8.154999479651451,8.154999479651451,1.0
661000,0.945213,491.0,1.3919166,12.279999256134033,12.279999256134033,1.0
662000,0.8867102,381.25,1.3532989,2.4433331936597824,2.4433331936597824,1.0
663000,0.92875177,499.0,1.3360484,10.654999136924744,10.654999136924744,1.0
664000,0.84601295,385.0,1.3560004,7.116249546408653,7.116249546408653,1.0
665000,0.7620247,499.0,1.3997056,6.249999493360519,6.249999493360519,1.0
666000,0.6702123,474.6666666666667,1.4468982,11.114999294281006,11.114999294281006,1.0
667000,0.7391199,494.0,1.4809192,11.704999208450317,11.704999208450317,1.0
668000,0.8233533,499.0,1.415875,12.054999113082886,12.054999113082886,1.0
669000,0.8442481,499.0,1.4035423,6.054999565239996,6.054999565239996,1.0
670000,0.81577545,499.0,1.3813071,11.129999250173569,11.129999250173569,1.0
671000,0.7598851,264.5,1.4188782,5.548749476671219,5.548749476671219,1.0
672000,0.82899475,468.0,1.4133023,11.154999196529388,11.154999196529388,1.0
673000,0.8128907,499.0,1.4237025,11.564999103546143,11.564999103546143,1.0
674000,0.78321844,499.0,1.4381633,7.37999951839447,7.37999951839447,1.0
675000,0.7964336,499.0,1.4507422,12.004999160766602,12.004999160766602,1.0
676000,0.7584453,499.0,1.4590709,9.839999288320541,9.839999288320541,1.0
677000,0.8462365,499.0,1.443895,10.379999041557312,10.379999041557312,1.0
678000,0.9705786,499.0,1.407028,6.919999532401562,6.919999532401562,1.0
679000,0.9710246,499.0,1.4107895,9.944999247789383,9.944999247789383,1.0
680000,0.8129657,499.0,1.4992858,4.084999617189169,4.084999617189169,1.0
681000,0.71627325,499.0,1.6309491,11.744999289512634,11.744999289512634,1.0
682000,0.77899563,499.0,1.5875621,12.47999918460846,12.47999918460846,1.0
683000,0.72041583,499.0,1.4539084,9.349999219179153,9.349999219179153,1.0
684000,0.7655991,449.3333333333333,1.4825072,10.42749935388565,10.42749935388565,1.0
685000,0.82661456,175.25,1.4503121,5.947999620437622,5.947999620437622,1.0
686000,0.87446773,499.0,1.3939483,7.5499992817640305,7.5499992817640305,1.0
687000,0.7695353,396.0,1.4600875,7.249999403953552,7.249999403953552,1.0
688000,0.6978782,333.0,1.552849,8.208749368786812,8.208749368786812,1.0
689000,0.7264114,499.0,1.5496051,12.47999918460846,12.47999918460846,1.0
690000,0.72134054,496.0,1.4721334,11.291665951410929,11.291665951410929,1.0
691000,0.7052431,408.0,1.5034548,9.254999339580536,9.254999339580536,1.0
692000,0.8819133,499.0,1.4680555,12.404999256134033,12.404999256134033,1.0
693000,0.9284955,495.0,1.4440882,7.909999519586563,7.909999519586563,1.0
694000,0.7058375,376.6666666666667,1.5525186,5.00999956826369,5.00999956826369,1.0
695000,0.70659226,499.0,1.559627,12.429999232292175,12.429999232292175,1.0
696000,0.6865682,392.5,1.564002,9.193749323487282,9.193749323487282,1.0
697000,0.7817176,499.0,1.4960351,12.429999232292175,12.429999232292175,1.0
698000,0.829648,496.6666666666667,1.4789339,9.561666066447893,9.561666066447893,1.0
699000,0.8504759,328.5,1.5448272,7.674999445676804,7.674999445676804,1.0
700000,0.87430507,499.0,1.4357285,9.849999263882637,9.849999263882637,1.0
701000,0.83287257,494.5,1.4654756,3.8424996361136436,3.8424996361136436,1.0
702000,0.8160784,411.6666666666667,1.517127,9.896666010220846,9.896666010220846,1.0
703000,0.8305521,499.0,1.530136,5.409999638795853,5.409999638795853,1.0
704000,0.80945486,496.3333333333333,1.5350257,11.143332540988922,11.143332540988922,1.0
705000,0.9569246,499.0,1.5193495,12.22999906539917,12.22999906539917,1.0
706000,0.88804245,375.5,1.5042181,3.897499702870846,3.897499702870846,1.0
707000,0.7291668,499.0,1.5242127,0.1799999698996544,0.1799999698996544,1.0
708000,0.7459496,493.0,1.5238332,11.828332563241323,11.828332563241323,1.0
709000,0.8020803,298.3333333333333,1.5376503,6.853332698345184,6.853332698345184,1.0
710000,0.77255285,327.0,1.4961245,4.778749652206898,4.778749652206898,1.0
711000,0.7961997,219.0,1.4740816,5.44833301504453,5.44833301504453,1.0
712000,0.8265594,498.5,1.4806409,7.517499323934317,7.517499323934317,1.0
713000,0.9196726,495.5,1.4608665,12.392499208450317,12.392499208450317,1.0
714000,1.027491,342.0,1.3561243,4.576666193703811,4.576666193703811,1.0
715000,0.97807455,499.0,1.3657956,2.3299997970461845,2.3299997970461845,1.0
716000,0.81474686,484.5,1.413219,6.967499427497387,6.967499427497387,1.0
717000,0.7225965,269.2,1.4675058,6.136999586224556,6.136999586224556,1.0
718000,0.7259146,328.0,1.4924518,8.079999417066574,8.079999417066574,1.0
719000,0.8663779,494.5,1.4781971,11.817499101161957,11.817499101161957,1.0
720000,0.87828344,499.0,1.3880508,7.149999517947435,7.149999517947435,1.0
721000,0.8174417,342.0,1.4054534,3.1666664108633995,3.1666664108633995,1.0
722000,0.77550405,332.3333333333333,1.4849309,7.964999417463939,7.964999417463939,1.0
723000,0.74076736,484.5,1.4484286,7.802499525249004,7.802499525249004,1.0
724000,0.65049237,499.0,1.5170293,12.10499918460846,12.10499918460846,1.0
725000,0.65935874,499.0,1.5291233,12.404999256134033,12.404999256134033,1.0
726000,0.8076728,285.75,1.4719932,8.793332735697428,8.793332735697428,1.0
727000,1.0129017,499.0,1.3698208,4.476666326324145,4.476666326324145,1.0
728000,0.8698869,475.5,1.3533417,6.2574995793402195,6.2574995793402195,1.0
729000,0.79201466,422.0,1.5047894,8.639999330043793,8.639999330043793,1.0
730000,0.9930741,270.5,1.3739359,6.644999563694,6.644999563694,1.0
731000,0.8619333,376.5,1.4462405,-0.09374997671693563,-0.09374997671693563,1.0
732000,0.62550217,304.5,1.6313819,6.622499525547028,6.622499525547028,1.0
733000,0.6375215,326.0,1.5875902,8.141666094462076,8.141666094462076,1.0
734000,0.64476895,492.0,1.561652,12.17999929189682,12.17999929189682,1.0
735000,0.76894414,341.0,1.4833016,8.464999457200369,8.464999457200369,1.0
736000,0.8756971,406.6666666666667,1.4475894,7.489999403556188,7.489999403556188,1.0
737000,0.8928977,473.0,1.380636,6.289999604225159,6.289999604225159,1.0
738000,0.98891324,336.0,1.3943934,4.677499707788229,4.677499707788229,1.0
739000,0.84389466,499.0,1.4564023,-5.32999964337796,-5.32999964337796,1.0
740000,0.7888986,498.6666666666667,1.4141539,8.954999342560768,8.954999342560768,1.0
741000,0.8121777,403.5,1.384884,12.029999256134033,12.029999256134033,1.0
742000,1.012366,499.0,1.2870529,6.256666146218777,6.256666146218777,1.0
743000,1.005874,494.5,1.249629,10.429999113082886,10.429999113082886,1.0
744000,0.71898544,499.0,1.4355586,5.298333001633485,5.298333001633485,1.0
745000,0.715594,315.6666666666667,1.4936244,9.17999929189682,9.17999929189682,1.0
746000,0.88960916,499.0,1.3505366,8.94333271185557,8.94333271185557,1.0
747000,0.828928,331.3333333333333,1.3199618,4.0024997144937515,4.0024997144937515,1.0
748000,0.77976143,499.0,1.3643785,9.374999384085337,9.374999384085337,1.0
749000,0.7677954,291.8,1.3807341,5.4699996039271355,5.4699996039271355,1.0
750000,0.76887363,285.5,1.3658816,7.513332749406497,7.513332749406497,1.0
751000,0.7611406,495.3333333333333,1.4588082,11.642499387264252,11.642499387264252,1.0
752000,0.7397783,426.0,1.4552085,9.742499351501465,9.742499351501465,1.0
753000,0.7187724,499.0,1.4716129,9.944999366998672,9.944999366998672,1.0
754000,0.8159458,352.0,1.3932761,9.679999391237894,9.679999391237894,1.0
755000,0.79636127,499.0,1.3515134,8.07999945183595,8.07999945183595,1.0
756000,0.68177885,295.6666666666667,1.5127025,3.904999703168869,3.904999703168869,1.0
757000,0.80823565,296.0,1.4112238,7.114999532699585,7.114999532699585,1.0
758000,0.8054325,209.14285714285714,1.3751421,4.095714026130736,4.095714026130736,1.0
759000,0.7314202,None,1.4452928,9.049999326467514,9.049999326467514,1.0
760000,0.7427777,491.25,1.4585919,11.571665902932486,11.571665902932486,1.0
761000,0.735914,354.0,1.4519371,9.374999225139618,9.374999225139618,1.0
762000,0.73552793,499.0,1.4437526,11.454999208450317,11.454999208450317,1.0
763000,1.0154961,229.33333333333334,1.3927715,6.7437495440244675,6.7437495440244675,1.0
764000,1.005563,499.0,1.4013387,6.619999706745148,6.619999706745148,1.0
765000,0.6918276,351.0,1.4643792,3.5874997545033693,3.5874997545033693,1.0
766000,0.6760667,468.3333333333333,1.4923065,11.154999315738678,11.154999315738678,1.0
767000,0.645761,499.0,1.5410208,12.079999089241028,12.079999089241028,1.0
768000,0.70089597,495.0,1.484777,11.704999312758446,11.704999312758446,1.0
769000,0.7937489,499.0,1.4506562,12.254999279975891,12.254999279975891,1.0
770000,0.7721141,496.3333333333333,1.4536383,4.914999611675739,4.914999611675739,1.0
771000,0.7528973,499.0,1.4237702,12.304999232292175,12.304999232292175,1.0
772000,0.77890766,499.0,1.4078867,9.364999374374747,9.364999374374747,1.0
773000,0.7888841,154.8,1.42624,4.826666298011939,4.826666298011939,1.0
774000,0.76047724,379.3333333333333,1.5101714,5.014999642968178,5.014999642968178,1.0
775000,0.6687869,183.0,1.5945499,5.859999552369118,5.859999552369118,1.0
776000,0.65848863,495.6666666666667,1.5163319,12.046665946642557,12.046665946642557,1.0
777000,0.6907976,261.5,1.5333462,5.9499997198581696,5.9499997198581696,1.0
778000,0.7467794,499.0,1.4299915,12.47999918460846,12.47999918460846,1.0
779000,0.7418979,495.5,1.3897823,11.2624990940094,11.2624990940094,1.0
780000,0.7159227,370.6666666666667,1.4445559,11.079999029636383,11.079999029636383,1.0
781000,0.8288329,344.0,1.4272556,6.793749544536695,6.793749544536695,1.0
782000,0.8741731,284.6666666666667,1.4164584,4.406666308641434,4.406666308641434,1.0
783000,0.88141876,499.0,1.4086838,12.094999134540558,12.094999134540558,1.0
784000,0.8580209,495.5,1.4120941,4.697499677538872,4.697499677538872,1.0
785000,0.8754403,499.0,1.4079204,12.279999196529388,12.279999196529388,1.0
786000,0.92174494,357.3333333333333,1.3946342,7.374999453624089,7.374999453624089,1.0
787000,0.8814014,499.0,1.3958987,5.879999548196793,5.879999548196793,1.0
788000,0.824165,310.3333333333333,1.4773325,4.2283331255118055,4.2283331255118055,1.0
789000,0.8883226,499.0,1.4413614,11.754998981952667,11.754998981952667,1.0
790000,0.8595137,372.6666666666667,1.4538931,6.351666256785393,6.351666256785393,1.0
791000,0.7695484,245.0,1.4918071,4.276249733753502,4.276249733753502,1.0
792000,0.77891636,272.0,1.4593717,3.6474997587502003,3.6474997587502003,1.0
793000,0.84307575,426.0,1.419419,10.354999333620071,10.354999333620071,1.0
794000,0.84757376,482.5,1.4466062,6.237499602138996,6.237499602138996,1.0
795000,0.8693437,499.0,1.4319489,11.00999915599823,11.00999915599823,1.0
796000,0.8853969,499.0,1.3758476,9.274999469518661,9.274999469518661,1.0
797000,0.85635,442.6666666666667,1.4070132,7.514999528725942,7.514999528725942,1.0
798000,0.7526441,253.2,1.5025012,4.31999970972538,4.31999970972538,1.0
799000,0.70127654,499.0,1.4651653,7.974999368190765,7.974999368190765,1.0
800000,0.74064034,441.6666666666667,1.4278798,10.217499345541,10.217499345541,1.0
801000,0.8004931,499.0,1.3928505,11.252499282360077,11.252499282360077,1.0
802000,0.8069164,499.0,1.3941628,10.699999362230301,10.699999362230301,1.0
803000,0.8486367,499.0,1.4465896,10.979999244213104,10.979999244213104,1.0
804000,0.9231008,305.8,1.436097,5.807999593019486,5.807999593019486,1.0
805000,1.0231941,499.0,1.3819668,-0.38999996706843376,-0.38999996706843376,1.0
806000,0.9469143,487.6666666666667,1.4184536,5.694999683648348,5.694999683648348,1.0
807000,0.8335669,499.0,1.4709396,4.104999758303165,4.104999758303165,1.0
808000,0.8109372,378.75,1.46836,8.439999441305796,8.439999441305796,1.0
809000,0.74689746,499.0,1.4450359,7.704999564215541,7.704999564215541,1.0
810000,0.68440044,492.6666666666667,1.4866883,10.067499309778214,10.067499309778214,1.0
811000,0.65202224,499.0,1.5404935,12.429999232292175,12.429999232292175,1.0
812000,0.68546855,391.5,1.5107592,8.66499936580658,8.66499936580658,1.0
813000,0.6710224,499.0,1.5491443,11.854999125003815,11.854999125003815,1.0
814000,0.76190865,475.6666666666667,1.5050049,11.579999268054962,11.579999268054962,1.0
815000,0.90835404,499.0,1.3620672,11.254999190568924,11.254999190568924,1.0
816000,0.8021282,385.75,1.4034699,5.614999461919069,5.614999461919069,1.0
817000,0.67857975,229.66666666666666,1.5717001,4.6233328978220625,4.6233328978220625,1.0
818000,0.64694345,492.0,1.5693707,12.204999327659607,12.204999327659607,1.0
819000,0.78397036,495.0,1.4835265,12.149999221165976,12.149999221165976,1.0
820000,0.9007852,499.0,1.4613814,12.47999918460846,12.47999918460846,1.0
821000,1.0026495,499.0,1.3557639,6.67666620016098,6.67666620016098,1.0
822000,0.92412275,499.0,1.3910003,9.729999005794525,9.729999005794525,1.0
823000,0.7588889,499.0,1.4655684,7.00666618347168,7.00666618347168,1.0
824000,0.7854877,252.5,1.4845284,6.1699995547533035,6.1699995547533035,1.0
825000,0.8129618,499.0,1.4199716,8.739999433358511,8.739999433358511,1.0
826000,0.8329606,492.0,1.3877932,10.844999253749847,10.844999253749847,1.0
827000,0.80805,379.25,1.4451121,6.914999417960644,6.914999417960644,1.0
828000,0.75376993,499.0,1.4582058,5.929999589920044,5.929999589920044,1.0
829000,0.7437107,498.6666666666667,1.510116,11.988332509994507,11.988332509994507,1.0
830000,0.7582084,499.0,1.484796,12.47999918460846,12.47999918460846,1.0
831000,0.6759998,309.2,1.5436786,5.837999621033669,5.837999621033669,1.0
832000,0.66483426,361.5,1.5797662,7.486666147907575,7.486666147907575,1.0
833000,0.71850526,448.0,1.4835854,11.537499251309782,11.537499251309782,1.0
834000,0.73976684,489.0,1.4507185,12.079999297857285,12.079999297857285,1.0
835000,0.81221205,344.0,1.4205484,7.349999487400055,7.349999487400055,1.0
836000,0.8132531,499.0,1.4143717,10.39999932050705,10.39999932050705,1.0
837000,0.7543038,496.5,1.4754872,9.43749937415123,9.43749937415123,1.0
838000,0.72666067,334.6666666666667,1.4979608,7.206665998324752,7.206665998324752,1.0
839000,0.8626032,275.0,1.4588925,6.882499560713768,6.882499560713768,1.0
840000,0.83267105,341.0,1.4348886,4.043333013852437,4.043333013852437,1.0
841000,0.73840266,312.5,1.5172437,7.503749452531338,7.503749452531338,1.0
842000,0.8609553,303.5,1.3728869,3.8924997076392174,3.8924997076392174,1.0
843000,0.7126144,499.0,1.454637,11.264999091625214,11.264999091625214,1.0
844000,0.7051972,499.0,1.5458816,11.159999310970306,11.159999310970306,1.0
845000,0.765861,499.0,1.5988603,12.404999196529388,12.404999196529388,1.0
846000,0.8420525,334.25,1.5719347,7.041249468922615,7.041249468922615,1.0
847000,0.72572684,263.5,1.510748,3.5199997276067734,3.5199997276067734,1.0
848000,0.72181165,474.3333333333333,1.5109789,11.191665848096212,11.191665848096212,1.0
849000,0.8821256,270.5,1.4198271,5.927499622106552,5.927499622106552,1.0
850000,0.8725137,361.0,1.4306533,7.153749518096447,7.153749518096447,1.0
851000,0.7666784,203.0,1.4934318,0.07333331803480785,0.07333331803480785,1.0
852000,0.71344477,485.5,1.4764857,12.092499285936356,12.092499285936356,1.0
853000,0.83965766,265.0,1.4451823,6.071249559521675,6.071249559521675,1.0
854000,0.78938097,463.6666666666667,1.494212,5.8949995040893555,5.8949995040893555,1.0
855000,0.7278568,301.5,1.5065422,12.379999279975891,12.379999279975891,1.0
856000,0.7099916,255.16666666666666,1.506873,5.544285342097282,5.544285342097282,1.0
857000,0.79626435,394.0,1.5829371,9.804999470710754,9.804999470710754,1.0
858000,0.79396045,444.75,1.5310278,6.304999617238839,6.304999617238839,1.0
859000,0.8041891,179.0,1.5944085,8.329999506473541,8.329999506473541,1.0
860000,0.89661586,499.0,1.5359423,12.47999918460846,12.47999918460846,1.0
861000,0.8137486,499.0,1.4184054,2.6649998277425766,2.6649998277425766,1.0
862000,0.7502558,499.0,1.4354413,12.004999101161957,12.004999101161957,1.0
863000,0.6893357,198.66666666666666,1.5602885,5.724999472498894,5.724999472498894,1.0
864000,0.78058565,499.0,1.5334041,11.754999160766602,11.754999160766602,1.0
865000,0.86059093,494.5,1.4348311,11.317499071359634,11.317499071359634,1.0
866000,0.8531552,357.3333333333333,1.4575361,6.953332742055257,6.953332742055257,1.0
867000,0.8027598,461.5,1.6070657,10.662499368190765,10.662499368190765,1.0
868000,0.84592265,499.0,1.4681573,5.749999610707164,5.749999610707164,1.0
869000,0.8116445,499.0,1.4757178,10.704999208450317,10.704999208450317,1.0
870000,0.80014545,499.0,1.4863536,7.499999478459358,7.499999478459358,1.0
871000,0.9071742,499.0,1.4084867,10.904999315738678,10.904999315738678,1.0
872000,0.79730976,499.0,1.5206294,7.0749994069337845,7.0749994069337845,1.0
873000,0.62465286,379.25,1.7480457,7.9966661135355634,7.9966661135355634,1.0
874000,0.746295,499.0,1.8080853,12.47999918460846,12.47999918460846,1.0
875000,0.8876541,384.0,1.4961914,9.112499326467514,9.112499326467514,1.0
876000,0.814707,342.0,1.4627149,6.4249995574355125,6.4249995574355125,1.0
877000,0.75742865,498.5,1.5051531,6.241666197776794,6.241666197776794,1.0
878000,0.76880413,489.3333333333333,1.5127188,11.3074991106987,11.3074991106987,1.0
879000,0.8485228,499.0,1.4477899,10.679999232292175,10.679999232292175,1.0
880000,0.8107532,499.0,1.4845418,11.074999153614044,11.074999153614044,1.0
881000,0.7214468,499.0,1.5421078,9.14999908208847,9.14999908208847,1.0
882000,0.7657196,376.5,1.5151489,8.348332797487577,8.348332797487577,1.0
883000,0.7563842,499.0,1.4879936,11.279999315738678,11.279999315738678,1.0
884000,0.69813055,495.6666666666667,1.5461357,9.05499954521656,9.05499954521656,1.0
885000,0.8426993,499.0,1.5233934,12.354999244213104,12.354999244213104,1.0
886000,0.8346215,499.0,1.5239683,10.404999256134033,10.404999256134033,1.0
887000,0.6399586,331.0,1.6148446,6.196666235725085,6.196666235725085,1.0
888000,0.6307165,430.0,1.6127663,10.169999361038208,10.169999361038208,1.0
889000,0.7050911,271.0,1.5699589,9.62999939918518,9.62999939918518,1.0
890000,0.77382696,499.0,1.516715,12.354999244213104,12.354999244213104,1.0
891000,0.7197739,499.0,1.531287,8.699999302625656,8.699999302625656,1.0
892000,0.6928725,499.0,1.5407823,12.404999256134033,12.404999256134033,1.0
893000,0.70841956,499.0,1.4756545,11.629999279975891,11.629999279975891,1.0
894000,0.6493917,411.75,1.6141481,11.68499904870987,11.68499904870987,1.0
895000,0.65010464,209.0,1.7922028,5.769999563694,5.769999563694,1.0
896000,0.6987623,499.0,1.6861324,12.47999918460846,12.47999918460846,1.0
897000,0.6561867,303.0,1.6530033,6.981999528408051,6.981999528408051,1.0
898000,0.6780051,499.0,1.6117013,11.929998993873596,11.929998993873596,1.0
899000,0.83571965,305.2,1.5305104,9.106249455362558,9.106249455362558,1.0
900000,0.83301777,277.0,1.5261941,3.843333045641581,3.843333045641581,1.0
901000,0.65879464,459.6666666666667,1.6010025,7.3133328557014465,7.3133328557014465,1.0
902000,0.66347325,377.5,1.7320267,8.874999463558197,8.874999463558197,1.0
903000,0.863948,271.5,1.5638907,6.287499561905861,6.287499561905861,1.0
904000,0.8714548,494.75,1.4503787,8.50249944627285,8.50249944627285,1.0
905000,0.7679889,None,1.5891175,7.054999396204948,7.054999396204948,1.0
906000,0.81053245,499.0,1.6185331,12.454999208450317,12.454999208450317,1.0
907000,0.9435093,499.0,1.4930804,7.674999549984932,7.674999549984932,1.0
908000,0.8913852,499.0,1.5112655,5.889999538660049,5.889999538660049,1.0
909000,0.7957016,499.0,1.5260704,11.45499911904335,11.45499911904335,1.0
910000,0.7168095,499.0,1.5456905,9.99999937415123,9.99999937415123,1.0
911000,0.66381735,346.6666666666667,1.6917784,8.343332767486572,8.343332767486572,1.0
912000,0.6661361,499.0,1.6965723,12.47999918460846,12.47999918460846,1.0
913000,0.6788933,369.25,1.6309137,8.532499434426427,8.532499434426427,1.0
914000,0.7040185,399.2,1.6125791,12.47999918460846,12.47999918460846,1.0
915000,0.809265,None,1.5977371,9.099999397993088,9.099999397993088,1.0
916000,0.7783082,354.0,1.6415876,6.4599995613098145,6.4599995613098145,1.0
917000,0.6710087,270.25,1.6407984,6.036999523639679,6.036999523639679,1.0
918000,0.6667096,499.0,1.5896568,12.079999208450317,12.079999208450317,1.0
919000,0.6747407,306.8,1.6873963,7.560999488830566,7.560999488830566,1.0
920000,0.76378345,None,1.6980407,None,None,1.0
921000,0.8412361,485.5,1.5922251,10.05499941110611,10.05499941110611,1.0
922000,0.7927515,499.0,1.5705969,None,None,1.0
923000,0.75814724,389.0,1.5466893,7.890999456495047,7.890999456495047,1.0
924000,0.8415001,499.0,1.5047494,None,None,1.0
925000,0.7547457,479.0,1.5461042,9.437499441206455,9.437499441206455,1.0
926000,0.7678596,307.0,1.5534486,6.529999494552612,6.529999494552612,1.0
927000,0.76635,499.0,1.538327,11.313332597414652,11.313332597414652,1.0
928000,0.696594,491.0,1.5939544,8.269999265670776,8.269999265670776,1.0
929000,0.708065,393.0,1.6060513,9.261249400675297,9.261249400675297,1.0
930000,0.85052955,499.0,1.525254,12.47999918460846,12.47999918460846,1.0
931000,0.7383032,380.25,1.6163106,6.924999497830868,6.924999497830868,1.0
932000,0.7517473,211.0,1.6179746,4.403749579563737,4.403749579563737,1.0
933000,0.8668631,448.5,1.5328124,11.06749939918518,11.06749939918518,1.0
934000,0.95979214,480.0,1.4777399,6.709999464452267,6.709999464452267,1.0
935000,0.97932965,499.0,1.4910482,9.67499926686287,9.67499926686287,1.0
936000,0.8717379,270.5,1.5072122,3.8566664258639016,3.8566664258639016,1.0
937000,0.8120029,499.0,1.5268502,7.774999551475048,7.774999551475048,1.0
938000,0.74314564,477.5,1.5407444,6.472499590367079,6.472499590367079,1.0
939000,0.73504466,345.6666666666667,1.5873525,8.248332897822062,8.248332897822062,1.0
940000,0.7980085,340.0,1.5720034,8.356666088104248,8.356666088104248,1.0
941000,0.70660496,407.0,1.5922322,6.996666197975476,6.996666197975476,1.0
942000,0.6686146,204.33333333333334,1.6296238,4.7199996908505755,4.7199996908505755,1.0
943000,0.7654899,499.0,1.6296384,12.454999208450317,12.454999208450317,1.0
944000,0.82446074,492.5,1.598645,11.452499151229858,11.452499151229858,1.0
945000,0.77498275,478.5,1.6401033,6.196666233241558,6.196666233241558,1.0
946000,0.8619697,None,1.5796332,9.829999208450317,9.829999208450317,1.0
947000,0.8714683,496.3333333333333,1.5294267,9.296666045983633,9.296666045983633,1.0
948000,0.73739624,351.5,1.5921185,5.669999584555626,5.669999584555626,1.0
949000,0.72951394,499.0,1.5391147,10.404999405145645,10.404999405145645,1.0
950000,0.6922917,350.3333333333333,1.577604,8.531666000684103,8.531666000684103,1.0
951000,0.69474566,275.4,1.6321926,6.5049995362758635,6.5049995362758635,1.0
952000,0.8432607,303.0,1.5903541,6.229999557137489,6.229999557137489,1.0
953000,0.6846302,438.0,1.6875626,2.504999816417694,2.504999816417694,1.0
954000,0.6874991,470.6666666666667,1.7004663,11.424999217192331,11.424999217192331,1.0
955000,0.8033741,499.0,1.5757256,12.47999918460846,12.47999918460846,1.0
956000,0.7586819,496.6666666666667,1.5415677,8.371666123469671,8.371666123469671,1.0
957000,0.6877703,264.0,1.5870404,5.957499593496323,5.957499593496323,1.0
958000,0.7033929,499.0,1.5928494,12.429999192555746,12.429999192555746,1.0
959000,0.77397794,469.0,1.5832701,9.369999140501022,9.369999140501022,1.0
960000,0.8562923,499.0,1.5781448,12.199999133745829,12.199999133745829,1.0
961000,0.81364965,403.5,1.6086305,5.344999611377716,5.344999611377716,1.0
962000,0.8123968,296.75,1.5999026,5.851249624043703,5.851249624043703,1.0
963000,0.93321174,499.0,1.519484,12.47999918460846,12.47999918460846,1.0
964000,0.81248516,426.25,1.5543972,6.7462494894862175,6.7462494894862175,1.0
965000,0.8114927,499.0,1.480613,9.879999279975891,9.879999279975891,1.0
966000,0.68258655,429.3333333333333,1.5595974,9.388332664966583,9.388332664966583,1.0
967000,0.635253,499.0,1.6188989,12.279999256134033,12.279999256134033,1.0
968000,0.7353498,318.8,1.5846908,7.906999486684799,7.906999486684799,1.0
969000,0.8928454,499.0,1.4986632,12.47999918460846,12.47999918460846,1.0
970000,0.80790025,466.0,1.5137717,6.854999503741662,6.854999503741662,1.0
971000,0.7846673,297.5,1.5317245,7.069999545812607,7.069999545812607,1.0
972000,0.703654,445.0,1.5855345,10.29333253701528,10.29333253701528,1.0
973000,0.7124041,None,1.6281769,6.0349995493888855,6.0349995493888855,1.0
974000,0.7794836,498.75,1.534413,12.44666588306427,12.44666588306427,1.0
975000,0.792762,305.0,1.5128897,4.324999623000622,4.324999623000622,1.0
976000,0.7061325,422.5,1.5767341,9.513332733263573,9.513332733263573,1.0
977000,0.6532132,None,1.6217229,12.47999918460846,12.47999918460846,1.0
978000,0.7525973,499.0,1.6037865,11.88666582107544,11.88666582107544,1.0
979000,0.89905363,None,1.6260799,12.47999918460846,12.47999918460846,1.0
980000,0.89154744,497.75,1.6024883,9.643332640329996,9.643332640329996,1.0
981000,0.92530084,None,1.5114812,0.9399999342858791,0.9399999342858791,1.0
982000,0.896877,497.75,1.527158,9.388332625230154,9.388332625230154,1.0
983000,0.73670834,261.0,1.6441673,2.4024998247623444,2.4024998247623444,1.0
984000,0.78651184,348.5,1.6091923,8.273999446630478,8.273999446630478,1.0
985000,0.92263335,None,1.5443465,None,None,1.0
986000,0.7615582,493.5,1.5415328,6.787499513477087,6.787499513477087,1.0
987000,0.6676145,None,1.5698406,None,None,1.0
988000,0.6660578,298.42857142857144,1.5766813,6.491666237513225,6.491666237513225,1.0
989000,0.6908758,182.5,1.5669353,6.7866662094990415,6.7866662094990415,1.0
990000,0.77369535,464.0,1.6222786,11.27166599035263,11.27166599035263,1.0
991000,0.75064534,170.66666666666666,1.6420273,3.9449997494618096,3.9449997494618096,1.0
992000,0.63997775,494.6666666666667,1.6167121,7.869999505579472,7.869999505579472,1.0
993000,0.7188467,499.0,1.5904623,12.267499208450317,12.267499208450317,1.0
994000,0.86501676,499.0,1.5344958,12.429999232292175,12.429999232292175,1.0
995000,0.8079402,499.0,1.6312691,10.35499906539917,10.35499906539917,1.0
996000,0.7319744,464.6666666666667,1.6853943,8.143332794308662,8.143332794308662,1.0
997000,0.76621586,499.0,1.5761777,11.179998993873596,11.179998993873596,1.0
998000,0.7370365,496.6666666666667,1.5834374,10.261665989955267,10.261665989955267,1.0
999000,0.73934585,499.0,1.6225607,12.47999918460846,12.47999918460846,1.0
1000000,0.849468,427.25,1.5306554,10.014999330043793,10.014999330043793,1.0
