Steps,Policy/Extrinsic Value Estimate,Policy/Entropy,Environment/Episode Length,Environment/Cumulative Reward,Policy/Extrinsic Reward,Is Training
2000,-0.53519624,0.68459076,380.0,9.504999279975891,9.504999279975891,1.0
3000,-0.35971877,0.6856193,604.6666666666666,12.989999191525081,12.989999191525081,1.0
4000,-0.55798864,0.6868193,505.0,11.629999160766602,11.629999160766602,1.0
5000,-0.56599265,0.68523824,None,None,None,1.0
6000,-0.44479868,0.683642,675.0,15.882498949766159,15.882498949766159,1.0
7000,-0.26480114,0.6853541,1103.0,11.319999292492867,11.319999292492867,1.0
8000,-0.29648796,0.68508834,763.5,13.397499158978462,13.397499158978462,1.0
9000,-0.35717702,0.6882547,526.6666666666666,6.7533329377571745,6.7533329377571745,1.0
10000,-0.3147197,0.68806887,None,None,None,1.0
11000,-0.22097671,0.690963,503.0,12.454999208450317,12.454999208450317,1.0
12000,-0.24532777,0.6929091,None,None,None,1.0
13000,-0.2899224,0.6930807,769.5,18.24749894067645,18.24749894067645,1.0
14000,-0.31728023,0.6929382,None,None,None,1.0
15000,-0.18790853,0.69286025,515.0,12.894999235868454,12.894999235868454,1.0
16000,-0.15996872,0.69279927,None,None,None,1.0
17000,-0.25099117,0.69277894,None,None,None,1.0
18000,-0.25624284,0.6928211,None,None,None,1.0
19000,-0.21115741,0.6930149,None,None,None,1.0
20000,-0.23630351,0.6929981,None,None,None,1.0
21000,-0.18080375,0.69105285,None,None,None,1.0
22000,-0.060431026,0.6905849,None,None,None,1.0
23000,-0.035100248,0.6919509,None,None,None,1.0
24000,0.016086984,0.6920505,None,None,None,1.0
25000,0.032417126,0.6923872,None,None,None,1.0
26000,0.0017307305,0.6924001,None,None,None,1.0
27000,-0.011047738,0.69269466,None,None,None,1.0
28000,0.032736115,0.6928561,None,None,None,1.0
29000,0.038063057,0.6919132,None,None,None,1.0
30000,-0.009424133,0.6888829,5457.0,107.16499350965023,107.16499350965023,1.0
31000,-0.006953044,0.6879355,None,None,None,1.0
32000,0.18407476,0.6872511,None,None,None,1.0
33000,0.18382463,0.69035554,None,None,None,1.0
34000,0.1748494,0.6915533,None,None,None,1.0
35000,0.17862238,0.6917461,None,None,None,1.0
36000,0.18055388,0.69206077,None,None,None,1.0
37000,0.17066617,0.69098246,None,None,None,1.0
38000,0.17982508,0.69102204,2187.0,54.689996749162674,54.689996749162674,1.0
39000,0.18540053,0.69224197,3883.5,77.40999521315098,77.40999521315098,1.0
40000,0.21050681,0.691905,None,None,None,1.0
41000,0.1999262,0.691803,None,None,None,1.0
42000,0.37187845,0.6834737,None,None,None,1.0
43000,0.39434135,0.688354,None,None,None,1.0
44000,0.40253365,0.69173926,None,None,None,1.0
45000,0.4040214,0.69121695,None,None,None,1.0
46000,0.40405157,0.6909342,None,None,None,1.0
47000,0.40426585,0.69093966,None,None,None,1.0
48000,0.40254545,0.6905677,None,None,None,1.0
49000,0.40388966,0.69230676,None,None,None,1.0
50000,0.40600646,0.69223386,None,None,None,1.0
51000,0.40650892,0.69232655,None,None,None,1.0
52000,0.49378866,0.6864818,None,None,None,1.0
53000,0.55821985,0.6878686,None,None,None,1.0
54000,0.5697001,0.69161177,None,None,None,1.0
55000,0.55370295,0.6915622,None,None,None,1.0
56000,0.56337166,0.6922893,None,None,None,1.0
57000,0.5865266,0.6920824,None,None,None,1.0
58000,0.60118973,0.69253385,None,None,None,1.0
59000,0.58258694,0.69222116,None,None,None,1.0
60000,0.5727459,0.692224,None,None,None,1.0
61000,0.59825855,0.69234776,None,None,None,1.0
62000,0.66535926,0.69106674,None,None,None,1.0
63000,0.808686,0.6919292,None,None,None,1.0
64000,0.8274358,0.69251746,None,None,None,1.0
65000,0.8311662,0.69120836,None,None,None,1.0
66000,0.81683517,0.6923245,None,None,None,1.0
67000,0.7784606,0.6920385,None,None,None,1.0
68000,0.76531124,0.6920383,None,None,None,1.0
69000,0.7760751,0.6912563,None,None,None,1.0
70000,0.80166906,0.6908069,7623.0,172.77998977154493,172.77998977154493,1.0
71000,0.8290801,0.6913012,None,None,None,1.0
72000,0.823714,0.6908958,None,None,None,1.0
73000,0.91770685,0.68694925,None,None,None,1.0
74000,0.92981297,0.6901989,8800.0,189.50998866558075,189.50998866558075,1.0
75000,0.9047458,0.69121546,None,None,None,1.0
76000,0.90316397,0.6921265,15459.5,315.03998091444373,315.03998091444373,1.0
77000,0.90113515,0.69232154,None,None,None,1.0
78000,0.8848036,0.6927814,None,None,None,1.0
79000,0.9014067,0.6925488,821.0,20.5499986410141,20.5499986410141,1.0
80000,0.9056716,0.68918,1329.0,32.83999800682068,32.83999800682068,1.0
81000,0.9226161,0.68835366,418.0,10.454999387264252,10.454999387264252,1.0
82000,0.9437186,0.6906461,343.0,8.584999442100525,8.584999442100525,1.0
83000,1.045177,0.68913573,None,None,None,1.0
84000,1.0950441,0.6882378,535.0,13.387499168515205,13.387499168515205,1.0
85000,1.1172459,0.690443,None,None,None,1.0
86000,1.0712152,0.6903229,None,None,None,1.0
87000,1.063586,0.691996,None,None,None,1.0
88000,1.0917729,0.69259334,None,None,None,1.0
89000,1.0867455,0.69145113,None,None,None,1.0
90000,1.0725574,0.6920856,None,None,None,1.0
91000,1.0761397,0.6886958,None,None,None,1.0
92000,1.0810534,0.68880385,None,None,None,1.0
93000,1.147358,0.6887905,2263.0,46.34499706327915,46.34499706327915,1.0
94000,1.2502954,0.6915235,2565.0,60.819996386766434,60.819996386766434,1.0
95000,1.2308334,0.6894676,None,None,None,1.0
96000,1.2149761,0.68945324,None,None,None,1.0
97000,1.2511936,0.69190437,None,None,None,1.0
98000,1.2265573,0.6918125,None,None,None,1.0
99000,1.206679,0.69153106,None,None,None,1.0
100000,1.2201017,0.6909635,None,None,None,1.0
101000,1.234959,0.69157714,None,None,None,1.0
102000,1.2429819,0.6917797,None,None,None,1.0
103000,1.2916459,0.6914798,None,None,None,1.0
104000,1.3633287,0.6916635,None,None,None,1.0
105000,1.3255106,0.69029236,None,None,None,1.0
106000,1.2939596,0.6905814,None,None,None,1.0
107000,1.2968329,0.69190687,None,None,None,1.0
108000,1.3021336,0.69182575,None,None,None,1.0
109000,1.3016986,0.68875045,None,None,None,1.0
110000,1.3416809,0.68920726,None,None,None,1.0
111000,1.3515916,0.6907424,None,None,None,1.0
112000,1.3444301,0.6915374,None,None,None,1.0
113000,1.3032892,0.69106966,None,None,None,1.0
114000,1.4063072,0.691362,None,None,None,1.0
115000,1.4419484,0.6837063,None,None,None,1.0
116000,1.4961135,0.6877794,None,None,None,1.0
117000,1.5224264,0.69121087,None,None,None,1.0
118000,1.5266193,0.6881129,None,None,None,1.0
119000,1.4893943,0.68664086,None,None,None,1.0
120000,1.464933,0.68651116,None,None,None,1.0
121000,1.4557706,0.6862369,None,None,None,1.0
122000,1.4582001,0.69139415,7387.0,None,None,1.0
123000,1.4595809,0.6910226,None,184.26998895406723,184.26998895406723,1.0
124000,1.548022,0.69034296,None,None,None,1.0
125000,1.5682938,0.68952376,None,None,None,1.0
126000,1.5392108,0.6893176,1002.0,None,None,1.0
127000,1.5414306,0.69077694,None,25.054998517036438,25.054998517036438,1.0
128000,1.5538319,0.6901547,None,None,None,1.0
129000,1.6063504,0.68905246,None,None,None,1.0
130000,1.6313449,0.6874138,None,None,None,1.0
131000,1.5314842,0.6885166,None,None,None,1.0
132000,1.4702203,0.6906979,None,None,None,1.0
133000,1.4835912,0.6899602,None,None,None,1.0
134000,1.5510693,0.686776,None,None,None,1.0
135000,1.6619527,0.6856866,None,None,None,1.0
136000,1.6901658,0.6885261,None,None,None,1.0
137000,1.6790683,0.6896608,None,None,None,1.0
138000,1.6574314,0.68982506,None,None,None,1.0
139000,1.6226627,0.6904716,None,None,None,1.0
140000,1.6262796,0.6918501,None,None,None,1.0
141000,1.6416332,0.6856911,None,None,None,1.0
142000,1.6559256,0.6862108,None,None,None,1.0
143000,1.6506449,0.68560916,None,None,None,1.0
144000,1.6160172,0.6890541,None,None,None,1.0
145000,1.6765696,0.6877937,None,None,None,1.0
146000,1.7206738,0.69126314,None,None,None,1.0
147000,1.733216,0.6885575,None,None,None,1.0
148000,1.7195356,0.6875532,19560.0,470.29497180879116,470.29497180879116,1.0
149000,1.7352313,0.6883465,None,None,None,1.0
150000,1.704158,0.69030213,None,None,None,1.0
151000,1.7266147,0.6881058,None,None,None,1.0
152000,1.7498704,0.6894616,None,None,None,1.0
153000,1.7605554,0.689063,None,None,None,1.0
154000,1.7390077,0.6905961,None,None,None,1.0
155000,1.7759012,0.68809783,None,None,None,1.0
156000,1.8238492,0.6911783,15373.0,379.044977709651,379.044977709651,1.0
157000,1.8567041,0.69120175,None,None,None,1.0
158000,1.8261573,0.6910755,None,None,None,1.0
159000,1.7891104,0.6898936,721.0,18.049998939037323,18.049998939037323,1.0
160000,1.7703898,0.6902473,None,None,None,1.0
161000,1.7824585,0.69005513,3181.0,76.8149952813983,76.8149952813983,1.0
162000,1.8243208,0.68834037,None,None,None,1.0
163000,1.880529,0.684989,None,None,None,1.0
164000,1.8528903,0.6819912,None,None,None,1.0
165000,1.8044599,0.6876789,None,None,None,1.0
166000,1.8760626,0.689608,None,None,None,1.0
167000,1.918441,0.6886105,None,None,None,1.0
168000,1.8923304,0.6900134,None,None,None,1.0
169000,1.8684269,0.6881751,None,None,None,1.0
170000,1.9312083,0.68873394,None,None,None,1.0
171000,1.9505807,0.68959606,None,None,None,1.0
172000,1.8678411,0.6880654,None,None,None,1.0
173000,1.8621979,0.68946546,None,None,None,1.0
174000,1.8650177,0.6895495,None,None,None,1.0
175000,1.9119769,0.6863696,4042.0,97.52499420940876,97.52499420940876,1.0
176000,1.9359405,0.6869274,None,None,None,1.0
177000,1.9228365,0.6820581,413.0,10.194999277591705,10.194999277591705,1.0
178000,2.0191412,0.69010353,None,None,None,1.0
179000,2.0398822,0.6907615,627.0,15.689998984336853,15.689998984336853,1.0
180000,2.0034578,0.6870019,26033.0,637.6549621373415,637.6549621373415,1.0
181000,2.0044389,0.68967336,None,None,None,1.0
182000,1.9486344,0.6912235,5231.0,126.53999252617359,126.53999252617359,1.0
183000,1.9402112,0.68792325,14075.0,349.8349787592888,349.8349787592888,1.0
184000,1.9082946,0.687886,None,None,None,1.0
185000,1.9480768,0.6844944,535.0,13.389999151229858,13.389999151229858,1.0
186000,2.0349138,0.68670547,None,None,None,1.0
187000,1.9966047,0.6856068,None,None,None,1.0
188000,2.0464354,0.6873131,None,None,None,1.0
189000,2.0409904,0.6894497,None,None,None,1.0
190000,1.9816322,0.6852377,None,None,None,1.0
191000,1.9737941,0.6883706,None,None,None,1.0
192000,2.0028903,0.6870262,2443.0,61.0949963927269,61.0949963927269,1.0
193000,1.9945676,0.6887319,None,None,None,1.0
194000,1.9860742,0.68686795,None,None,None,1.0
195000,1.9925666,0.69118106,None,None,None,1.0
196000,2.0583446,0.6846863,None,None,None,1.0
197000,2.1226676,0.6821281,None,None,None,1.0
198000,2.1374497,0.68863416,None,None,None,1.0
199000,2.0825691,0.68816197,1741.0,43.549997448921204,43.549997448921204,1.0
200000,2.084516,0.6901318,None,None,None,1.0
201000,2.1401608,0.68812984,None,None,None,1.0
202000,2.1357884,0.68681735,None,None,None,1.0
203000,2.0834782,0.6880749,None,None,None,1.0
204000,2.0777783,0.6833095,None,None,None,1.0
205000,2.1003582,0.684399,None,None,None,1.0
206000,2.167802,0.68823856,None,None,None,1.0
207000,2.1478698,0.6872429,None,None,None,1.0
208000,2.0856173,0.6898647,None,None,None,1.0
209000,2.1001222,0.6838659,None,None,None,1.0
210000,2.1452715,0.68765265,None,None,None,1.0
211000,2.165356,0.6897113,None,None,None,1.0
212000,2.148282,0.6885202,None,None,None,1.0
213000,2.156198,0.6832321,None,None,None,1.0
214000,2.1831791,0.68817735,None,None,None,1.0
215000,2.1817331,0.69088626,None,None,None,1.0
216000,2.1831677,0.68562233,None,None,None,1.0
217000,2.1878636,0.68207204,None,None,None,1.0
218000,2.173496,0.6842925,6562.5,161.86499043554068,161.86499043554068,1.0
219000,2.1679199,0.6818667,183.0,4.599999666213989,4.599999666213989,1.0
220000,2.1616278,0.6883539,None,None,None,1.0
221000,2.149321,0.6816903,10503.0,260.54498451948166,260.54498451948166,1.0
222000,2.1612613,0.6904186,None,None,None,1.0
223000,2.1809845,0.68266207,None,None,None,1.0
224000,2.2426896,0.6865208,None,None,None,1.0
225000,2.2124257,0.68265116,965.0,24.14999856054783,24.14999856054783,1.0
226000,2.1834373,0.6831984,None,None,None,1.0
227000,2.2281508,0.6833281,None,None,None,1.0
228000,2.184694,0.6900614,None,None,None,1.0
229000,2.2034094,0.6853404,None,None,None,1.0
230000,2.2447567,0.687493,12519.0,312.7099813222885,312.7099813222885,1.0
231000,2.2276785,0.68635446,None,None,None,1.0
232000,2.2139037,0.68744385,None,None,None,1.0
233000,2.2251914,0.69020486,None,None,None,1.0
234000,2.2404628,0.687363,None,None,None,1.0
235000,2.2127151,0.6863638,None,None,None,1.0
236000,2.2268112,0.68694955,None,None,None,1.0
237000,2.267141,0.6808896,None,None,None,1.0
238000,2.2767253,0.68842113,None,None,None,1.0
239000,2.2629762,0.6822337,2211.0,55.29499661922455,55.29499661922455,1.0
240000,2.2416,0.6825671,None,None,None,1.0
241000,2.2727032,0.68664896,None,None,None,1.0
242000,2.2732575,0.68469095,None,None,None,1.0
243000,2.2466388,0.68681216,None,None,None,1.0
244000,2.2474995,0.68768424,None,None,None,1.0
245000,2.2715964,0.6869437,None,None,None,1.0
246000,2.2403893,0.6878789,1843.0,45.94999706745148,45.94999706745148,1.0
247000,2.2047164,0.6895707,None,None,None,1.0
248000,2.2155702,0.6899151,5792.0,144.2049913406372,144.2049913406372,1.0
249000,2.259552,0.6901656,None,None,None,1.0
250000,2.2676706,0.6863707,None,None,None,1.0
251000,2.2768333,0.68880343,None,None,None,1.0
252000,2.2840555,0.68850696,None,None,None,1.0
253000,2.2902527,0.6878725,8560.0,213.5149872303009,213.5149872303009,1.0
254000,2.2972994,0.6893256,None,None,None,1.0
255000,2.290209,0.6895537,None,None,None,1.0
256000,2.2847333,0.68851763,None,None,None,1.0
257000,2.2880602,0.68750226,2832.0,None,None,1.0
258000,2.2837555,0.6889708,None,70.80499577522278,70.80499577522278,1.0
259000,2.29963,0.686932,2663.0,64.35499614477158,64.35499614477158,1.0
260000,2.3062851,0.6864954,None,None,None,1.0
261000,2.2982593,0.69004995,10843.0,271.0449838042259,271.0449838042259,1.0
262000,2.3496466,0.68644893,None,None,None,1.0
263000,2.3546247,0.6813365,None,None,None,1.0
264000,2.321052,0.6885202,None,None,None,1.0
265000,2.29686,0.68674725,None,None,None,1.0
266000,2.307055,0.6873399,None,None,None,1.0
267000,2.309825,0.68892944,None,None,None,1.0
268000,2.2716126,0.68893385,None,None,None,1.0
269000,2.288067,0.6819901,None,None,None,1.0
270000,2.3138893,0.68544185,None,None,None,1.0
271000,2.2963703,0.6860018,None,None,None,1.0
272000,2.2679775,0.6905013,None,None,None,1.0
273000,2.249474,0.6877376,None,None,None,1.0
274000,2.2900486,0.68197423,4191.0,89.80499466508627,89.80499466508627,1.0
275000,2.3071818,0.6889659,None,None,None,1.0
276000,2.263575,0.6851227,None,None,None,1.0
277000,2.2581453,0.6834774,731.0,18.289998829364777,18.289998829364777,1.0
278000,2.3197665,0.6816564,None,None,None,1.0
279000,2.3474126,0.6882849,None,None,None,1.0
280000,2.3278465,0.68462026,None,None,None,1.0
281000,2.2933557,0.6897823,None,None,None,1.0
282000,2.3031054,0.6883923,5119.0,119.58999274671078,119.58999274671078,1.0
283000,2.3149805,0.68884635,6071.0,144.89999133348465,144.89999133348465,1.0
284000,2.3076832,0.68884,None,None,None,1.0
285000,2.3145885,0.6882918,357.0,8.94499933719635,8.94499933719635,1.0
286000,2.2944093,0.6837882,None,None,None,1.0
287000,2.2782288,0.68969595,8389.0,183.9449888020754,183.9449888020754,1.0
288000,2.2999294,0.6842131,None,None,None,1.0
289000,2.3268356,0.6863047,None,None,None,1.0
290000,2.3123045,0.68777823,None,None,None,1.0
291000,2.331175,0.6861662,1737.0,43.449997425079346,43.449997425079346,1.0
292000,2.32565,0.68621165,None,None,None,1.0
293000,2.3020139,0.6884977,None,None,None,1.0
294000,2.3211038,0.68689644,None,None,None,1.0
295000,2.339165,0.68752587,None,None,None,1.0
296000,2.3152053,0.69053316,None,None,None,1.0
297000,2.319192,0.68728906,None,None,None,1.0
298000,2.3146245,0.6849375,None,None,None,1.0
299000,2.3377323,0.68481934,4177.0,104.44499379396439,104.44499379396439,1.0
300000,2.365822,0.68719316,None,None,None,1.0
301000,2.332923,0.6867457,None,None,None,1.0
302000,2.3074937,0.6894643,None,None,None,1.0
303000,2.2885005,0.6765507,None,None,None,1.0
304000,2.3184075,0.6865119,None,None,None,1.0
305000,2.3377097,0.68816805,None,None,None,1.0
306000,2.313859,0.6802928,None,None,None,1.0
307000,2.3344152,0.68736035,None,None,None,1.0
308000,2.351092,0.68959635,None,None,None,1.0
309000,2.373991,0.685165,8047.0,200.4549880027771,200.4549880027771,1.0
310000,2.394845,0.68689185,None,None,None,1.0
311000,2.3867402,0.6866705,None,None,None,1.0
312000,2.3714983,0.69072354,None,None,None,1.0
313000,2.3714442,0.6887692,None,None,None,1.0
314000,2.383637,0.6900573,None,None,None,1.0
315000,2.3849826,0.6895255,None,None,None,1.0
316000,2.373377,0.6844418,None,None,None,1.0
317000,2.3832486,0.6868865,None,None,None,1.0
318000,2.3942595,0.6879269,None,None,None,1.0
319000,2.3935785,0.6882864,None,None,None,1.0
320000,2.40322,0.6834053,None,None,None,1.0
321000,2.3944073,0.68694806,None,None,None,1.0
322000,2.363063,0.6856964,None,None,None,1.0
323000,2.3559685,0.6825239,None,None,None,1.0
324000,2.3805292,0.6843739,None,None,None,1.0
325000,2.4099696,0.69115275,None,None,None,1.0
326000,2.4035358,0.68897045,None,None,None,1.0
327000,2.396513,0.6869309,10127.0,249.5899852067232,249.5899852067232,1.0
328000,2.4090908,0.6889986,None,None,None,1.0
329000,2.3996496,0.67893565,None,None,None,1.0
330000,2.3896375,0.6863277,None,None,None,1.0
331000,2.394806,0.6886722,None,None,None,1.0
332000,2.3882859,0.68861055,None,None,None,1.0
333000,2.4018366,0.687051,None,None,None,1.0
334000,2.424912,0.6847197,8797.0,218.2599869966507,218.2599869966507,1.0
335000,2.421524,0.68736553,None,None,None,1.0
336000,2.417774,0.6890595,3586.5,89.3324946463108,89.3324946463108,1.0
337000,2.4042482,0.6898557,None,None,None,1.0
338000,2.4125395,0.6872804,None,None,None,1.0
339000,2.4108863,0.6760699,None,None,None,1.0
340000,2.3947086,0.69007605,None,None,None,1.0
341000,2.415237,0.67965955,12418.0,307.7749814875424,307.7749814875424,1.0
342000,2.4282787,0.6854053,3789.0,93.31499445438385,93.31499445438385,1.0
343000,2.4016213,0.6887965,None,None,None,1.0
344000,2.3982468,0.6867512,None,None,None,1.0
345000,2.401714,0.69045043,None,None,None,1.0
346000,2.413016,0.68229735,None,None,None,1.0
347000,2.4231277,0.6871385,None,None,None,1.0
348000,2.4130096,0.68620324,None,None,None,1.0
349000,2.3993359,0.68467915,3334.0,80.67499502003193,80.67499502003193,1.0
350000,2.3940392,0.6854032,None,None,None,1.0
351000,2.3949547,0.68342817,None,None,None,1.0
352000,2.4252932,0.6876886,None,None,None,1.0
353000,2.423491,0.6903415,None,None,None,1.0
354000,2.4312449,0.6868116,None,None,None,1.0
355000,2.4410534,0.6872528,None,None,None,1.0
356000,2.4258113,0.67989486,None,None,None,1.0
357000,2.4113433,0.685964,None,None,None,1.0
358000,2.4017367,0.6836153,None,None,None,1.0
359000,2.4142113,0.6901869,4181.0,104.54999375343323,104.54999375343323,1.0
360000,2.422351,0.68936306,None,None,None,1.0
361000,2.4177458,0.68897253,None,None,None,1.0
362000,2.424664,0.6861527,None,None,None,1.0
363000,2.4192355,0.68650174,3405.0,85.13499495387077,85.13499495387077,1.0
364000,2.4414392,0.6863518,None,None,None,1.0
365000,2.4406962,0.68472946,None,None,None,1.0
366000,2.4089317,0.68190545,None,None,None,1.0
367000,2.3765922,0.68385315,None,None,None,1.0
368000,2.3786242,0.6884772,None,None,None,1.0
369000,2.3951116,0.68562895,8123.0,201.6149878501892,201.6149878501892,1.0
370000,2.401717,0.68392956,None,None,None,1.0
371000,2.4025393,0.68900514,None,None,None,1.0
372000,2.4194977,0.6887029,921.0,23.039998590946198,23.039998590946198,1.0
373000,2.4088225,0.6870564,None,None,None,1.0
374000,2.404254,0.6888633,None,None,None,1.0
375000,2.4211204,0.69005686,None,None,None,1.0
376000,2.4325478,0.68926924,None,None,None,1.0
377000,2.4225776,0.68910474,1269.0,None,None,1.0
378000,2.4379516,0.6856644,None,31.74499797821045,31.74499797821045,1.0
379000,2.4613888,0.68701553,None,None,None,1.0
380000,2.4596193,0.686424,None,None,None,1.0
381000,2.4271064,0.687836,5468.0,136.45499175786972,136.45499175786972,1.0
382000,2.415209,0.6864196,None,None,None,1.0
383000,2.4133525,0.6878345,None,None,None,1.0
384000,2.4199972,0.69080687,None,None,None,1.0
385000,2.424996,0.6872415,5569.0,139.23999170213938,139.23999170213938,1.0
386000,2.426005,0.68864757,None,None,None,1.0
387000,2.4155996,0.686836,None,None,None,1.0
388000,2.4087112,0.6871597,None,None,None,1.0
389000,2.4200218,0.68849385,None,None,None,1.0
390000,2.4313385,0.6886617,None,None,None,1.0
391000,2.4438486,0.68742454,None,None,None,1.0
392000,2.4407148,0.6841841,None,None,None,1.0
393000,2.438938,0.6883457,None,None,None,1.0
394000,2.439785,0.6880234,None,None,None,1.0
395000,2.4417238,0.68834716,None,None,None,1.0
396000,2.428106,0.6876945,None,None,None,1.0
397000,2.422587,0.686831,None,None,None,1.0
398000,2.4251375,0.68581504,None,None,None,1.0
399000,2.4231663,0.68482304,None,None,None,1.0
400000,2.432779,0.68778014,None,None,None,1.0
401000,2.4373717,0.6851948,None,None,None,1.0
402000,2.441566,0.6888534,None,None,None,1.0
403000,2.4357357,0.6816479,None,None,None,1.0
404000,2.4165003,0.68859357,None,None,None,1.0
405000,2.4184833,0.68682635,None,None,None,1.0
406000,2.4405146,0.68798614,None,None,None,1.0
407000,2.4459944,0.6862851,None,None,None,1.0
408000,2.4337697,0.68725747,None,None,None,1.0
409000,2.4332652,0.68523914,None,None,None,1.0
410000,2.4376361,0.6876711,7321.0,181.9449890255928,181.9449890255928,1.0
411000,2.4454885,0.68553555,None,None,None,1.0
412000,2.4524279,0.6863871,17637.0,438.5549736022949,438.5549736022949,1.0
413000,2.4442995,0.68299353,None,None,None,1.0
414000,2.4301555,0.6835673,7387.0,182.8549889922142,182.8549889922142,1.0
415000,2.430911,0.6869698,None,None,None,1.0
416000,2.438983,0.6859214,None,None,None,1.0
417000,2.4436288,0.6879712,None,None,None,1.0
418000,2.4388971,0.68881536,None,None,None,1.0
419000,2.4377387,0.68527156,None,None,None,1.0
420000,2.430231,0.6874169,None,None,None,1.0
421000,2.4321418,0.6861718,2316.0,57.72499653697014,57.72499653697014,1.0
422000,2.442305,0.6882956,None,None,None,1.0
423000,2.4467506,0.68094134,None,None,None,1.0
424000,2.4512732,0.6816922,None,None,None,1.0
425000,2.4277768,0.6823707,None,None,None,1.0
426000,2.4123864,0.68586516,None,None,None,1.0
427000,2.4240048,0.68320835,7727.0,192.9074885621667,192.9074885621667,1.0
428000,2.407427,0.68410987,None,None,None,1.0
429000,2.406376,0.6894034,None,None,None,1.0
430000,2.4277081,0.673456,None,None,None,1.0
431000,2.4423947,0.6863932,None,None,None,1.0
432000,2.4500246,0.683547,None,None,None,1.0
433000,2.4471817,0.6880126,None,None,None,1.0
434000,2.437572,0.6770928,None,None,None,1.0
435000,2.4348402,0.6872528,2181.0,54.54999674856663,54.54999674856663,1.0
436000,2.4149194,0.6899157,None,None,None,1.0
437000,2.4245632,0.67986244,None,None,None,1.0
438000,2.4430702,0.6857906,None,None,None,1.0
439000,2.4505994,0.68894804,None,None,None,1.0
440000,2.4429154,0.68387115,None,None,None,1.0
441000,2.4281816,0.68222016,1466.0,36.65499770641327,36.65499770641327,1.0
442000,2.4116263,0.68993986,None,None,None,1.0
443000,2.4299424,0.67408377,4127.0,103.02999377250671,103.02999377250671,1.0
444000,2.4377456,0.6860583,347.0,7.889999449253082,7.889999449253082,1.0
445000,2.4390883,0.6892645,None,None,None,1.0
446000,2.4409308,0.6900182,None,None,None,1.0
447000,2.4374435,0.67824996,6532.0,162.33499035984278,162.33499035984278,1.0
448000,2.4389246,0.68723977,None,None,None,1.0
449000,2.4303455,0.6875827,None,None,None,1.0
450000,2.4286299,0.68653256,None,None,None,1.0
451000,2.4360569,0.68483347,1979.0,48.8449969291687,48.8449969291687,1.0
452000,2.4392362,0.68521255,421.0,10.53999924659729,10.53999924659729,1.0
453000,2.4109917,0.6866428,None,None,None,1.0
454000,2.417112,0.68642306,None,None,None,1.0
455000,2.4160979,0.6891979,None,None,None,1.0
456000,2.4044945,0.68455386,None,None,None,1.0
457000,2.4058793,0.68192285,3148.0,76.56499540805817,76.56499540805817,1.0
458000,2.414835,0.6877482,None,None,None,1.0
459000,2.4093337,0.68490577,3095.0,76.99499535560608,76.99499535560608,1.0
460000,2.4084609,0.68019927,1925.0,48.144997134804726,48.144997134804726,1.0
461000,2.3996956,0.6790679,None,None,None,1.0
462000,2.413327,0.6845267,2646.5,65.1674959808588,65.1674959808588,1.0
463000,2.397811,0.6718892,None,None,None,1.0
464000,2.3881226,0.67951554,1905.0,47.63499712944031,47.63499712944031,1.0
465000,2.3946722,0.68126243,None,None,None,1.0
466000,2.413586,0.68686724,None,None,None,1.0
467000,2.4115818,0.6833044,None,None,None,1.0
468000,2.4050868,0.68656605,None,None,None,1.0
469000,2.4019094,0.68695664,None,None,None,1.0
470000,2.3959074,0.6861655,None,None,None,1.0
471000,2.3925407,0.6849481,None,None,None,1.0
472000,2.4037864,0.68663734,2049.0,51.23999694734812,51.23999694734812,1.0
473000,2.404645,0.6850615,None,None,None,1.0
474000,2.4131851,0.6853014,3521.0,86.76999489963055,86.76999489963055,1.0
475000,2.4097579,0.6851588,None,None,None,1.0
476000,2.4134777,0.6768941,None,None,None,1.0
477000,2.3990536,0.680391,2217.5,55.27499654889107,55.27499654889107,1.0
478000,2.4124932,0.68590045,297.0,7.434999585151672,7.434999585151672,1.0
479000,2.4240227,0.68639314,4290.0,106.36499373987317,106.36499373987317,1.0
480000,2.4220526,0.68707436,None,None,None,1.0
481000,2.4142148,0.683629,432.3333333333333,10.831665953000387,10.831665953000387,1.0
482000,2.4017286,0.6862047,340.0,8.50499951839447,8.50499951839447,1.0
483000,2.3956933,0.68231356,222.33333333333334,5.576666260759036,5.576666260759036,1.0
484000,2.3893201,0.68904257,None,None,None,1.0
485000,2.386573,0.6840774,None,None,None,1.0
486000,2.3754034,0.68294156,None,None,None,1.0
487000,2.3753076,0.68711823,None,None,None,1.0
488000,2.3871706,0.6868105,None,None,None,1.0
489000,2.3911052,0.680347,4204.0,104.81499373912811,104.81499373912811,1.0
490000,2.3955083,0.68679774,None,None,None,1.0
491000,2.3950796,0.6840489,None,None,None,1.0
492000,2.384711,0.6862965,None,None,None,1.0
493000,2.3886628,0.6851316,1075.0,26.854998350143433,26.854998350143433,1.0
494000,2.4095244,0.67570704,120.0,3.0099997520446777,3.0099997520446777,1.0
495000,2.3949714,0.6867102,None,None,None,1.0
496000,2.3946862,0.68823993,None,None,None,1.0
497000,2.393004,0.6892772,None,None,None,1.0
498000,2.3919227,0.6860101,4565.5,113.65249308943748,113.65249308943748,1.0
499000,2.3992193,0.6852607,None,None,None,1.0
500000,2.3977842,0.68390954,None,None,None,1.0
501000,2.3923965,0.68250585,None,None,None,1.0
502000,2.386539,0.6860802,None,None,None,1.0
503000,2.3904,0.6822593,2176.0,54.41999675706029,54.41999675706029,1.0
504000,2.4010162,0.68569887,None,None,None,1.0
505000,2.4063647,0.68032825,1774.0,43.894997239112854,43.894997239112854,1.0
506000,2.4101553,0.6841856,None,None,None,1.0
507000,2.3994608,0.68489176,None,None,None,1.0
508000,2.3948183,0.6840962,None,None,None,1.0
509000,2.4030695,0.68493307,2628.0,65.70499608665705,65.70499608665705,1.0
510000,2.4086287,0.6892445,1898.0,47.45999717712402,47.45999717712402,1.0
511000,2.4040287,0.68556654,None,None,None,1.0
512000,2.4132638,0.6848987,422.0,10.56999921798706,10.56999921798706,1.0
513000,2.4078474,0.6793969,None,None,None,1.0
514000,2.3814914,0.67944217,None,None,None,1.0
515000,2.3736424,0.67970043,None,None,None,1.0
516000,2.3905132,0.6846188,None,None,None,1.0
517000,2.3903644,0.6885766,None,None,None,1.0
518000,2.3826387,0.675855,None,None,None,1.0
519000,2.4064264,0.6850996,None,None,None,1.0
520000,2.4122431,0.68451965,9261.0,231.214986205101,231.214986205101,1.0
521000,2.407681,0.6872553,None,None,None,1.0
522000,2.407108,0.68397915,400.0,10.019999414682388,10.019999414682388,1.0
523000,2.403629,0.6866618,3637.0,90.53499460220337,90.53499460220337,1.0
524000,2.4016643,0.6881062,None,None,None,1.0
525000,2.4066658,0.68965954,None,None,None,1.0
526000,2.403362,0.6853987,None,None,None,1.0
527000,2.3967705,0.6855463,None,None,None,1.0
528000,2.4020514,0.6833422,None,None,None,1.0
529000,2.407787,0.68151486,None,None,None,1.0
530000,2.4058478,0.6834458,None,None,None,1.0
531000,2.4102585,0.68644905,None,None,None,1.0
532000,2.4030972,0.68137276,None,None,None,1.0
533000,2.396069,0.68376946,None,None,None,1.0
534000,2.4034872,0.6863922,7134.0,177.56498914957047,177.56498914957047,1.0
535000,2.399935,0.67103046,None,None,None,1.0
536000,2.4040205,0.6873834,None,None,None,1.0
537000,2.4133458,0.68546534,None,None,None,1.0
538000,2.408451,0.6840088,None,None,None,1.0
539000,2.410998,0.68889886,1410.0,35.274997897446156,35.274997897446156,1.0
540000,2.4071615,0.6864137,None,None,None,1.0
541000,2.4087749,0.67319953,None,None,None,1.0
542000,2.4159474,0.68394804,None,None,None,1.0
543000,2.4144282,0.683083,None,None,None,1.0
544000,2.4053109,0.68579227,None,None,None,1.0
545000,2.4035044,0.6842631,None,None,None,1.0
546000,2.4126563,0.68643427,8496.0,212.04998743534088,212.04998743534088,1.0
547000,2.4100652,0.68961406,None,None,None,1.0
548000,2.410493,0.6850368,None,None,None,1.0
549000,2.4170778,0.6834407,None,None,None,1.0
550000,2.4189658,0.68364614,6821.0,None,None,1.0
551000,2.4178252,0.68605983,None,170.37998974323273,170.37998974323273,1.0
552000,2.4165735,0.6810449,None,None,None,1.0
553000,2.4114506,0.6790783,3462.0,86.31499482691288,86.31499482691288,1.0
554000,2.412033,0.6848884,247.0,6.184999585151672,6.184999585151672,1.0
555000,2.410534,0.6865801,1712.5,42.8299973718822,42.8299973718822,1.0
556000,2.3993082,0.68239325,None,None,None,1.0
557000,2.3958337,0.6878627,None,None,None,1.0
558000,2.3960817,0.6872492,None,None,None,1.0
559000,2.3975313,0.68894786,None,None,None,1.0
560000,2.3954687,0.6883242,None,None,None,1.0
561000,2.396409,0.68798155,None,None,None,1.0
562000,2.3907928,0.68013275,10082.0,251.2799849510193,251.2799849510193,1.0
563000,2.3852277,0.6877728,2293.0,57.339996457099915,57.339996457099915,1.0
564000,2.394716,0.67467177,None,None,None,1.0
565000,2.393598,0.6836997,None,None,None,1.0
566000,2.400943,0.68526524,574.0,14.364998936653137,14.364998936653137,1.0
567000,2.3982189,0.6816158,None,None,None,1.0
568000,2.3953257,0.6876583,None,None,None,1.0
569000,2.3933313,0.68556005,3521.0,87.90499476715922,87.90499476715922,1.0
570000,2.3905158,0.68130994,None,None,None,1.0
571000,2.3931732,0.6778102,None,None,None,1.0
572000,2.404002,0.6870561,None,None,None,1.0
573000,2.4057298,0.6850336,None,None,None,1.0
574000,2.4071338,0.6833488,None,None,None,1.0
575000,2.4024544,0.6841693,None,None,None,1.0
576000,2.4056847,0.6859988,3392.0,84.28999497368932,84.28999497368932,1.0
577000,2.4048173,0.67835605,None,None,None,1.0
578000,2.399063,0.6847552,None,None,None,1.0
579000,2.404189,0.68380886,None,None,None,1.0
580000,2.4113135,0.6864793,2939.0,None,None,1.0
581000,2.4084873,0.6884633,None,73.499995470047,73.499995470047,1.0
582000,2.4072454,0.68497646,None,None,None,1.0
583000,2.4064245,0.6845729,None,None,None,1.0
584000,2.406289,0.6832365,None,None,None,1.0
585000,2.409096,0.68512964,2365.0,59.149996280670166,59.149996280670166,1.0
586000,2.4073164,0.68118316,None,None,None,1.0
587000,2.4106407,0.6847337,396.0,9.904999434947968,9.904999434947968,1.0
588000,2.4093277,0.6804531,5475.0,136.64499163627625,136.64499163627625,1.0
589000,2.4071813,0.68915844,None,None,None,1.0
590000,2.4111004,0.68368137,None,None,None,1.0
591000,2.4142568,0.687479,None,None,None,1.0
592000,2.411363,0.6810006,None,None,None,1.0
593000,2.4086168,0.67932236,None,None,None,1.0
594000,2.4031577,0.6826145,None,None,None,1.0
595000,2.4035325,0.686951,None,None,None,1.0
596000,2.4056144,0.6883644,None,None,None,1.0
597000,2.4073365,0.6895147,None,None,None,1.0
598000,2.4063091,0.68655956,None,None,None,1.0
599000,2.4128544,0.68826544,None,None,None,1.0
600000,2.418398,0.68570554,None,None,None,1.0
601000,2.4205067,0.68779707,11391.0,284.79998302459717,284.79998302459717,1.0
602000,2.420985,0.6866081,None,None,None,1.0
603000,2.4215245,0.68715155,None,None,None,1.0
604000,2.4204478,0.6880684,None,None,None,1.0
605000,2.4137566,0.67637634,None,None,None,1.0
606000,2.4071198,0.6819811,None,None,None,1.0
607000,2.4139256,0.6837301,1422.0,35.55499792098999,35.55499792098999,1.0
608000,2.4181576,0.68270665,None,None,None,1.0
609000,2.4205885,0.68565345,5425.0,135.64999186992645,135.64999186992645,1.0
610000,2.424685,0.68695337,None,None,None,1.0
611000,2.427024,0.6861252,3634.0,90.81249463558197,90.81249463558197,1.0
612000,2.4263062,0.68531,7874.0,196.8549882657826,196.8549882657826,1.0
613000,2.4187965,0.67599344,None,None,None,1.0
614000,2.419976,0.6861272,None,None,None,1.0
615000,2.420732,0.68594223,659.0,16.479999035596848,16.479999035596848,1.0
616000,2.423769,0.6829831,None,None,None,1.0
617000,2.4152243,0.6839754,1369.0,34.23499792814255,34.23499792814255,1.0
618000,2.405356,0.68495643,None,None,None,1.0
619000,2.4072306,0.68526983,1831.0,45.78999722003937,45.78999722003937,1.0
620000,2.4105644,0.6812284,None,None,None,1.0
621000,2.4154606,0.67815477,2975.0,74.39999556541443,74.39999556541443,1.0
622000,2.412193,0.6821709,1870.0,46.774997264146805,46.774997264146805,1.0
623000,2.413056,0.68643975,None,None,None,1.0
624000,2.4146948,0.6891434,None,None,None,1.0
625000,2.4167485,0.687793,None,None,None,1.0
626000,2.4153109,0.68412197,None,None,None,1.0
627000,2.4131196,0.68292177,None,None,None,1.0
628000,2.4118397,0.6831307,1636.0,40.90499746799469,40.90499746799469,1.0
629000,2.4161887,0.6846809,3095.0,76.91999530792236,76.91999530792236,1.0
630000,2.4177732,0.6834909,None,None,None,1.0
631000,2.4185581,0.68126094,None,None,None,1.0
632000,2.4213474,0.68646485,None,None,None,1.0
633000,2.4164548,0.68120813,None,None,None,1.0
634000,2.4112296,0.6813564,None,None,None,1.0
635000,2.412294,0.68407834,None,None,None,1.0
636000,2.4136806,0.6845921,None,None,None,1.0
637000,2.4149797,0.6802824,1963.0,49.09499704837799,49.09499704837799,1.0
638000,2.421594,0.68514836,None,None,None,1.0
639000,2.4193296,0.6867278,None,None,None,1.0
640000,2.413247,0.68539655,None,None,None,1.0
641000,2.4158664,0.6872092,None,None,None,1.0
642000,2.4182184,0.6850964,None,None,None,1.0
643000,2.4168901,0.68485427,None,None,None,1.0
644000,2.4151978,0.68709797,None,None,None,1.0
645000,2.4183307,0.67827475,None,None,None,1.0
646000,2.4184144,0.6843184,None,None,None,1.0
647000,2.414909,0.68683106,None,None,None,1.0
648000,2.4274185,0.6834359,None,None,None,1.0
649000,2.4335208,0.68646926,None,None,None,1.0
650000,2.4361491,0.68493176,None,None,None,1.0
651000,2.437362,0.6867609,None,None,None,1.0
652000,2.4349005,0.6816654,7466.0,186.61498892307281,186.61498892307281,1.0
653000,2.4333017,0.68654037,None,None,None,1.0
654000,2.4338858,0.6866025,None,None,None,1.0
655000,2.434237,0.68471867,6835.0,170.88498973846436,170.88498973846436,1.0
656000,2.4296293,0.6850714,None,None,None,1.0
657000,2.4354894,0.6819553,None,None,None,1.0
658000,2.432771,0.6886074,None,None,None,1.0
659000,2.4314559,0.68387854,None,None,None,1.0
660000,2.429544,0.6834892,None,None,None,1.0
661000,2.4224122,0.682944,10483.0,261.5199842453003,261.5199842453003,1.0
662000,2.4205632,0.68388295,None,None,None,1.0
663000,2.4251037,0.6898453,None,None,None,1.0
664000,2.4250212,0.68722206,None,None,None,1.0
665000,2.4256992,0.6746067,None,None,None,1.0
666000,2.4270806,0.6820065,None,None,None,1.0
667000,2.4291537,0.6773318,None,None,None,1.0
668000,2.428229,0.6810614,None,None,None,1.0
669000,2.4313357,0.6834608,None,None,None,1.0
670000,2.433958,0.68278396,4549.0,113.72999322414398,113.72999322414398,1.0
671000,2.4366767,0.68113184,None,None,None,1.0
672000,2.4365358,0.68678516,None,None,None,1.0
673000,2.4340887,0.686453,None,None,None,1.0
674000,2.4317012,0.6837935,None,None,None,1.0
675000,2.4341264,0.67906564,None,None,None,1.0
676000,2.4352667,0.67547965,None,None,None,1.0
677000,2.4282227,0.6883049,None,None,None,1.0
678000,2.4323092,0.6875126,None,None,None,1.0
679000,2.4439907,0.6801585,None,None,None,1.0
680000,2.4417386,0.68542266,None,None,None,1.0
681000,2.4444437,0.68318975,None,None,None,1.0
682000,2.4405694,0.688345,None,None,None,1.0
683000,2.4403057,0.68382984,None,None,None,1.0
684000,2.4339058,0.68674284,None,None,None,1.0
685000,2.4341264,0.68001944,None,None,None,1.0
686000,2.4401963,0.6876747,None,None,None,1.0
687000,2.439374,0.6846488,6553.0,163.7649902701378,163.7649902701378,1.0
688000,2.4417763,0.66882145,None,None,None,1.0
689000,2.4410787,0.6831488,None,None,None,1.0
690000,2.4407063,0.6822048,None,None,None,1.0
691000,2.4481325,0.68302643,13585.0,339.4999797940254,339.4999797940254,1.0
692000,2.4457045,0.6775166,None,None,None,1.0
693000,2.4480648,0.6861567,None,None,None,1.0
694000,2.4483123,0.68050325,None,None,None,1.0
695000,2.446372,0.6877526,None,None,None,1.0
696000,2.445348,0.68208075,None,None,None,1.0
697000,2.4466448,0.68479574,None,None,None,1.0
698000,2.44549,0.6786192,None,None,None,1.0
699000,2.4426677,0.6834655,10924.0,272.6599838733673,272.6599838733673,1.0
700000,2.4354656,0.6790825,None,None,None,1.0
701000,2.4350684,0.68837005,None,None,None,1.0
702000,2.4351428,0.6805244,7922.0,198.07498812675476,198.07498812675476,1.0
703000,2.4420362,0.6754132,None,None,None,1.0
704000,2.450631,0.6851152,None,None,None,1.0
705000,2.451345,0.68476605,None,None,None,1.0
706000,2.45211,0.6824462,None,None,None,1.0
707000,2.4495533,0.684368,None,None,None,1.0
708000,2.4367476,0.68093336,None,None,None,1.0
709000,2.4346797,0.6843018,None,None,None,1.0
710000,2.4523163,0.68196785,None,None,None,1.0
711000,2.4554546,0.68939364,None,None,None,1.0
712000,2.4516,0.6841335,None,None,None,1.0
713000,2.4528246,0.68450284,None,None,None,1.0
714000,2.4577293,0.68614256,None,None,None,1.0
715000,2.4589489,0.6855911,None,None,None,1.0
716000,2.4583585,0.6867651,None,None,None,1.0
717000,2.459696,0.68771714,6369.0,158.67999053001404,158.67999053001404,1.0
718000,2.4579053,0.68002534,None,None,None,1.0
719000,2.453774,0.6843423,5131.0,128.07999235391617,128.07999235391617,1.0
720000,2.4384675,0.68502206,None,None,None,1.0
721000,2.4374876,0.6871424,None,None,None,1.0
722000,2.4453619,0.6827643,5086.0,124.46499240398407,124.46499240398407,1.0
723000,2.4417605,0.68753856,None,None,None,1.0
724000,2.4378219,0.68879473,None,None,None,1.0
725000,2.4350083,0.6796473,None,None,None,1.0
726000,2.4321423,0.6786152,None,None,None,1.0
727000,2.4281883,0.6827689,None,None,None,1.0
728000,2.4349368,0.67986655,None,None,None,1.0
729000,2.4329083,0.68504333,None,None,None,1.0
730000,2.4417849,0.682171,None,None,None,1.0
731000,2.4540884,0.6818768,None,None,None,1.0
732000,2.448011,0.68575025,None,None,None,1.0
733000,2.4507418,0.68291795,None,None,None,1.0
734000,2.4481215,0.6785011,None,None,None,1.0
735000,2.4388156,0.68271154,None,None,None,1.0
736000,2.4400144,0.67912316,None,None,None,1.0
737000,2.4516313,0.6862925,None,None,None,1.0
738000,2.4521804,0.68593866,None,None,None,1.0
739000,2.450142,0.68348396,4132.0,103.32499372959137,103.32499372959137,1.0
740000,2.4553485,0.68598425,None,None,None,1.0
741000,2.4592435,0.6859286,None,None,None,1.0
742000,2.453762,0.67932165,None,None,None,1.0
743000,2.453167,0.6854484,None,None,None,1.0
744000,2.4560378,0.68037146,None,None,None,1.0
745000,2.4583282,0.6842028,None,None,None,1.0
746000,2.455752,0.67921376,None,None,None,1.0
747000,2.4510112,0.68588746,None,None,None,1.0
748000,2.4558287,0.6720545,None,None,None,1.0
749000,2.458738,0.68796206,None,None,None,1.0
750000,2.4543083,0.6833739,None,None,None,1.0
751000,2.4624126,0.67771864,None,None,None,1.0
752000,2.4609551,0.680972,3292.0,82.25499504804611,82.25499504804611,1.0
753000,2.4559894,0.6820682,None,None,None,1.0
754000,2.4563298,0.6789046,8604.0,214.47498697042465,214.47498697042465,1.0
755000,2.457046,0.684011,17161.0,426.3399746417999,426.3399746417999,1.0
756000,2.4547484,0.6853753,None,None,None,1.0
757000,2.4585612,0.6851762,None,None,None,1.0
758000,2.458825,0.6887628,None,None,None,1.0
759000,2.459359,0.6844959,None,None,None,1.0
760000,2.4588432,0.6860059,1551.0,38.7849977016449,38.7849977016449,1.0
761000,2.4516506,0.68085146,None,None,None,1.0
762000,2.4524248,0.67707896,None,None,None,1.0
763000,2.4573135,0.6802796,1978.0,49.454996943473816,49.454996943473816,1.0
764000,2.4581227,0.68283695,951.0,23.649998545646667,23.649998545646667,1.0
765000,2.4558043,0.68164843,11976.0,298.07498186826706,298.07498186826706,1.0
766000,2.449895,0.68515193,643.0,16.084999039769173,16.084999039769173,1.0
767000,2.4474075,0.6820422,None,None,None,1.0
768000,2.4579434,0.6848471,None,None,None,1.0
769000,2.4607978,0.6882413,None,None,None,1.0
770000,2.4584575,0.6808907,None,None,None,1.0
771000,2.4533288,0.6869135,None,None,None,1.0
772000,2.4473567,0.6786483,None,None,None,1.0
773000,2.4463391,0.68485886,None,None,None,1.0
774000,2.4503999,0.68155396,None,None,None,1.0
775000,2.4544744,0.6864687,None,None,None,1.0
776000,2.4492583,0.6810725,None,None,None,1.0
777000,2.4429152,0.68023384,3213.0,None,None,1.0
778000,2.445547,0.6830641,None,80.19499525427818,80.19499525427818,1.0
779000,2.4337392,0.68383837,None,None,None,1.0
780000,2.4306715,0.67013687,None,None,None,1.0
781000,2.4475503,0.6848372,None,None,None,1.0
782000,2.4572358,0.68660194,None,None,None,1.0
783000,2.452914,0.6838672,None,None,None,1.0
784000,2.4396214,0.68032956,None,None,None,1.0
785000,2.439802,0.6724317,None,None,None,1.0
786000,2.4507146,0.68626857,None,None,None,1.0
787000,2.45254,0.6845433,None,None,None,1.0
788000,2.4553897,0.6803589,None,None,None,1.0
789000,2.456256,0.68438053,None,None,None,1.0
790000,2.4546301,0.6786968,None,None,None,1.0
791000,2.446651,0.687444,None,None,None,1.0
792000,2.452197,0.68294626,None,None,None,1.0
793000,2.4618275,0.6875796,None,None,None,1.0
794000,2.4614186,0.6888274,None,None,None,1.0
795000,2.4562187,0.68816864,None,None,None,1.0
796000,2.4537556,0.6866557,None,None,None,1.0
797000,2.4538755,0.68815696,None,None,None,1.0
798000,2.4545097,0.68431026,None,None,None,1.0
799000,2.4622478,0.6821052,None,None,None,1.0
800000,2.4542928,0.6848236,8976.0,223.5949867963791,223.5949867963791,1.0
801000,2.4511118,0.678377,368.0,9.214999437332153,9.214999437332153,1.0
802000,2.4530554,0.68676233,None,None,None,1.0
803000,2.452219,0.6871755,None,None,None,1.0
804000,2.4537032,0.6824934,None,None,None,1.0
805000,2.4533796,0.68169296,None,None,None,1.0
806000,2.449683,0.6848859,None,None,None,1.0
807000,2.4452453,0.6820053,7463.0,186.58998882770538,186.58998882770538,1.0
808000,2.4500043,0.6842911,None,None,None,1.0
809000,2.4520802,0.68330765,None,None,None,1.0
810000,2.451614,0.6849715,2193.0,54.84499675035477,54.84499675035477,1.0
811000,2.4504123,0.67945015,None,None,None,1.0
812000,2.4395213,0.68671817,None,None,None,1.0
813000,2.4439676,0.6857513,None,None,None,1.0
814000,2.4481483,0.6848095,None,None,None,1.0
815000,2.4502504,0.6770015,None,None,None,1.0
816000,2.454045,0.67952806,12593.0,312.97998148202896,312.97998148202896,1.0
817000,2.4542751,0.68543017,None,None,None,1.0
818000,2.459113,0.6863474,None,None,None,1.0
819000,2.4568887,0.68652576,None,None,None,1.0
820000,2.4496484,0.6813308,None,None,None,1.0
821000,2.4447064,0.6745781,17214.0,428.99497425556183,428.99497425556183,1.0
822000,2.4544601,0.6826749,None,None,None,1.0
823000,2.4522748,0.68425333,None,None,None,1.0
824000,2.4463735,0.67972004,None,None,None,1.0
825000,2.4499044,0.68609,None,None,None,1.0
826000,2.4541485,0.6842094,None,None,None,1.0
827000,2.4508586,0.68036544,None,None,None,1.0
828000,2.448806,0.67449594,None,None,None,1.0
829000,2.4461925,0.68049157,None,None,None,1.0
830000,2.445942,0.67912054,None,None,None,1.0
831000,2.4502223,0.68206817,None,None,None,1.0
832000,2.4547572,0.68443286,None,None,None,1.0
833000,2.4570951,0.6853439,None,None,None,1.0
834000,2.4559302,0.687357,None,None,None,1.0
835000,2.4562614,0.68414277,None,None,None,1.0
836000,2.455794,0.6839067,None,None,None,1.0
837000,2.458846,0.68145967,None,None,None,1.0
838000,2.4624043,0.6845491,None,None,None,1.0
839000,2.4594934,0.68157285,None,None,None,1.0
840000,2.457994,0.68066317,None,None,None,1.0
841000,2.4556518,0.68709564,None,None,None,1.0
842000,2.4596188,0.6867378,None,None,None,1.0
843000,2.4592733,0.68609035,None,None,None,1.0
844000,2.4589663,0.681171,None,None,None,1.0
845000,2.460563,0.68572354,None,None,None,1.0
846000,2.465405,0.68553525,None,None,None,1.0
847000,2.469428,0.686291,None,None,None,1.0
848000,2.4675803,0.68695116,None,None,None,1.0
849000,2.4632854,0.68424976,None,None,None,1.0
850000,2.4601665,0.68020594,8480.0,212.0149873495102,212.0149873495102,1.0
851000,2.4602697,0.6868824,None,None,None,1.0
852000,2.4613075,0.68122834,None,None,None,1.0
853000,2.4614744,0.6761756,None,None,None,1.0
854000,2.4607556,0.6835031,None,None,None,1.0
855000,2.4589324,0.6844967,None,None,None,1.0
856000,2.458768,0.68473315,None,None,None,1.0
857000,2.4612474,0.6864533,None,None,None,1.0
858000,2.4628625,0.68322885,None,None,None,1.0
859000,2.4636118,0.68714744,None,None,None,1.0
860000,2.4631782,0.67537713,None,None,None,1.0
861000,2.461446,0.685449,None,None,None,1.0
862000,2.4582517,0.67911667,None,None,None,1.0
863000,2.4630904,0.684923,None,None,None,1.0
864000,2.4673502,0.67323875,None,None,None,1.0
865000,2.4665267,0.6809407,None,None,None,1.0
866000,2.4639778,0.6804254,None,None,None,1.0
867000,2.4616206,0.6809966,None,None,None,1.0
868000,2.4663138,0.68647385,None,None,None,1.0
869000,2.4662738,0.6761197,None,None,None,1.0
870000,2.4628088,0.6713845,None,None,None,1.0
871000,2.464286,0.68447924,None,None,None,1.0
872000,2.4664106,0.68303317,None,None,None,1.0
873000,2.4705076,0.66965204,None,None,None,1.0
874000,2.4692273,0.68472695,13350.0,333.504979968071,333.504979968071,1.0
875000,2.471268,0.68186045,None,None,None,1.0
876000,2.4743087,0.6824131,None,None,None,1.0
877000,2.4698462,0.67612076,None,None,None,1.0
878000,2.4728155,0.68790346,1004.0,25.124998450279236,25.124998450279236,1.0
879000,2.4732955,0.6787295,None,None,None,1.0
880000,2.4665253,0.68008065,None,None,None,1.0
881000,2.4691057,0.68240505,None,None,None,1.0
882000,2.4733303,0.68500495,None,None,None,1.0
883000,2.4752402,0.6813506,None,None,None,1.0
884000,2.4774837,0.68538797,None,None,None,1.0
885000,2.46958,0.6874266,None,None,None,1.0
886000,2.467895,0.68601704,None,None,None,1.0
887000,2.4677343,0.6877444,9310.0,232.74498599767685,232.74498599767685,1.0
888000,2.4646683,0.6814708,None,None,None,1.0
889000,2.4663417,0.6835403,None,None,None,1.0
890000,2.465025,0.6696761,None,None,None,1.0
891000,2.4677083,0.6850306,None,None,None,1.0
892000,2.4679527,0.68440986,None,None,None,1.0
893000,2.463321,0.67814827,None,None,None,1.0
894000,2.4631183,0.67076176,None,None,None,1.0
895000,2.4630868,0.67866623,None,None,None,1.0
896000,2.4651835,0.6786578,None,None,None,1.0
897000,2.4637263,0.6806373,None,None,None,1.0
898000,2.4591184,0.67511904,None,None,None,1.0
899000,2.458435,0.6804778,None,None,None,1.0
900000,2.465707,0.679517,None,None,None,1.0
901000,2.4697492,0.6802523,None,None,None,1.0
902000,2.4695334,0.6810683,None,None,None,1.0
903000,2.4672077,0.6864621,None,None,None,1.0
904000,2.4677787,0.68415314,23649.0,None,None,1.0
905000,2.4721894,0.68417037,None,590.9599648714066,590.9599648714066,1.0
906000,2.4750109,0.6873927,None,None,None,1.0
907000,2.4766908,0.6876085,None,None,None,1.0
908000,2.4717593,0.68186206,None,None,None,1.0
909000,2.4601853,0.67988825,None,None,None,1.0
910000,2.4632468,0.6841591,None,None,None,1.0
911000,2.4712682,0.6858066,None,None,None,1.0
912000,2.4678063,0.6859029,None,None,None,1.0
913000,2.46951,0.67649883,None,None,None,1.0
914000,2.4719145,0.68272895,8980.0,224.40498661994934,224.40498661994934,1.0
915000,2.4679918,0.6833654,26827.0,669.8549601435661,669.8549601435661,1.0
916000,2.4682298,0.6839182,None,None,None,1.0
917000,2.4618506,0.68502414,None,None,None,1.0
918000,2.4626484,0.678555,7597.0,189.9449886083603,189.9449886083603,1.0
919000,2.4663634,0.68203914,None,None,None,1.0
920000,2.467993,0.6767448,None,None,None,1.0
921000,2.467889,0.68218327,4054.0,101.35499393939972,101.35499393939972,1.0
922000,2.4644513,0.6852442,None,None,None,1.0
923000,2.4629943,0.68852454,None,None,None,1.0
924000,2.462494,0.6828804,None,None,None,1.0
925000,2.4684513,0.6773188,None,None,None,1.0
926000,2.4639845,0.68281335,None,None,None,1.0
927000,2.4574578,0.6738523,1495.0,37.36499774456024,37.36499774456024,1.0
928000,2.465361,0.68248093,None,None,None,1.0
929000,2.4696531,0.6854178,None,None,None,1.0
930000,2.4696326,0.6823987,None,None,None,1.0
931000,2.467315,0.6803631,None,None,None,1.0
932000,2.4621842,0.686718,None,None,None,1.0
933000,2.4593146,0.67745996,1611.0,40.239997655153275,40.239997655153275,1.0
934000,2.466837,0.6851505,None,None,None,1.0
935000,2.4714398,0.68464214,None,None,None,1.0
936000,2.4680078,0.68126446,4642.0,116.05999302864075,116.05999302864075,1.0
937000,2.459086,0.68042797,None,None,None,1.0
938000,2.4657545,0.67050797,None,None,None,1.0
939000,2.4685664,0.685404,None,None,None,1.0
940000,2.4677582,0.676172,None,None,None,1.0
941000,2.461469,0.67690754,6531.0,163.2999902665615,163.2999902665615,1.0
942000,2.455366,0.68354875,None,None,None,1.0
943000,2.4603238,0.6736256,None,None,None,1.0
944000,2.4607015,0.68416923,None,None,None,1.0
945000,2.4650204,0.6861578,956.0,23.904998421669006,23.904998421669006,1.0
946000,2.464301,0.67777324,None,None,None,1.0
947000,2.4605336,0.68589693,None,None,None,1.0
948000,2.4573205,0.6875435,None,None,None,1.0
949000,2.4569652,0.68559825,None,None,None,1.0
950000,2.4543338,0.6853609,None,None,None,1.0
951000,2.44968,0.6782114,None,None,None,1.0
952000,2.4545693,0.67032653,3886.0,97.14999413490295,97.14999413490295,1.0
953000,2.454542,0.68743354,None,None,None,1.0
954000,2.4571686,0.6786433,None,None,None,1.0
955000,2.4590313,0.67996126,None,None,None,1.0
956000,2.4537654,0.68663675,None,None,None,1.0
957000,2.4602008,0.68600166,None,None,None,1.0
958000,2.4637341,0.6857794,1450.0,36.259997844696045,36.259997844696045,1.0
959000,2.4636943,0.68689984,None,None,None,1.0
960000,2.4597735,0.6732966,None,None,None,1.0
961000,2.4529977,0.68820727,None,None,None,1.0
962000,2.4534357,0.676432,None,None,None,1.0
963000,2.462348,0.6858593,None,None,None,1.0
964000,2.4615035,0.68003666,None,None,None,1.0
965000,2.4571028,0.68061036,None,None,None,1.0
966000,2.4576547,0.6827581,None,None,None,1.0
967000,2.455024,0.6849926,None,None,None,1.0
968000,2.4560227,0.6834396,None,None,None,1.0
969000,2.4625564,0.6780721,None,None,None,1.0
970000,2.4642637,0.68635386,None,None,None,1.0
971000,2.461191,0.6819476,None,None,None,1.0
972000,2.4633775,0.67891586,None,None,None,1.0
973000,2.463838,0.6825238,None,None,None,1.0
974000,2.4641967,0.680241,7469.0,None,None,1.0
975000,2.4675891,0.68503827,None,186.24498891830444,186.24498891830444,1.0
976000,2.4655156,0.68417823,None,None,None,1.0
977000,2.4594288,0.68669814,None,None,None,1.0
978000,2.4580114,0.6827172,None,None,None,1.0
979000,2.4602454,0.68577605,None,None,None,1.0
980000,2.4571354,0.6850499,11610.0,289.5249826312065,289.5249826312065,1.0
981000,2.4607434,0.686849,None,None,None,1.0
982000,2.4582126,0.6759426,6048.0,151.21999096870422,151.21999096870422,1.0
983000,2.4594445,0.67585665,None,None,None,1.0
984000,2.461685,0.68082225,None,None,None,1.0
985000,2.4558964,0.68001825,10236.5,66.01999607682228,66.01999607682228,1.0
986000,2.4598222,0.68010813,None,445.5549736022949,445.5549736022949,1.0
987000,2.4572551,0.67596143,None,None,None,1.0
988000,2.450429,0.6841042,None,None,None,1.0
989000,2.450179,0.67630166,None,None,None,1.0
990000,2.4520445,0.68494326,None,None,None,1.0
991000,2.4542801,0.68317825,None,None,None,1.0
992000,2.4563882,0.6865544,None,None,None,1.0
993000,2.454816,0.67804253,None,None,None,1.0
994000,2.4509792,0.6808698,None,None,None,1.0
995000,2.4474466,0.6801699,None,None,None,1.0
996000,2.4482737,0.67455864,None,None,None,1.0
997000,2.4467502,0.67985785,None,None,None,1.0
998000,2.4489906,0.668874,None,None,None,1.0
999000,2.453874,0.68329287,None,None,None,1.0
1000000,2.4574988,0.6851872,None,None,None,1.0
