지점,일시,평균기온(°C),최저기온(°C),최저기온 시각(hhmi),최고기온(°C),최고기온 시각(hhmi),강수 계속시간(hr),10분 최다 강수량(mm),10분 최다강수량 시각(hhmi),1시간 최다강수량(mm),1시간 최다 강수량 시각(hhmi),일강수량(mm),최대 순간 풍속(m/s),최대 순간 풍속 풍향(16방위),최대 순간풍속 시각(hhmi),최대 풍속(m/s),최대 풍속 풍향(16방위),최대 풍속 시각(hhmi),평균 풍속(m/s),풍정합(100m),평균 이슬점온도(°C),최소 상대습도(%),최소 상대습도 시각(hhmi),평균 상대습도(%),평균 증기압(hPa),평균 현지기압(hPa),최고 해면기압(hPa),최고 해면기압 시각(hhmi),최저 해면기압(hPa),최저 해면기압 시각(hhmi),평균 해면기압(hPa),가조시간(hr),합계 일조시간(hr),1시간 최다일사 시각(hhmi),1시간 최다일사량(MJ/m2),합계 일사량(MJ/m2),일 최심신적설(cm),일 최심신적설 시각(hhmi),일 최심적설(cm),일 최심적설 시각(hhmi),합계 3시간 신적설(cm),평균 전운량(1/10),평균 중하층운량(1/10),평균 지면온도(°C),최저 초상온도(°C),평균 5cm 지중온도(°C),평균 10cm 지중온도(°C),평균 20cm 지중온도(°C),평균 30cm 지중온도(°C),0.5m 지중온도(°C),1.0m 지중온도(°C),1.5m 지중온도(°C),3.0m 지중온도(°C),5.0m 지중온도(°C),합계 대형증발량(mm),합계 소형증발량(mm),9-9강수(mm),안개 계속시간(hr)
108,2019-01-01,-5,-8.2,631,-.6,1525,,,,,,,8.6,290,1238,4.3,270,1340,2.1,1810,-14.1,34,2038,49.5,2.1,1022.6,1035.8,306,1031.3,1357,1033.8,9.6,7.5,1200,1.42,7.84,,,,,,3.4,2.6,-3.9,-12.8,-2.8,-1.4,-.1,.9,2.6,6.1,9.1,14.9,17.1,1,1.4,,
108,2019-01-02,-4.9,-8.8,802,.2,1458,,,,,,,6.7,320,1547,3.6,320,1214,1.7,1458,-16.1,20,1406,42.8,1.7,1023.4,1036.6,927,1033.1,1405,1034.6,9.6,8.7,1200,1.81,10.48,,,,,,0,0,-3.3,-15.7,-3,-1.5,-.2,.8,2.4,5.9,8.9,14.7,17.1,1.3,1.9,,
108,2019-01-03,-3.5,-8.4,726,3.2,1436,,,,,,,5.3,290,1310,2.9,270,1233,1.4,1175,-16.3,18,1425,38.8,1.8,1024.2,1037.1,1011,1033.7,1549,1035.4,9.7,8.7,1200,1.79,10.28,,,,,,.1,0,-2.6,-14.5,-2.5,-1.3,-.3,.7,2.3,5.8,8.8,14.7,17,1.4,2,,
108,2019-01-04,-1.1,-6.2,757,4.1,1504,,,,,,,6.3,180,1433,3,200,1435,1.2,1020,-9.3,34,1114,55.5,3.3,1019.5,1035.5,1,1026.7,2400,1030.4,9.7,3.9,1300,1.27,6.2,,,,,,5.5,4.1,-1.4,-11.6,-1.9,-1,-.2,.6,2.2,5.7,8.7,14.5,17,.9,1.3,,
108,2019-01-05,-2.8,-5.5,2358,1.1,1521,,,,,,,7.1,250,155,4.3,320,915,2.2,1863,-15.5,20,1500,40.3,2,1016.6,1029.5,1027,1025.9,1643,1027.6,9.7,8.6,1200,1.78,10.05,,,,,,.5,0,-1.2,-12.1,-1.3,-.6,-.1,.7,2.2,5.5,8.6,14.5,16.9,1.4,2,,
108,2019-01-06,-2.8,-6.3,154,2.7,1512,,,,,,,6.2,290,1531,3.2,270,1532,1.2,1055,-16.5,19,1514,35,1.7,1017.6,1029.7,941,1027.5,1425,1028.7,9.7,7.7,1200,1.79,9.64,,,,,,3.1,0,-1.2,-12.4,-1.7,-.9,-.1,.6,2,5.4,8.4,14.3,16.9,1.3,1.9,,
108,2019-01-07,-1.9,-6.2,658,3.1,1436,,,,,,,7.8,320,1348,4.7,320,1349,1.4,1193,-12.2,28,1341,46.4,2.4,1017.4,1030.1,946,1027.1,1644,1028.4,9.7,7,1200,1.59,8.71,,,,,,4,0,-2,-12.5,-1.8,-1,-.1,.6,2,5.3,8.3,14.3,16.9,1.3,1.8,,
108,2019-01-08,-3.5,-7.2,2238,.5,1507,,,,,,,12,340,1910,6.5,320,1959,2.6,2256,-18.6,20,1500,31,1.4,1018.2,1033.4,2356,1027,1355,1029.2,9.7,8.7,1200,1.82,10.46,,,,,,0,0,-2,-14.3,-1.6,-.8,-.1,.6,1.9,5.2,8.2,14.2,16.8,1.7,2.4,,
108,2019-01-09,-4.7,-9.4,630,1.3,1525,,,,,,,6,360,4,3.5,340,16,1.3,1109,-20.3,17,1511,28.8,1.2,1022,1036.6,948,1029.5,2400,1033.2,9.7,7.4,1300,1.3,8.47,,,,,,4.9,1.1,-4.1,-16.3,-2.8,-1.4,-.2,.6,1.8,5.1,8.1,14.1,16.8,1.2,1.7,,
108,2019-01-10,-.6,-4.5,619,3,1222,,,,,,,6.8,270,1436,3.8,290,1440,1.3,1152,-10.8,27,1132,48.8,3,1015.5,1029.6,4,1024.6,1350,1026.5,9.8,3.1,1100,1.47,5.92,,,,,,8.1,8.1,-.7,-8.8,-1.2,-.7,-.2,.5,1.8,5.1,8,14,16.8,.9,1.2,,
108,2019-01-11,2.4,-.4,802,7.2,1413,,,,,,,4.8,20,1037,2.6,290,1904,1,827,-5.2,39,1440,58.8,4.2,1014.2,1027.3,948,1022.2,2354,1025,9.8,6.9,1200,1.64,8.53,,,,,,6.1,6.1,1.2,-4.4,.3,-.1,-.1,.5,1.8,4.9,7.9,14,16.7,1.1,1.5,,
108,2019-01-12,2.8,-.6,2359,8,1437,,,,,,,5.9,270,1354,3.5,290,1822,1.3,1104,-7.4,32,1433,47.6,3.5,1012.1,1024.4,2356,1020.9,1420,1022.9,9.8,6,1200,1.41,7.71,,,,,,3.9,3,2.6,-8.8,.9,0,-.1,.5,1.8,4.8,7.8,13.8,16.6,1.3,1.8,,
108,2019-01-13,1.2,-3,605,7.6,1419,,,,,,,5.8,270,1431,3.2,270,1438,1.4,1218,-7.8,21,1432,54.3,3.5,1014.8,1026.7,1008,1024.4,1,1025.7,9.8,8.6,1200,1.72,9.97,,,,,,0,0,.5,-9.5,.1,0,0,.6,1.8,4.8,7.7,13.8,16.6,1.4,2.1,,
108,2019-01-14,1.4,-2.4,719,5.3,1452,,,,,,,4.3,320,1606,2.5,270,1925,.9,782,-3.8,50,1434,68.6,4.6,1014.8,1028.1,1028,1023.3,2342,1025.6,9.8,.4,1100,1.08,6.03,,,,,,4.5,2.5,-.3,-9.6,-.3,-.1,0,.6,1.8,4.7,7.6,13.7,16.6,.8,1.1,,
108,2019-01-15,-1.7,-7.2,2345,2.6,1456,1,,,,,0,11.1,290,1524,6.1,270,1547,2.7,2366,-9.2,30,1558,58.8,3.3,1013.2,1027.8,2309,1021.7,1452,1024.2,9.9,4.7,1400,1.32,6.93,,,,,,3.8,3,.7,-10.1,.1,0,.1,.6,1.8,4.7,7.5,13.6,16.5,1.2,1.7,0,
108,2019-01-16,-5.2,-10.1,724,-1.1,1542,3.75,,,,,0,7.5,340,58,4.3,340,18,2.3,1952,-15.8,17,1408,45.9,1.9,1015.9,1029.4,1047,1024.7,2359,1027,9.9,8.6,1200,1.87,10.36,,,,,,4.1,2.5,-1.8,-13.4,-1.9,-.5,.1,.7,1.8,4.6,7.4,13.5,16.5,1.2,1.7,0,
108,2019-01-17,-.3,-3.2,731,4,1559,2.83,,,,,0,9.1,270,1224,5,320,1432,1.7,1510,-11.9,19,1353,45.8,2.6,1013.4,1027.7,2337,1022.3,558,1024.3,9.9,8.7,1200,1.91,11.07,,,,,,1.8,1.8,.7,-11.8,-.3,-.2,.2,.7,1.8,4.6,7.3,13.4,16.4,1.8,2.6,,
108,2019-01-18,.6,-4.6,737,6.7,1441,,,,,,,7.2,270,1540,4.5,290,1549,1.3,1089,-10.8,21,1247,44,2.9,1016.7,1029.7,841,1026,1428,1027.5,9.9,8.5,1200,1.79,10.4,,,,,,3,1.1,-.3,-12.9,-.6,-.3,.2,.7,1.7,4.5,7.3,13.3,16.4,1.5,2.1,,
108,2019-01-19,3.6,0,327,8.5,1442,,,,,,,5.1,320,2050,3,290,2058,1.2,1067,-3.6,44,1611,59.8,4.7,1011.7,1026.8,38,1018.6,2302,1022.4,9.9,2.9,1300,1.27,6.27,,,,,,7.8,6.5,2.1,-4.5,.8,-.1,.2,.7,1.8,4.5,7.2,13.2,16.4,1.1,1.6,,
108,2019-01-20,-1.4,-5.5,2327,4,1,,,,,,,10.3,250,1243,5.5,320,901,3.2,2785,-14.6,19,1629,38.5,2.2,1011.7,1026.2,2359,1018.1,141,1022.6,10,8.8,1200,1.94,11.56,,,,,,1.1,1.1,1,-8.9,.6,0,.2,.7,1.7,4.5,7.2,13.2,16.3,1.8,2.6,,
108,2019-01-21,-1.2,-6.7,326,4.2,1612,2.75,,,,,0,9.3,200,1535,4.3,250,1557,1.6,1383,-8.5,40,1,57.8,3.4,1010.7,1026.2,1,1018.6,1638,1021.6,10,1,1000,.52,3.07,,,,,,4.1,4.1,-2.6,-15.1,-1.1,-.1,.2,.7,1.7,4.4,7.1,13.1,16.3,.7,1,0,
108,2019-01-22,1.7,-3.3,706,7.1,1327,,,,,,,8.5,250,1328,4.4,270,1528,1.7,1469,-4.9,42,1247,62,4.3,1008.6,1020.7,256,1018,1614,1019.4,10,8.5,1200,1.72,9.85,,,,,,1.1,1.1,-.7,-10.4,-.5,-.2,.3,.8,1.7,4.4,7,13,16.2,1.3,1.9,,
108,2019-01-23,2,-.8,712,7,1557,,,,,,,9.8,320,1443,5.1,320,1449,2.3,1994,-9.7,17,1734,48.9,3.3,1009.6,1023.8,2359,1017.7,459,1020.3,10,8.6,1200,1.86,10.85,,,,,,.9,0,1.3,-8.9,.5,-.1,.3,.8,1.7,4.3,7,12.9,16.2,2.2,3.2,,
108,2019-01-24,.1,-4.6,806,6.5,1446,,,,,,,6.3,290,1557,3.5,270,1530,1.7,1492,-14.5,11,1525,34.9,2,1013.7,1026.1,1017,1023.4,1443,1024.6,10.1,8.8,1200,1.96,11.71,,,,,,2.1,0,.2,-12.7,-.1,-.1,.3,.8,1.7,4.3,6.9,12.9,16.1,2.1,3,,
108,2019-01-25,-1.2,-3.8,825,2.6,1433,,,,,,,9.6,270,1110,5.5,320,1541,2.6,2208,-17.9,18,1539,27.6,1.6,1013.4,1026.3,2321,1022,1507,1024.3,10.1,8.7,1200,1.94,11.56,,,,,,1.3,0,0,-9,-.3,-.1,.4,.8,1.7,4.2,6.9,12.7,16.1,2.2,3.1,,
108,2019-01-26,-2.5,-6.5,816,2.4,1544,,,,,,,8,320,713,4.4,290,40,2.4,2070,-17.7,20,1500,30.9,1.5,1017.5,1030.4,948,1026.1,2,1028.5,10.1,8.8,1200,2.03,12.29,,,,,,0,0,-.6,-11.4,-.8,-.1,.4,.8,1.6,4.2,6.8,12.7,16,1.7,2.5,,
108,2019-01-27,-.1,-6.6,749,5.1,1448,,,,,,,7,200,1328,3.7,200,1622,1.7,1502,-9,28,1116,52.5,3.3,1015.9,1031.1,914,1021.1,2400,1026.8,10.2,6.7,1200,1.93,10.31,,,,,,4.3,2.4,-.4,-15,-.7,-.2,.4,.8,1.6,4.2,6.7,12.6,16,1.4,2,0,
108,2019-01-28,1.2,-2.4,2357,4.5,1523,1.5,,,,,0,11.7,320,1210,6.8,320,1237,3.1,2708,-12.4,17,1522,40.4,2.7,1011.6,1026.6,2259,1018.7,531,1022.4,10.2,8.7,1200,1.98,11.76,,,,,,1.3,1.3,2.1,-7.3,1,0,.4,.9,1.6,4.1,6.7,12.5,15.9,2.3,3.3,,
108,2019-01-29,-.2,-5.6,737,7,1508,,,,,,,6.7,320,1812,3.7,270,1729,1.5,1287,-14.1,18,1559,35.5,2.1,1016.9,1029.6,1043,1025.9,1622,1027.9,10.2,8.7,1200,2,11.87,,,,,,2.1,0,.3,-12.1,-.1,0,.5,.8,1.6,4.1,6.7,12.5,15.9,1.8,2.6,,
108,2019-01-30,1.8,-2.8,746,6.6,1414,,,,,,,7.9,250,1641,3.8,270,1648,1.5,1295,-6.6,39,1007,54.6,3.9,1014.9,1028.5,240,1022.9,2358,1025.7,10.3,7.7,1200,1.54,9.13,,,,,,6.9,2.5,1.6,-9.1,.4,.1,.6,.9,1.6,4.1,6.6,12.4,15.8,1.5,2.1,,
108,2019-01-31,-2,-6.2,2355,2.3,1,,,,,,,7.8,290,1548,4.7,290,1925,2.9,2545,-18.4,18,1420,29,1.6,1010.5,1024,2349,1019,1425,1021.4,10.3,3.4,1400,1.38,5.97,,,,,,7,5.1,.6,-9,.1,.2,.7,1,1.7,4.1,6.6,12.3,15.8,1.5,2.2,,
108,2019-02-01,-2.1,-7.4,333,2.8,1320,2.25,,,,,.3,9.1,230,1456,4.9,290,1254,1.7,1477,-11.9,27,1114,47.6,2.6,1013,1025.2,1104,1022.7,1755,1023.9,10.3,5.7,1200,2.04,9.71,.2,1855,.2,1855,.2,3,3,-2,-14.5,-.9,0,.6,1,1.6,4.1,6.5,12.3,15.7,1.2,1.8,.3,
108,2019-02-02,1.4,-3.2,434,6.1,1643,.42,,,,,0,5.7,90,2347,1.8,50,1411,1,903,-5.6,46,1623,60,4,1011.2,1024.2,226,1018.8,2353,1022,10.3,1.6,1500,.83,4.48,,,.2,1,,7.5,7,-.2,-12.6,-.2,.1,.6,1,1.6,4,6.5,12.2,15.7,.8,1.1,9,
108,2019-02-03,3.3,2,352,4.9,1435,19.67,,,,,16,9.1,270,2119,4,320,1717,1.7,1497,2.2,53,1,92.9,7.2,1002.2,1018.8,1,1008,1421,1012.8,10.4,0,1400,.1,.54,,,,,,9.3,7.8,2.2,-.3,1.2,.7,.8,1.1,1.7,4,6.5,12.2,15.7,.5,.7,7,1.08
108,2019-02-04,-.6,-3.3,806,3,1533,,,,,,,10,270,32,4.9,290,41,2.1,1787,-13,17,1558,40.4,2.3,1014.7,1028.2,1010,1018.5,1,1025.7,10.4,8.6,1200,2.16,12.74,,,,,,2.4,0,1.4,-6.9,1,1.1,1.3,1.4,1.6,4,6.4,12.1,15.6,1.8,2.5,,
108,2019-02-05,2.8,-3.6,458,10.1,1500,,,,,,,5.9,200,1506,2.9,200,1413,1,889,-11.3,17,1357,37.1,2.6,1010.6,1026.2,230,1018.2,1654,1021.3,10.5,7.8,1200,2.05,11.81,,,,,,3.9,1,1.9,-7.5,1,.9,1.2,1.4,1.5,3.9,6.4,12,15.5,1.9,2.8,,
108,2019-02-06,5.1,.1,715,9.3,1354,,,,,,,6.5,230,1634,3.1,200,1614,1.3,1157,-3.7,34,1129,54.9,5,1005.6,1018.7,34,1014.3,1431,1016.1,10.5,3.3,1100,1.49,6.87,,,,,,8.1,5.1,2.5,-5.5,2,1.5,1.4,1.5,1.5,3.9,6.3,12,15.5,1.2,1.7,.5,
108,2019-02-07,-2.1,-8.2,2339,6.3,1,4.17,,,,,.5,10,290,1254,5.5,320,1616,3.5,3014,-13.6,18,1331,45.5,2.7,1011.9,1028.6,2327,1015.6,5,1022.8,10.5,8.7,1300,2.21,13.09,0,,0,,0,4.3,1.9,2.4,-9.3,2.5,2.5,2.3,2.1,1.6,3.9,6.3,11.9,15.4,1.9,2.8,,
108,2019-02-08,-6.1,-10.2,741,-1.3,1354,,,,,,,8.3,320,4,4.7,340,4,2.3,2012,-20.4,18,1344,31.5,1.2,1015.3,1029.4,934,1023.8,2350,1026.4,10.6,8.4,1100,1.97,12.08,,,,,,6.1,1.1,-2.4,-11,-.8,.4,1.3,1.8,1.5,3.9,6.2,11.8,15.4,1.6,2.3,,
108,2019-02-09,-5.4,-8.6,742,-1.9,1534,,,,,,,8.6,320,408,4.9,320,448,2.7,2331,-20.6,20,1510,30,1.2,1017.4,1032.3,2355,1024,8,1028.5,10.6,9.3,1200,2.24,13.27,,,,,,4.4,1.3,-2.2,-10.9,-.9,0,.8,1.3,1.5,3.8,6.2,11.8,15.4,1.6,2.3,,
108,2019-02-10,-5,-9.1,634,-1.9,1506,,,,,,,6.7,290,36,3.6,290,27,1.7,1508,-19.5,22,1325,31.3,1.3,1019.8,1032.9,22,1029.3,1449,1031,10.6,2.2,1100,1.57,7.83,,,,,,7.5,5,-2.6,-13.4,-1.5,-.3,.5,1.1,1.6,3.9,6.2,11.7,15.3,1.3,1.8,,
108,2019-02-11,-3,-7.5,641,2,1622,,,,,,,9.7,290,1325,4.9,320,1326,2.3,1945,-16.7,19,1641,34.9,1.7,1020.7,1034.3,2252,1029.6,413,1031.8,10.7,9.4,1200,2.32,14.53,,,,,,.4,.4,-.6,-11.7,-1.3,-.4,.4,.9,1.6,3.8,6.2,11.6,15.3,1.9,2.7,0,
108,2019-02-12,-.6,-4.1,117,3.7,1432,2.25,,,,,0,7.5,290,2134,4.3,340,2031,1.9,1626,-14.5,22,1741,35.5,2.1,1023,1036.2,831,1032,1530,1034,10.7,8.5,1200,1.97,12.34,,,,,,5.6,2.4,1.2,-10.5,-.4,-.2,.4,.9,1.6,3.8,6.1,11.6,15.2,2,2.9,,
108,2019-02-13,-2.1,-5.7,710,2.5,1559,,,,,,,8.4,320,1314,5.1,290,1445,2.4,2086,-19.1,15,1314,26.6,1.4,1022,1035,907,1031.1,1512,1033.1,10.7,9.2,1200,2.26,14.15,,,,,,1.8,0,.4,-10.4,-.6,-.2,.4,.9,1.7,3.8,6.1,11.6,15.2,2.2,3.1,,
108,2019-02-14,-.5,-5.9,743,6.3,1600,,,,,,,5.8,160,1406,3.2,270,1643,1.4,1216,-18.7,16,1359,24.3,1.4,1019.9,1034,846,1027.2,1756,1030.9,10.8,9.2,1200,2.34,14.39,,,,,,5.3,1.3,1.2,-9.3,-.3,-.2,.4,.8,1.6,3.8,6.1,11.5,15.1,2.1,3.1,1.4,
108,2019-02-15,-.8,-2.9,710,.9,1834,14.83,,,,,2.2,7.9,340,2047,4,290,2055,1.9,1641,-5.5,30,303,72.8,4.2,1012.9,1028.3,1,1020.9,1731,1023.8,10.8,0,1200,.78,3.57,2.4,955,2.4,955,2.9,9.1,8,-.2,-4.6,0,-.1,.4,.9,1.7,3.8,6.1,11.5,15.1,.6,.9,1,
108,2019-02-16,-2.7,-5.1,808,1.5,1558,3.42,,,,,.2,8.1,340,1401,4.6,320,1235,2.6,2268,-9.7,38,1533,59,2.9,1013.5,1025.7,939,1022.3,1,1024.4,10.9,8.8,1300,2.25,13.19,.3,355,.7,355,.3,2.4,2.4,1.1,-7.9,-.2,0,.4,.9,1.6,3.8,6,11.4,15.1,1.4,2,,
108,2019-02-17,-1.8,-6.8,734,4.6,1603,,,,,,,7.3,160,1314,4.2,270,1541,1.9,1630,-12.1,23,1322,47.4,2.5,1015.5,1027.8,2257,1024.9,1644,1026.4,10.9,9.8,1200,2.44,16.08,,,,,,.1,0,0,-12.8,-.7,-.1,.5,.9,1.6,3.7,6,11.3,15,2,2.9,,
108,2019-02-18,.9,-4.7,618,5.9,1350,,,,,,,5,270,1505,2.8,200,1437,1.3,1136,-10.7,27,1251,43.5,2.7,1014.7,1027.8,755,1023.2,2357,1025.6,10.9,5.6,1100,2,10.19,,,,,,7.4,5,-.6,-10.9,-.3,-.1,.5,.9,1.6,3.7,6,11.3,15,1.5,2.1,1.4,
108,2019-02-19,1.4,.2,510,3,1710,11.58,,,,,4.6,7.7,270,1812,3.9,290,1459,1.4,1240,-1.7,36,56,80.8,5.5,1008.7,1023.3,1,1016.6,1407,1019.4,11,.6,1400,.85,3.43,3.3,1155,3.3,1155,3.3,9.4,7.9,0,-4.4,.2,0,.5,.9,1.7,3.7,6,11.3,15,.6,.8,3.2,
108,2019-02-20,1.7,-.1,2359,4.5,1647,2.33,,,,,0,7.9,290,1128,4.1,320,1526,2.1,1806,-3.7,48,1556,67.8,4.7,1014.5,1027.8,2310,1021.3,22,1025.3,11,2.2,1200,1.32,6.26,,,.4,1,,6.5,6,1.8,-4.7,.4,.1,.6,.9,1.6,3.7,5.9,11.2,14.9,1,1.4,0,
108,2019-02-21,2.4,-2.6,703,9,1540,,,,,,,5.8,270,1919,3.4,200,1336,1.5,1326,-5.3,32,1550,59.4,4.2,1015.9,1028.5,847,1024.8,1557,1026.7,11,9.6,1300,2.28,14.6,,,,,,0,0,3.1,-7.3,1.4,.7,1,1.2,1.6,3.7,5.9,11.2,14.8,1.9,2.7,,
108,2019-02-22,4,-1.6,606,10.8,1603,,,,,,,6.9,290,1412,3.7,270,1432,1.5,1292,-4.7,28,1352,56.1,4.3,1011.3,1025.3,34,1018.9,1647,1022,11.1,9.5,1300,2.34,15.33,,,,,,5.4,0,4,-7.1,2.8,2.2,1.9,1.7,1.6,3.6,5.9,11.1,14.8,2.3,3.2,,
108,2019-02-23,6.8,.5,640,14.5,1522,,,,,,,8,50,1209,2.9,70,1217,1.1,937,-7.3,15,1611,41,3.6,1012.8,1024.9,855,1021,45,1023.4,11.1,9.1,1200,2.54,16.04,,,,,,2.9,0,5.2,-5.3,4.2,3.5,2.9,2.4,1.7,3.6,5.8,11,14.7,3,4.2,,
108,2019-02-24,6.3,1.2,648,13.7,1500,,,,,,,8.1,180,1406,4.9,290,1824,1.8,1555,-5.7,20,1422,45,4.1,1012.1,1025.5,847,1020,1724,1022.7,11.2,10,1200,2.42,16.07,,,,,,1.6,0,5,-5.2,4.5,4,3.5,3.1,2,3.7,5.8,11,14.7,2.8,4,,
108,2019-02-25,4.7,1.3,725,10.2,1540,,,,,,,8.1,270,2129,4.8,320,2138,2.3,1968,-4.6,26,1513,55.8,4.5,1011.1,1023.2,946,1019.9,1557,1021.7,11.2,8,1200,2.32,14.21,,,,,,4.8,2.3,5.7,-3.3,4.8,4.5,4.1,3.7,2.7,3.8,5.8,11,14.7,2.4,3.5,,
108,2019-02-26,5.2,-1.5,656,12,1514,,,,,,,8.2,250,1337,4.9,180,1344,1.6,1420,-10.7,16,1435,32.8,2.8,1013.4,1026.3,845,1021.8,1659,1024.1,11.2,9.5,1100,2.39,16.25,,,,,,3.6,2.3,5.3,-8.1,4.5,4.2,4,3.8,3.3,4,5.8,10.9,14.6,2.9,4.2,,
108,2019-02-27,7.8,4.7,754,14,1400,,,,,,,8.3,180,1703,4.3,290,1527,1.6,1389,-8.3,21,1645,31.3,3.3,1010.7,1024,146,1018.6,1838,1021.3,11.3,7.8,1300,2.14,12.84,,,,,,7.5,3.9,6.5,-.1,6.2,5.7,5,4.4,3.8,4.1,5.8,10.9,14.6,2.5,3.6,,
108,2019-02-28,6.6,2,653,12.8,1446,,,,,,,8.4,270,1546,4.7,270,1726,2,1771,-6.5,24,1418,39.5,3.8,1008.4,1020.3,839,1016.6,1350,1019,11.3,8.1,1300,2.21,14.07,,,,,,3.3,0,5.9,-3.9,5.4,5.4,5.1,4.8,4.4,4.4,5.9,10.8,14.6,2.8,4,,
108,2019-03-01,6.6,1.2,725,13,1451,,,,,,,8.6,320,1525,4.4,290,1528,2.1,1772,-5.9,22,1435,42.3,4,1011.2,1023.3,835,1020.2,1,1021.8,11.3,9.9,1200,2.31,15.38,,,,,,.3,0,6.1,-6.5,5.4,5.4,5.2,4.9,4.7,4.7,6,10.8,14.5,2.8,4,,
108,2019-03-02,7.8,1.3,735,14.7,1503,,,,,,,5.4,270,1755,3.3,290,1803,1.1,949,-6.6,19,1322,37.6,3.7,1008.7,1022,141,1016.5,1709,1019.2,11.4,7.5,1200,2.17,13.57,,,,,,5.8,0,5.9,-5.8,5.6,5.5,5.2,5,4.8,4.9,6.1,10.7,14.5,2.4,3.4,,
108,2019-03-03,9.4,2.5,731,16.1,1417,,,,,,,6.4,200,1306,3.3,320,1942,1.5,1272,-5.6,15,1414,36.4,4.1,1002.5,1017,48,1010.1,1703,1012.9,11.4,7.9,1200,2.55,15.37,,,,,,4.8,1.9,7.7,-4.8,6.8,6.3,5.7,5.2,5.1,5.1,6.2,10.7,14.4,3.1,4.4,,
108,2019-03-04,9.9,5,710,16.3,1452,,,,,,,7.6,270,1640,4.7,270,1659,1.9,1600,-2.2,19,1450,46.1,5.3,1003.2,1018.3,2354,1010.1,313,1013.6,11.5,9.2,1200,2.3,14.87,,,,,,2.3,.3,10.5,-1.4,8.3,7.7,6.8,6,5.7,5.3,6.3,10.6,14.4,3,4.3,,
108,2019-03-05,8.4,5.6,232,12.9,1350,,,,,,,7.3,250,1621,3.9,270,1725,2,1707,2.1,40,1529,66.3,7.1,1009.6,1021.4,909,1018.3,1,1020.1,11.5,2.5,1100,1.81,9.21,,,,,,8.6,6.4,8.7,3.1,8,7.6,7.1,6.5,6.2,5.6,6.5,10.6,14.3,1.7,2.4,,
108,2019-03-06,8.4,5.7,727,12.4,1555,,,,,,,7.2,270,1730,4.3,290,1732,2,1691,-.2,43,1538,55,6.1,1005.6,1019.7,1,1013.4,1556,1016.1,11.5,3,1100,1.61,10.39,,,,,,6.3,6,9.1,-1.2,7.6,7.5,7.2,6.7,6.5,5.9,6.6,10.6,14.3,1.9,2.7,,
108,2019-03-07,7,3.1,625,12.7,1455,,,,,,,8.9,320,1505,5.1,320,1510,2.2,1867,-2.9,26,1603,51.1,5,1009.1,1023.5,2358,1015.3,1,1019.6,11.6,10.1,1300,2.45,15.76,,,,,,1.5,1.5,9.9,-3.9,7.5,7.4,7.1,6.7,6.6,6.1,6.7,10.6,14.2,2.9,4.2,,
108,2019-03-08,6.1,.6,712,13.4,1438,,,,,,,8,200,1300,4.2,200,1301,1.9,1643,-7.2,17,1708,39.4,3.6,1014.3,1026.3,929,1023.3,40,1024.9,11.6,10.7,1200,2.71,18.67,,,,,,.1,0,8.2,-6.1,6.5,7,6.9,6.7,6.6,6.3,6.9,10.5,14.2,3.4,4.8,,
108,2019-03-09,7.2,-.4,712,14.9,1522,,,,,,,6.3,290,1529,3,290,1601,1.3,1149,-10.1,10,1650,31.8,2.9,1011.2,1025.5,1,1019.1,1715,1021.7,11.7,9.7,1100,1.91,14.44,,,,,,5.4,.9,8.4,-6.7,5.9,6.3,6.5,6.4,6.5,6.5,7,10.5,14.2,2.9,4.2,,
108,2019-03-10,10.1,6.7,725,15.3,1514,,,,,,,5.8,70,1307,2.9,340,1840,1.2,1003,-9.5,12,1142,26.4,3.1,1003.2,1019.3,1,1010,1751,1013.5,11.7,.3,1300,1.62,8.91,,,,,,7.1,7.1,10.1,-1.5,8,7.5,7,6.7,6.7,6.6,7.2,10.5,14.1,2.2,3.2,,
108,2019-03-11,6.6,3.5,710,10,1513,1.5,,,,,0,7.5,200,1550,4.3,290,1818,1.8,1531,-.7,38,1234,61,5.9,998.7,1011.4,1,1007.5,1610,1009.1,11.8,3.6,1100,1.51,9.72,,,,,,4.9,1.8,8.1,-3.2,6.2,6.6,6.7,6.6,6.7,6.7,7.3,10.5,14.1,1.5,2.2,0,
108,2019-03-12,3.9,-.3,2354,7.9,1314,.92,,,,,0,11,270,1328,6,270,2031,2.7,2369,-5.8,21,1705,55.1,4.6,1000.8,1017,2357,1008.8,1324,1011.4,11.8,1.8,1200,1.16,5.15,,,,,,4.9,4.8,3.3,-4.8,4.9,5.8,6.3,6.4,6.7,6.8,7.4,10.5,14.1,1.7,2.4,0,
108,2019-03-13,3.5,-.4,239,8.5,1456,.58,,,,,0,14.9,340,1357,7.2,320,1359,3.3,2850,-10,14,1345,38.5,2.9,1009.3,1024.3,2351,1017,1,1020,11.8,10.1,1300,2.8,17.87,,,,,,1.8,1.8,6.6,-5.1,4.3,4.8,5.2,5.6,6.1,6.8,7.5,10.5,14,3.2,4.5,0,
108,2019-03-14,5,-1.7,517,10,1307,.5,,,,,0,7.3,200,2239,3.8,180,2016,1.9,1603,-6.8,18,1335,45.3,3.9,1011.9,1025.1,206,1020.1,1748,1022.5,11.9,7,1200,2.34,14.02,,,,,,5.5,4,5.9,-8.4,5,5.2,5.3,5.5,5.9,6.8,7.5,10.5,13.9,2.2,3.2,0,
108,2019-03-15,5.5,1.6,2357,11.3,1508,4.58,,,,,3.5,9.8,270,1650,5.4,200,1641,1.6,1355,0,24,1505,72.8,6.3,1006.8,1021.4,6,1011.2,1619,1017.3,11.9,2.8,1400,1.58,9.93,,,,,,7.4,5.3,10.9,-.9,6.7,6.6,6.4,6,6.2,6.7,7.6,10.5,14,1.5,2.2,3.5,
108,2019-03-16,4.3,.2,546,9.2,1326,,,,,,,8.1,200,1340,5.1,270,1524,1.8,1564,-1.1,38,1323,69.9,5.6,1009.9,1022.2,1010,1017.9,2,1020.5,12,5,1300,2.39,11.76,,,,,,5.5,4.9,5.3,-4.2,5.5,5.8,5.9,6,6.3,6.8,7.7,10.5,13.9,1.6,2.4,,
108,2019-03-17,6.3,2.6,503,12.4,1617,,,,,,,9,250,1457,4.4,270,1501,2,1718,-3,24,1400,55.4,5,1012.6,1024.7,947,1020.9,37,1023.2,12,9.9,1200,2.87,19.62,,,,,,2,2,8.8,-3.5,7.2,6.9,6.6,6.2,6.4,6.9,7.7,10.5,13.8,3.1,4.4,,
108,2019-03-18,7.1,1.4,658,14.4,1440,,,,,,,7.8,320,1520,4.7,270,1520,1.4,1224,-5.6,20,1354,43.8,4.1,1009.4,1024.2,24,1017,2357,1019.9,12,8.7,1200,2.55,16.33,,,,,,6.3,0,8.3,-4.7,6.9,7.1,7,6.7,6.7,6.9,7.7,10.4,13.8,2.8,4,,
108,2019-03-19,10,3.4,654,16.7,1456,,,,,,,6.7,290,1948,3.3,270,1839,1.4,1246,-.2,20,1107,52,6.5,1006.5,1018.4,2313,1014.7,1701,1016.8,12.1,8.3,1300,2.3,15.01,,,,,,1.4,1.1,10.3,-1.4,8.5,7.9,7.4,7,7,7,7.8,10.5,13.8,2.5,3.5,,
108,2019-03-20,10.3,7.1,555,14.6,1415,9.92,,,,,16.5,7.9,270,1421,3.9,230,1430,1.4,1176,6.4,42,1409,79,9.7,999.8,1018.3,32,1000.4,2354,1010.1,12.1,0,900,.78,4.38,,,,,,8.8,4.8,8.6,1.6,8.4,8.2,7.9,7.5,7.6,7.2,7.8,10.5,13.7,.9,1.3,19.8,
108,2019-03-21,7.1,1.9,2355,11.1,1304,6.5,,,,,3.3,11.3,290,1543,5.5,270,1548,2.9,2483,3.2,49,1625,77.4,8.1,998.1,1016.9,2355,999.6,48,1008.5,12.2,3.9,1400,1.33,7.51,,,,,,7.9,5.9,8.3,-.4,8.8,8.8,8.4,7.9,7.9,7.4,7.9,10.5,13.8,1.5,2.1,,1.4
108,2019-03-22,3.3,-.7,613,8.3,1548,,,,,,,9.5,290,1616,5,290,1657,2.8,2427,-9.5,20,1603,40.9,3,1009.4,1022.7,2302,1016.9,1,1020,12.2,11.1,1200,3.05,21.87,,,,,,.8,0,5.5,-3.2,6.1,6.8,7.2,7.3,7.7,7.5,8,10.5,13.7,3.3,4.7,,
108,2019-03-23,3.3,-.4,549,8.2,1537,1.75,,,,,1.7,12.8,320,1635,6.3,290,1641,2.4,2109,-7.3,25,1650,46.9,3.7,1010.4,1023.2,2304,1018.2,1541,1021.1,12.2,7.9,1400,2.05,12.62,,,,,,3,2.8,4.1,-7,4.4,5.5,6.4,6.9,7.4,7.6,8.1,10.5,13.7,2.1,3,1.7,
108,2019-03-24,4.3,-.8,656,9.7,1423,,,,,,,10.6,270,1614,4.9,290,1235,2.3,1974,-6.9,27,1053,45.4,3.7,1010.6,1023.3,847,1018.8,1732,1021.2,12.3,11.3,1200,2.98,22.16,,,,,,.1,.1,5.7,-7.7,5.5,5.9,6.1,6.3,6.8,7.6,8.2,10.5,13.6,3.2,4.6,,
108,2019-03-25,7.3,2.9,256,11.5,1636,,,,,,,8.8,270,1449,5.1,230,1556,2,1690,-1,43,1805,56.1,5.7,1006.6,1020.6,1,1015,1642,1017.1,12.3,1.7,900,1.05,7.53,,,,,,6.6,6.6,5.9,-1.8,6,6.3,6.6,6.6,7.1,7.6,8.2,10.5,13.6,1.7,2.4,,
108,2019-03-26,11.4,7.4,424,17.6,1602,,,,,,,8.9,270,1214,4.7,290,1219,2,1698,.4,23,1659,51.1,6.4,1006.8,1018.8,1057,1015.8,423,1017.1,12.4,9.9,1200,2.96,20.42,,,,,,2.6,2.3,13.1,1.4,10.6,9.3,8,7.2,7.2,7.6,8.3,10.5,13.6,3.9,5.6,,
108,2019-03-27,11.6,8.9,18,16.2,1240,,,,,,,12,250,1555,6.4,200,1447,3,2613,5.2,44,126,66.4,8.9,1002.2,1017,6,1009,1719,1012.5,12.4,3.4,1100,2.08,10.84,,,,,,8.5,5.8,11.6,.5,10.5,9.9,9.1,8.4,8.2,7.7,8.3,10.5,13.6,2.3,3.2,,
108,2019-03-28,9.4,5.6,648,14.6,1523,,,,,,,7.9,200,1338,4.8,270,1703,2.6,2249,-1.9,16,1326,49.9,5.6,1003.4,1015.6,2236,1011.5,1602,1013.7,12.4,9.9,1200,2.79,18.21,,,,,,6.1,3.3,12.3,3.2,10.9,10.5,9.7,8.9,8.7,7.9,8.3,10.5,13.5,3.7,5.3,,
108,2019-03-29,9.2,5.5,602,15.1,1406,,,,,,,7.9,230,1414,4.7,290,1632,2.1,1809,-6.5,17,1407,33.1,3.8,1003.5,1015.1,37,1012.1,1528,1013.9,12.5,10.5,1200,3.01,21.22,,,,,,4.6,4,13.3,3.8,11.2,10.8,10,9.3,9,8.1,8.4,10.5,13.5,3.9,5.5,1.6,
108,2019-03-30,5.2,3.5,2017,8.4,1426,14.67,,,,,1.8,13,290,1803,6.3,250,1524,2.9,2548,.2,35,1512,72,6.3,1002.1,1015,103,1010,1426,1012.7,12.5,3,1500,1.34,6.76,,,,,,9.4,8.1,6.9,2.1,8,9,9.5,9.4,9.4,8.4,8.5,10.6,13.5,1.5,2.1,.2,
108,2019-03-31,4.4,2.6,2356,8.4,1537,3.67,,,,,0,10,340,1507,5.5,270,8,3.2,2750,-7.1,20,1637,46,3.8,1008.7,1022.9,2332,1014,3,1019.3,12.6,3.2,1500,2.02,8.22,,,,,,5.1,5.1,5.3,-1.9,5.9,7.1,7.9,8.3,8.8,8.6,8.7,10.6,13.4,2.1,3,,
108,2019-04-01,5.5,.3,555,11.3,1456,,,,,,,11.6,270,1715,5.8,320,1334,2.5,2144,-8.4,15,1242,39.8,3.4,1011.8,1024.3,807,1020.5,1527,1022.4,12.6,11.7,1200,3.23,23.42,,,,,,1.3,.6,8.1,-6.7,6.6,7,7.3,7.5,8.1,8.5,8.8,10.5,13.4,3.9,5.6,,
108,2019-04-02,6.7,1.3,538,13,1611,,,,,,,9.9,180,1353,6.1,270,1711,2.2,1888,-8,15,1519,36.9,3.4,1012.2,1024.2,929,1020,1612,1022.7,12.6,11.7,1200,3.08,22.96,,,,,,.3,.3,9.7,-5.3,7.9,8.2,8,7.8,8,8.5,8.8,10.6,13.4,4.1,5.9,,
108,2019-04-03,7.6,1.9,604,13.6,1446,,,,,,,10.4,200,1420,5,230,1610,2.3,1982,-7.3,14,1546,36.1,3.6,1012.7,1025.1,718,1021.1,1821,1023.2,12.7,11.7,1300,3,22.61,,,,,,.3,.3,11.1,-4.9,8.9,8.9,8.6,8.3,8.2,8.4,8.9,10.6,13.4,4.3,6.1,,
108,2019-04-04,9.2,3,535,15.7,1511,,,,,,,10,290,1445,5,230,1734,2.5,2188,-3.7,21,1511,43,4.7,1007.2,1023.1,42,1013.2,2325,1017.6,12.7,11.7,1200,3.06,22.72,,,,,,0,0,12.4,-3.8,10,9.6,9.1,8.7,8.5,8.5,8.9,10.6,13.3,4.3,6.1,0,
108,2019-04-05,11.4,7,305,17.2,1521,2.83,0,,0,,0,11.5,290,1314,5.4,230,1432,2.9,2511,-4.1,13,1249,41,5.1,999.4,1013.6,1,1007,1511,1009.7,12.8,9.3,1200,3.03,20.11,,,,,,3,2.4,14.2,1,11.8,11.3,10.3,9.5,9,8.6,9,10.6,13.4,4.9,6.9,,
108,2019-04-06,9.3,5.9,541,12.2,1234,4,.5,1616,.6,1530,.8,7.1,50,1758,2.8,70,1741,1.1,988,-4.5,21,1,39.9,4.7,1001.7,1013.9,1021,1009.9,1805,1012,12.8,.5,900,.91,4.48,,,,,,8.5,6.8,8.9,-1.4,8.8,9.3,9.7,9.7,9.5,8.8,9.1,10.6,13.3,1.4,2,.8,
108,2019-04-07,12.6,5.6,650,20.3,1505,,,,,,,8.4,270,1916,4.8,290,1923,1.7,1491,-2.1,12,1536,43.1,5.6,1000.2,1012.9,814,1007.3,1549,1010.4,12.8,11.4,1200,2.99,21.77,,,,,,4.4,1.4,15.1,-1.3,12.4,11.2,10.1,9.4,9.2,8.9,9.1,10.6,13.3,4.8,6.9,,
108,2019-04-08,11.6,7.6,640,17.2,1611,,,,,,,9.8,290,1447,5.2,270,1433,2.5,2141,-8,10,1612,25.6,3.4,1004.7,1018.9,2359,1011.3,327,1015,12.9,10.9,1200,3.25,23.74,,,,,,3.3,.3,15.4,.7,12.7,12.1,11.2,10.4,9.9,9.1,9.2,10.7,13.3,5.5,7.9,,
108,2019-04-09,9.2,4.7,2233,13.9,1425,8.42,.9,1754,3.8,1735,17.4,12.5,50,1718,4.4,70,1800,2.4,2039,-3.4,16,1427,49.1,5.2,1005.6,1019.3,1000,1011.8,2355,1016,12.9,.8,900,1.22,5.64,,,,,,9.4,6.9,10.3,2.2,9.9,10.4,10.7,10.6,10.2,9.2,9.3,10.7,13.2,1.7,2.5,21.6,
108,2019-04-10,7.1,4.7,17,10.2,1813,15.5,.6,-2357,1.9,-2331,5.6,7.6,50,123,3.1,320,1111,1.8,1559,3.5,61,1810,78.4,7.9,1002.4,1015.8,2330,1010.7,331,1012.8,12.9,1.1,1300,1.14,6.98,,,,,,8.3,7,8.6,.8,8.5,9,9.2,9.4,9.7,9.4,9.5,10.7,13.3,1.1,1.6,1.4,
108,2019-04-11,9.5,4.3,529,15.7,1320,,,,,,,8.8,320,1409,4.7,320,1411,1.9,1601,.8,17,1532,58,6.5,1004.8,1016.6,934,1013.2,1600,1015.2,13,9.8,1200,3.1,20.94,,,,,,4.6,2.4,10.3,-.8,10.5,10.1,9.6,9.3,9.4,9.4,9.5,10.7,13.2,3.7,5.3,,
108,2019-04-12,11.4,5.5,627,18.4,1426,,,,,,,9.2,320,1829,5.1,290,1836,2.2,1876,-.4,19,1336,48.5,6,1007.7,1020.4,2355,1016,220,1018.1,13,11.4,1200,3.17,23.73,,,,,,1.8,.1,14.3,-.3,12.3,11.6,10.8,10.1,9.9,9.4,9.6,10.7,13.2,4.7,6.8,,
108,2019-04-13,11.8,6.2,551,17.9,1509,,,,,,,9.6,270,1529,5,250,1535,1.8,1576,-5.4,14,1410,34,4.2,1009.2,1021.6,840,1017.8,1600,1019.5,13.1,10.8,1200,3.06,22.96,,,,,,5.6,.4,14.7,-.2,12.5,12.2,11.5,10.8,10.4,9.6,9.6,10.7,13.1,5.1,7.2,.1,
108,2019-04-14,9.6,6.9,2347,13.6,1557,6.25,.4,952,1.3,945,1.7,12.8,320,1729,7.3,320,1737,2.2,1894,-2.9,20,1838,45.5,5.4,1004.8,1018.1,1,1011.5,1604,1015.1,13.1,5,1400,1.89,8.35,,,,,,6,5.5,9.5,-1.1,10.3,10.8,11.1,10.9,10.9,9.8,9.8,10.8,13.2,2.1,3,1.6,
108,2019-04-15,11.6,3.9,603,18.1,1408,,,,,,,10.4,270,1418,4.7,290,1307,1.8,1548,-6.2,13,1354,30.9,3.9,1008.3,1019.8,2359,1017.4,1,1018.7,13.2,12.1,1200,3.09,24.07,,,,,,0,0,13.4,-3.8,11.2,10.8,10.4,10.2,10.3,9.9,9.8,10.7,13.1,5.3,7.6,,
108,2019-04-16,14.9,6.8,630,22.6,1418,,,,,,,7.3,320,1656,4.1,270,1721,1.6,1406,-6.6,10,1456,26.3,3.9,1006.8,1020,37,1014.5,1622,1017,13.2,11.5,1200,3.28,23.58,,,,,,4.8,0,15.9,0,13.6,12.7,11.7,10.9,10.6,10,9.9,10.8,13.1,5.8,8.2,,
108,2019-04-17,15.3,9.1,543,21.8,1222,,,,,,,10.2,200,1301,4.9,290,1526,1.9,1669,0,16,948,37.5,6.6,1002.4,1015.7,8,1010.2,1653,1012.5,13.2,12.2,1200,3.23,24.94,,,,,,3.9,0,18,1.6,14.9,14,12.8,11.8,11.2,10.1,10,10.7,13,5.2,7.4,,
108,2019-04-18,12.6,10.4,2358,16.2,1315,.92,0,,0,,0,10.4,270,1457,5.3,200,1324,2,1756,7.9,55,1309,74.4,10.8,1001.8,1014.4,2356,1010.1,503,1012,13.3,1.5,1300,1.05,5.88,,,,,,6.3,4.8,12.5,4.9,12.9,12.9,12.8,12.3,11.9,10.4,10.2,10.8,13.1,1.3,1.9,0,
108,2019-04-19,13.8,9.6,321,19.7,1611,,,,,,,7.5,50,803,3.2,70,805,1.6,1352,4.7,31,1718,57.5,8.6,1005.9,1018.2,1018,1014.3,1,1016.1,13.3,5.9,1300,2.96,15.84,,,,,,4.8,3.6,17.1,5.1,13.9,13,12.3,11.8,11.7,10.6,10.3,10.9,13.1,3.1,4.4,,
108,2019-04-20,14.3,9.7,419,19.1,1503,4.25,.2,,.7,2243,1.2,9.4,290,1205,4.5,290,1338,1.9,1616,7.8,40,1431,66.9,10.8,1004.7,1017.4,30,1012.9,1454,1014.9,13.3,5,1400,2.55,14.63,,,,,,7.1,6.1,17.5,5,14.9,14,13.1,12.3,12,10.7,10.4,10.9,13,2.6,3.7,1.5,
108,2019-04-21,14.8,12.2,428,20.2,1610,3.33,.2,,.2,,.3,7.4,270,1739,4.2,270,1738,1.9,1625,10.6,53,1651,77.8,12.9,1003.4,1015.3,2355,1011.7,1535,1013.5,13.4,4.1,1400,2.5,13.42,,,,,,7.9,5.8,18.1,9.1,16.1,15.2,14.1,13.1,12.6,10.9,10.5,10.9,13.1,2.6,3.7,,
108,2019-04-22,19.3,10.7,537,28.2,1611,,,,,,,6.8,290,1726,4.2,290,1726,1.4,1194,7.2,18,1333,50.6,10.2,1004.7,1016.5,951,1012.1,1554,1014.7,13.4,11.1,1200,3.09,23.42,,,,,,2.3,0,21.6,5.4,18,16.5,14.9,13.7,13,11.1,10.6,10.9,13,5.1,7.3,,
108,2019-04-23,20.4,15.3,557,25.5,1422,.75,0,,0,,0,7.5,180,1837,3.8,200,1840,1.3,1151,9.8,36,1405,52,12.2,1002.2,1015.6,1,1009.5,1638,1012.1,13.4,4.2,1100,2.16,13.14,,,,,,8.4,5.8,20.3,9.8,18.4,17.4,16.1,14.9,13.9,11.4,10.7,10.9,12.9,2.7,3.9,4.1,
108,2019-04-24,19.5,15.8,558,25.9,1531,7.67,.5,246,1.9,211,4.1,8.1,290,1622,4.5,290,1624,1.6,1361,13.4,42,1503,70.4,15.4,996.3,1010.7,1,1003.6,1559,1006.2,13.5,8,1300,2.74,18.91,,,,,,5,3.1,21,11.6,19.8,18.5,16.8,15.5,14.5,11.8,11,11,13,3.8,5.5,,
108,2019-04-25,13.2,9.4,2355,17.2,419,12.5,1.2,1958,2.7,2045,11.3,8.1,50,1143,3.6,70,914,2,1696,8.5,51,949,75.9,11.2,996.9,1008.1,2356,1005.7,327,1007,13.5,0,900,.69,3.48,,,,,,9.4,8.6,14,8.9,14.9,15.8,16.1,15.7,15.3,12.2,11.2,11,13,.9,1.3,15.3,
108,2019-04-26,8.4,6.2,2345,9.9,1312,14.17,.6,345,1.9,310,4.9,7.2,50,1346,3.5,200,135,1.5,1290,5.4,65,2339,82.1,9.1,1003.1,1019.7,2353,1007.8,154,1013.5,13.6,0,1300,.48,3.51,,,,,,8,6.8,10.2,.3,11.5,12.7,13.5,13.9,14.3,12.6,11.4,11.1,13,1,1.4,.9,
108,2019-04-27,11.6,4.1,514,18.2,1511,,,,,,,7.5,290,1524,3.6,200,1559,1.7,1451,1.3,25,1453,52.6,6.7,1010.9,1023.7,940,1019.1,1840,1021.2,13.6,10.3,1100,3.24,23.24,,,,,,4.8,1.4,14.1,.1,13.1,12.7,12.6,12.7,13,12.5,11.6,11.1,12.9,3.7,5.3,0,
108,2019-04-28,12.9,9.9,2352,16.6,1448,1.75,0,,0,,0,7.7,200,1457,3.7,230,1459,1.6,1385,2,33,1445,48.8,7.1,1010.2,1023.1,950,1018.4,1818,1020.5,13.6,3.4,1100,2.56,12.09,,,,,,8.1,4.4,13.9,3.9,14.1,14.1,13.8,13.4,13.5,12.5,11.8,11.2,13,2.6,3.8,,
108,2019-04-29,13,8.3,552,17.3,1742,,,,,,,4.8,20,954,2,50,924,.9,774,3.3,36,1746,52.9,7.8,1004,1019.6,15,1010.5,1841,1014.2,13.7,3.3,900,1.35,9.81,,,,,,5.8,2.5,12.3,3.6,12.6,13,13.2,13.1,13.4,12.5,11.9,11.2,12.9,1.9,2.7,,
108,2019-04-30,15.5,9,547,22.5,1538,,,,,,,7.4,290,1509,4.2,270,1936,1.6,1386,5.2,29,1413,52.8,8.8,998.7,1011.2,1,1006.2,1708,1008.7,13.7,11.2,1300,2.67,21.75,,,,,,4.4,.8,18.1,4.1,15.6,14.5,13.6,13.1,13.1,12.5,11.9,11.2,12.9,4.2,6,,
108,2019-05-01,16.4,11.2,603,22.2,1409,,,,,,,10.8,250,1434,4.8,230,1451,2.3,1954,5.1,28,2119,48.9,9,996.4,1008.1,8,1003.6,1721,1006.4,13.7,10.9,1200,3.15,24.41,,,,,,1.9,1.9,20.2,6.4,17.5,16.5,15.2,14.2,13.7,12.6,12,11.3,12.9,5.1,7.3,,
108,2019-05-02,17.1,10.6,555,25.3,1454,,,,,,,9.7,290,1648,5.1,290,1600,2.3,2009,-2,14,1436,28.5,5.3,1001.6,1014.6,2310,1007.6,2,1011.7,13.8,12.7,1200,3.4,27.27,,,,,,0,0,21.3,3.7,18,17.1,16,15,14.3,12.7,12,11.2,12.9,6.7,9.6,,
108,2019-05-03,17.9,10.1,550,26.1,1413,,,,,,,9.1,270,1525,4.4,270,1509,1.6,1420,2,17,1606,37.5,7.2,1006.4,1017.9,842,1014.5,1729,1016.4,13.8,12.4,1200,3.19,25.59,,,,,,0,0,21.9,3.9,18.3,17.5,16.4,15.5,14.6,12.9,12.1,11.3,12.8,5.9,8.4,,
108,2019-05-04,19.5,12,601,27.4,1456,,,,,,,7.4,290,1655,4.1,290,1810,1.7,1473,4.2,18,1716,40.4,8.3,1007.8,1019.7,747,1015.7,1558,1017.8,13.8,10.7,1200,2.85,22.12,,,,,,4.9,0,22.3,6,19.1,18.2,17,16,15.1,13.1,12.3,11.4,12.9,5.1,7.3,,
108,2019-05-05,19.2,13.6,603,26.5,1306,,,,,,,10.6,290,1516,5.3,290,1543,2.2,1880,1.8,12,1500,35.8,7.2,1005.8,1018.1,745,1013.2,1755,1015.8,13.9,11.1,1200,3.29,25.14,,,,,,5.1,.6,23.9,6.6,19.8,18.8,17.6,16.5,15.6,13.4,12.4,11.4,12.9,7.1,10.1,0,
108,2019-05-06,14.5,9.8,601,19.8,1554,.17,0,,0,,0,10.2,270,1728,5.3,340,638,3.1,2704,-5.3,12,1224,27.1,4.3,1006.4,1018.6,800,1014,1647,1016.6,13.9,12.8,1200,3.46,28.25,,,,,,.3,0,22.8,3.5,18.7,18.5,17.7,16.8,15.9,13.7,12.6,11.5,12.9,6.6,9.4,,
108,2019-05-07,15,8.4,602,21.9,1434,,,,,,,10.9,160,1421,5,250,1602,2.3,1990,-1.5,16,1345,33.4,5.5,1005.7,1018.2,812,1013.2,1621,1015.9,13.9,12.9,1200,3.36,27.02,,,,,,0,0,22.1,-.2,18,17.8,17.2,16.6,15.8,13.9,12.7,11.5,12.9,6.2,8.8,,
108,2019-05-08,15.6,10.1,537,21.3,1536,,,,,,,8.8,200,1450,5.1,270,1809,2.3,2030,4.3,31,1536,48.3,8.4,1002.1,1015.8,12,1009.4,1722,1012.3,14,12.2,1200,3.12,23.39,,,,,,6.1,0,21.3,2.3,18.1,17.8,17.2,16.6,15.9,14.1,12.9,11.6,12.9,4.5,6.4,,
108,2019-05-09,16.6,11.7,532,22.9,1527,,,,,,,9.5,270,1634,4.5,250,1254,2.2,1901,2.3,19,1328,43.3,7.5,1000.8,1012.8,2340,1009,1522,1010.8,14,12.1,1200,3.17,25.46,,,,,,3.1,0,23.9,5.1,19.5,18.8,17.7,16.8,16.2,14.2,13.1,11.6,12.9,5.8,8.3,,
108,2019-05-10,17.8,10.3,543,26.8,1518,,,,,,,7.8,290,1718,4.1,270,1720,1.9,1619,5.7,28,1442,48,9.2,1003.1,1014.3,549,1011.2,1536,1013.1,14,12.3,1200,3.2,25.19,,,,,,3.5,0,24.4,2.8,19.8,19,18,17.1,16.4,14.4,13.2,11.7,12.8,5.2,7.4,,
108,2019-05-11,20.3,13.2,545,28.3,1430,,,,,,,7.3,290,1520,3.9,250,1457,1.8,1579,5.2,22,1410,39,9,1003.7,1015.2,713,1011.7,1850,1013.6,14.1,12.7,1200,3.19,25.19,,,,,,2,0,26.4,6.7,21.5,20.1,18.7,17.6,16.8,14.6,13.3,11.7,12.8,6,8.6,,
108,2019-05-12,21.6,14.7,506,28.9,1524,,,,,,,6.6,180,1546,3.1,180,1457,1.5,1271,5.3,24,1506,36,9,1004.8,1015.9,843,1013,1635,1014.7,14.1,12,1200,2.61,21.82,,,,,,4.3,.9,26.8,7.1,21.9,20.6,19.2,18.1,17.4,14.8,13.5,11.8,12.9,5.2,7.4,,
108,2019-05-13,18.7,15.5,2332,22.8,1244,.17,0,,0,,0,8.6,340,1852,4.9,290,1833,1.6,1346,5.5,29,906,43.4,9.1,1004.4,1015.8,845,1012.6,1651,1014.4,14.1,1,1200,.97,8.51,,,,,,8.3,3.5,19.2,9,19.1,19.2,18.9,18.2,17.8,15.2,13.7,11.9,12.9,2.5,3.6,0,
108,2019-05-14,19.6,12.9,517,26.9,1429,,,,,,,8.1,320,1631,4.1,320,1631,1.6,1393,6.4,24,1312,44.5,9.7,1003,1014.4,759,1011.1,1522,1012.9,14.2,13,1200,3.25,25.35,,,,,,1.6,0,25.8,7,21.1,19.9,18.6,17.7,17.3,15.4,13.9,11.9,12.8,5.4,7.6,,
108,2019-05-15,20.7,14.8,529,28,1542,,,,,,,6.9,270,1659,3.9,320,1637,1.7,1440,8.6,23,1355,48.1,11.2,1002.9,1014.7,551,1010.7,1619,1012.9,14.2,8.4,1300,2.93,21.24,,,,,,4.5,.1,26.8,10,22,20.7,19.4,18.4,17.9,15.5,14.1,12,12.9,4.8,6.9,,
108,2019-05-16,23.5,16.7,539,30,1450,,,,,,,7.3,290,1350,4.1,290,1533,1.5,1321,9.5,25,1447,43.8,11.9,1001.9,1012.9,2358,1009.8,1745,1011.7,14.2,12.5,1200,3.06,25.19,,,,,,2.5,0,29.9,12.1,23.9,22,20.2,18.9,18.2,15.6,14.2,12,12.8,5.7,8.1,,
108,2019-05-17,23.6,17.6,543,28.3,1528,,,,,,,5.6,20,1118,3.2,200,1712,1.2,1047,10.4,31,1126,44.9,12.7,1002.2,1014.2,747,1010.2,1551,1012,14.2,4.2,1000,1.96,14.72,,,,,,7.5,.3,26.1,11.7,22.9,21.8,20.6,19.5,18.8,15.9,14.4,12,12.8,3.6,5.1,,
108,2019-05-18,22.8,19.1,607,25.9,1631,.25,0,,0,,0,9.9,160,1058,4.8,160,1254,2.1,1793,10.6,38,946,46.8,12.8,1001.8,1012.6,1159,1010.2,1746,1011.6,14.3,4.3,1400,1.99,16.28,,,,,,8.5,5.6,28.2,15.3,22.8,21.8,20.6,19.5,19.1,16.2,14.6,12.2,12.9,3.7,5.2,5.1,
108,2019-05-19,19.4,17.9,542,21.6,1,18.08,1.3,1744,4.2,1656,22,6.4,110,27,2.7,110,31,1.2,994,18.1,55,1,93,20.9,998.8,1012.4,3,1004.7,2359,1008.7,14.3,0,1300,1.1,5.22,,,,,,10,8,20.4,16.6,20.8,20.8,20.3,19.6,19.3,16.5,14.8,12.3,13,1.2,1.7,25.6,
108,2019-05-20,16.4,13,2352,20.2,43,3.67,2.2,202,6.1,140,8.7,12.3,290,1349,6.1,230,1213,3.4,2909,8.8,33,1238,63.6,11.8,994.9,1007.8,2351,1003,432,1004.9,14.3,10.5,1200,3.59,24.95,,,,,,4.5,3.5,18.6,10.1,20.3,20.5,20,19.3,19.1,16.7,15,12.4,12.9,4.8,6.9,,
108,2019-05-21,17.2,11.7,507,23.8,1449,,,,,,,12,230,1424,5.9,230,1502,2.9,2514,6.2,22,1420,52,9.6,995.2,1007.8,1,1002.8,1724,1005.2,14.3,13.1,1200,3.46,28.89,,,,,,0,0,21.8,8.4,19.9,19.6,19.3,18.9,18.7,16.8,15.1,12.4,12.9,6.1,8.7,,
108,2019-05-22,19.5,12.3,559,26.5,1539,,,,,,,10.2,200,1239,5.4,200,1320,2.4,2108,6.2,19,1418,46,9.6,995.3,1006.3,709,1003.2,1532,1005.2,14.4,12.6,1200,3.42,27.5,,,,,,1.4,0,25.1,7.4,21,20.4,19.7,19,18.7,16.8,15.2,12.4,12.9,6.7,9.6,,
108,2019-05-23,22.1,15,543,29.2,1607,,,,,,,7.9,290,1645,3.5,270,1636,1.7,1490,8.1,16,1727,45,11,998.4,1010,2311,1006.2,4,1008.2,14.4,13.2,1200,3.29,27.36,,,,,,0,0,28.5,9.7,22.6,21.7,20.5,19.5,18.9,16.9,15.4,12.5,12.9,6.4,9.1,,
108,2019-05-24,24.2,16.2,520,33.4,1622,,,,,,,7,290,2030,4.1,270,1937,1.7,1503,11.4,27,1455,46.4,13.6,1000.8,1012,2325,1008.5,1555,1010.5,14.4,12.7,1200,3.21,26.13,,,,,,1.4,0,30.6,10.8,24.2,22.9,21.5,20.3,19.4,17,15.5,12.6,12.9,6,8.5,,
108,2019-05-25,23.4,18.4,604,28.6,1538,,,,,,,8.3,180,1446,4.2,270,1353,1.6,1413,9.7,15,1331,45.6,12.3,1005,1015.9,2111,1012,1,1014.8,14.4,7.1,1300,2.45,18.83,,,,,,7.9,0,26.7,13,23.5,23,22,20.9,20.1,17.2,15.6,12.7,12.9,4.9,7,,
108,2019-05-26,24.5,18.6,613,31.1,1342,,,,,,,8.5,270,1726,4.5,270,1811,1.8,1529,8.6,21,1205,39,11.3,1003.7,1016.2,158,1011,1640,1013.5,14.5,11,1100,3.22,25.81,,,,,,6,1.8,30.5,13,24.8,23.6,22.2,21,20.2,17.5,15.7,12.7,12.9,5.9,8.5,3.6,
108,2019-05-27,17.8,14.3,2356,22.3,221,13.83,.7,604,1.7,751,7.1,11.1,230,1340,5.3,200,1356,2.4,2039,14.2,42,3,80.9,16.5,994.5,1011.2,1,999.8,1302,1004.4,14.5,0,1200,.34,2.33,,,,,,8.6,6.5,18.2,10.2,20.4,21.4,21.6,21.2,20.9,17.8,16,12.9,13,1.3,1.8,3.5,
108,2019-05-28,18.1,11.9,515,24.6,1444,,,,,,,11.6,320,1931,4.9,270,1558,2.6,2205,5.2,20,1755,45.9,8.9,1000.7,1012.7,758,1008.2,1,1010.7,14.5,13,1200,3.51,28.01,,,,,,2.1,0,21.8,7.2,20.4,20.1,19.8,19.6,19.6,17.9,16.1,12.9,12.9,6.3,9,,
108,2019-05-29,20.3,13.3,517,26.5,1459,,,,,,,9.5,180,1325,4.9,290,1541,2,1764,7.7,21,1447,48.4,10.6,999.7,1010.9,214,1007.7,1528,1009.6,14.5,13.3,1200,3.42,28.48,,,,,,.4,0,26.2,8.1,22.1,21.5,20.7,19.9,19.6,17.9,16.2,12.9,12.9,6.4,9.2,,
108,2019-05-30,19.6,14.6,511,24.5,1123,3.33,0,,0,,0,10.3,250,2308,5.4,230,2313,2.4,2069,7.8,31,1052,48,10.7,1000.7,1012.1,2300,1008.4,1550,1010.6,14.5,7,1000,2.83,18.28,,,,,,7.9,2.5,23.8,8,21.3,21.2,20.8,20.2,19.9,17.9,16.4,13,13,4.7,6.7,0,
108,2019-05-31,19.1,16.1,2355,23.3,1448,,,,,,,9.9,360,1411,5.4,270,1521,2.8,2402,8,35,1236,49.6,10.7,1000.3,1011.7,2221,1008.3,1714,1010.2,14.6,12.3,1100,3.42,27.46,,,,,,2.3,2,26.5,12.4,23.1,22.3,21.2,20.3,19.9,18,16.5,13.1,12.9,5.5,7.9,,
108,2019-06-01,18.9,14.8,321,23.7,1714,,,,,,,8.2,200,1153,4.2,200,1215,1.9,1671,10.7,40,1516,60.5,12.9,1000.1,1011.6,1,1008.7,1740,1010.1,14.6,9.4,1100,2.54,21.1,,,,,,5.5,2.5,24.8,8.8,22.1,22,21.3,20.6,20.3,18.1,16.6,13.2,13,4.1,5.9,,
108,2019-06-02,21.1,14.1,524,27.8,1438,,,,,,,8,270,1557,4.6,270,1559,1.7,1482,6.2,22,1200,42.1,9.6,997.6,1009.9,11,1005.5,1541,1007.5,14.6,13,1100,3.26,26.48,,,,,,.6,0,27.8,7.3,23.3,22.5,21.5,20.6,20.2,18.2,16.6,13.2,12.9,5.9,8.4,,
108,2019-06-03,23.1,16,545,29.5,1633,,,,,,,9.9,320,1150,5,290,1152,1.8,1559,9.4,27,1543,42.9,11.9,997.9,1009.8,1147,1004.6,1617,1007.7,14.6,12.3,1100,3.08,25.57,,,,,,.6,.4,30.1,9.7,24.6,23.4,22.1,21.1,20.6,18.4,16.8,13.3,13,5.7,8.2,,
108,2019-06-04,22.6,17.6,517,29,1414,,,,,,,9.1,290,1430,4.4,270,1431,2.2,1930,12.8,34,1102,56.4,14.9,999.3,1010.9,2325,1007.3,1558,1009.1,14.6,12.8,1200,3.15,26.21,,,,,,3,1.1,29.9,11.2,25.6,24.4,22.9,21.7,21.1,18.5,16.9,13.4,13,5.5,7.9,,
108,2019-06-05,23,17.8,236,29.6,1406,,,,,,,7.5,270,1531,4.3,270,1520,1.8,1548,15.3,38,1257,63.8,17.3,1001.8,1012.4,854,1009.7,403,1011.6,14.6,8.9,1200,3.23,24.14,,,,,,5.4,4.1,31.4,13.1,26.5,25.2,23.6,22.3,21.7,18.8,17,13.5,13,5,7.2,,
108,2019-06-06,21.2,18.6,345,25.1,1336,9.58,1.3,1943,3.4,1928,7.5,8.5,50,1831,4.1,50,1838,1.2,1073,16.5,56,1243,75.9,18.8,999.9,1013,405,1004.3,2400,1009.7,14.7,0,900,.82,5.33,,,,,,9.1,3.5,22.4,13.3,22.9,23.3,23.1,22.5,22.2,19.1,17.1,13.6,13.1,1.2,1.7,42.1,
108,2019-06-07,20,17,515,24.7,1742,12.75,3.9,252,12.1,234,35.3,8.7,70,1224,3.5,90,602,1.9,1613,15.4,50,1823,77.3,17.6,993.5,1007.8,2309,1000.2,559,1003.3,14.7,3.7,1300,2.06,13.41,,,,,,7.4,6.1,21,13.6,21.1,21.2,21.2,21.1,21.4,19.3,17.4,13.7,13.2,3.1,4.4,.7,
108,2019-06-08,21.9,16,504,27.6,1434,,,,,,,7.7,270,1628,4,270,1540,1.4,1226,12.5,28,1329,57.5,14.5,997.9,1009.5,625,1006.6,1450,1007.8,14.7,9.3,1200,2.67,21.14,,,,,,5.9,0,22.8,12.3,22.3,21.8,21.3,20.9,20.9,19.2,17.4,13.7,13.1,4.1,5.8,,
108,2019-06-09,21.6,17.1,2324,26.5,1302,3.5,.9,2123,1.6,2055,2.5,7.7,70,2057,4,270,1608,1.8,1597,14.7,47,1059,66.1,16.8,995.5,1007.4,618,1002.8,1712,1005.3,14.7,4.2,1100,2.6,16.87,,,,,,8.9,6.8,23.7,15.2,23.4,22.9,22,21.3,21.1,19.2,17.6,13.8,13.1,3.2,4.6,12,
108,2019-06-10,18.4,15.7,359,21.9,1639,8.92,1.1,251,3.5,106,9.5,6.4,140,2400,2.4,70,1324,1.6,1344,12.4,49,1739,70.3,14.5,997.3,1008.9,2331,1005.4,2,1007.3,14.7,.6,1300,1.32,11.01,,,,,,8,5.6,19.7,14.9,20.6,21.1,21.3,21.2,21.4,19.4,17.8,13.9,13.2,2.6,3.7,,
108,2019-06-11,20.5,15.5,553,26.1,1604,,,,,,,7.1,90,137,3,320,2142,1.4,1217,9.7,32,1532,51.1,12.1,998.8,1010,805,1007.1,1732,1008.7,14.7,10.7,1100,3.07,21.58,,,,,,3.5,2.8,21.9,13.5,21.4,21.2,21,20.7,20.7,19.3,17.7,13.8,13.1,4.3,6.1,,
108,2019-06-12,21.5,16.1,538,26.4,1404,,,,,,,8.2,290,1505,4.6,290,1529,1.8,1565,12.2,40,1630,57.1,14.2,1000.3,1011,822,1009,1703,1010.2,14.7,13,1000,2.83,25.26,,,,,,1.1,.9,24.4,11.7,22.9,22.4,21.6,21,20.8,19.2,17.8,13.9,13.1,5.1,7.3,,
108,2019-06-13,23,16.6,534,28.8,1549,,,,,,,7,290,1507,4,270,1924,1.7,1492,11.9,33,1549,51.9,13.9,999.7,1011.4,743,1007.4,1716,1009.5,14.7,12.3,1200,3.27,27.4,,,,,,3.1,0,27.2,11.5,24.6,23.7,22.6,21.7,21.1,19.3,17.9,14,13.1,5.7,8.2,,
108,2019-06-14,23,19.1,528,28.4,1506,,,,,,,7.3,340,1911,4.2,290,1541,1.8,1560,12.8,30,1459,54.8,14.8,995.3,1008.5,1,1002.4,1728,1005.1,14.8,6.1,1300,3.14,19.46,,,,,,6.1,1.5,27,15.6,24.8,24.1,23.2,22.3,21.8,19.5,18,14.1,13.2,5,7.2,,
108,2019-06-15,21.9,17.9,2359,27.4,1613,.58,1.9,1829,2.1,1815,2.1,9.7,270,1743,5.3,270,1643,2.4,2079,13.7,37,1542,61.5,15.7,990.5,1003.3,1,996.7,1625,1000.2,14.8,12.2,1200,3.34,25.94,,,,,,3.1,3.1,26,13,24.8,24.5,23.5,22.6,21.8,19.6,18,14.1,13.2,5.2,7.5,2.1,
108,2019-06-16,22,16.1,526,27.2,1619,,,,,,,8.3,290,1553,4.7,320,1852,1.6,1397,12,34,1438,55.4,14.1,996.7,1009.8,2313,1002.6,1,1006.6,14.8,11.1,900,2.57,22.45,,,,,,3.9,1.5,24.7,12.4,23.7,23.5,23.1,22.6,22,19.7,18.1,14.2,13.2,4.6,6.5,0,
108,2019-06-17,21.7,18.1,614,26.2,1515,.33,0,,0,,0,7.9,270,1554,4.1,270,1628,2.3,1976,13,35,1642,59.1,15,1001.8,1012.6,900,1009.7,1,1011.6,14.8,12.7,1000,2.92,25.36,,,,,,4.5,2.5,28.2,15.5,24.8,24.4,23.5,22.6,22,19.9,18.2,14.3,13.3,4.6,6.6,9.9,
108,2019-06-18,20.8,17,722,24.8,1345,11.33,4.7,637,7.8,559,13.8,7.4,270,1907,4,270,1909,1.5,1299,16.7,54,1139,78.6,19,1000.3,1013.4,729,1008.3,1731,1010.1,14.8,2,1100,1.92,11.26,,,,,,9.5,5.8,22.5,14.7,23,23.4,23.3,22.8,22.4,20.2,18.5,14.5,13.5,2.2,3.2,4.1,
108,2019-06-19,21.4,18.9,428,25.4,1417,2.08,.2,,.2,,.2,7.7,270,2111,4.1,270,2117,1.9,1643,17.2,55,1410,77.8,19.6,997.8,1009.1,533,1005.9,1621,1007.6,14.8,.9,1200,2.16,11.24,,,,,,9.4,8.5,23,18.1,23.2,23,22.7,22.3,22.2,20.2,18.5,14.5,13.4,2.5,3.5,0,
108,2019-06-20,22.7,19.8,525,27.8,1602,,,,,,,7.7,250,1725,4.2,290,1806,1.9,1609,16.7,45,1424,70.6,19,997.1,1008.1,805,1005,1706,1006.9,14.8,6.9,1300,3.04,20.91,,,,,,8,5.1,25.9,17.6,24.9,24.1,23.2,22.4,22.1,20.2,18.6,14.5,13.4,3.9,5.6,,
108,2019-06-21,22.1,19.4,220,26.1,1503,.92,.2,,.2,,.2,6.9,290,1707,3.7,270,1626,1.7,1496,16.9,55,1451,72.9,19.2,996.1,1007.3,1,1004.1,1723,1005.8,14.8,3.4,1400,2.4,12.51,,,,,,7.3,7.3,25.2,16.6,24,23.7,23.3,22.8,22.6,20.3,18.7,14.6,13.4,3,4.3,.2,
108,2019-06-22,24.2,17.7,501,30.6,1523,,,,,,,6.8,20,1930,2.9,290,1611,1.5,1305,9.8,25,1449,42.3,12.1,996.5,1007.2,8,1004.3,1703,1006.2,14.8,13,1200,3.44,27.01,,,,,,2.1,2.1,28.8,14.9,25.7,24.7,23.6,22.8,22.4,20.4,18.7,14.7,13.4,5.9,8.5,,
108,2019-06-23,25,19.1,554,31,1603,,,,,,,8.3,320,1758,4.4,290,1807,1.8,1540,10.2,28,1408,40.4,12.5,998.2,1009.2,2224,1006.2,1619,1007.9,14.8,12.9,1400,3.15,26.05,,,,,,3,3,30.7,14.3,26.3,25.4,24.4,23.5,22.7,20.5,18.8,14.7,13.4,5.9,8.4,,
108,2019-06-24,25.2,20.9,548,30.9,1440,,,,,,,8.1,270,1547,4.1,290,1909,2,1703,12.6,28,1303,46.9,14.6,1001.9,1014.7,2354,1009.1,8,1011.7,14.8,13.6,1200,3.35,27.57,,,,,,1.6,1.6,32.4,16.5,27.6,26.5,25.2,24,23.1,20.6,18.9,14.8,13.4,6.2,8.8,,
108,2019-06-25,25.6,19.5,517,32.8,1532,,,,,,,7.7,270,1626,4.2,270,1635,1.6,1381,13.2,24,1432,49.1,15.3,1004.2,1016.1,705,1011.8,1619,1013.9,14.8,13.4,1200,3.21,27.13,,,,,,1.3,.3,32.6,13.8,27.8,26.7,25.5,24.5,23.5,20.8,19,14.8,13.4,5.9,8.4,,
108,2019-06-26,25.5,20.7,531,29.5,1533,1.67,0,,0,,0,7.9,90,1519,3.1,160,1447,1.3,1088,14.9,34,1532,52.6,17,998.4,1013.3,1,1003.8,2359,1008.1,14.8,1.1,1400,1.57,12.11,,,,,,9.5,4.4,29.3,14.8,26.2,25.9,25.3,24.6,23.9,21.1,19.1,14.9,13.5,2.7,3.9,1.4,
108,2019-06-27,25.5,21.9,525,31.2,1410,3.33,.5,46,1.3,33,1.4,7.1,270,1535,3.5,270,1701,1.4,1230,19.3,39,1412,70.5,22.4,990.9,1003.8,1,998.3,1435,1000.5,14.8,3.9,1400,2.17,14.79,,,,,,8.3,6.5,29.5,20.2,27.1,26.2,25.2,24.4,23.9,21.3,19.3,15,13.6,3.3,4.7,,
108,2019-06-28,24.7,22.3,2357,29,1546,2.75,0,,0,,0,6.8,270,1647,3.8,270,1744,1.7,1505,18.1,49,2236,67.3,20.9,991.9,1002.6,742,1000.4,1530,1001.6,14.8,2.4,1400,2.31,10.92,,,,,,8.5,6.1,29.6,18.5,26.5,25.7,25.1,24.4,24.1,21.4,19.5,15.1,13.6,2.4,3.4,1.5,
108,2019-06-29,23.1,19.6,726,27.7,1639,8.75,.3,418,.5,341,1.5,6.2,160,1416,3.2,160,1410,1.2,1033,17.5,44,1610,72,20,988.3,1001.9,18,994.3,1716,998,14.8,4.1,1200,2.48,12.49,,,,,,8.1,5.5,24.4,18,25,25,24.6,24.1,23.9,21.6,19.6,15.2,13.7,2.8,4.1,,
108,2019-06-30,23.9,20.9,525,28.5,1248,.17,0,,0,,0,8,180,1625,4.5,200,1500,2.3,1995,18.6,47,1147,73.5,21.5,990.7,1003.2,2350,996.8,1,1000.4,14.7,5.2,1200,2.98,16.32,,,,,,6.9,3.8,28.3,16.6,25.8,25.2,24.4,23.8,23.6,21.5,19.7,15.2,13.6,3.3,4.8,0,
108,2019-07-01,23.9,20.6,417,28.9,1551,,,,,,,8.8,340,1925,5.2,290,1927,2.3,1983,16.2,36,1547,64.4,18.5,995.4,1007.3,2348,1002.9,215,1005.1,14.7,10.9,1200,2.36,20.33,,,,,,4.9,3,29.6,17.5,26.4,25.8,24.8,24.1,23.7,21.6,19.8,15.3,13.7,4.5,6.5,,
108,2019-07-02,24.4,20.8,541,30.1,1428,,,,,,,8.3,200,1600,4.3,320,1902,2.3,1966,16.4,33,1423,63.5,18.7,998.8,1009.8,2328,1007.1,11,1008.5,14.7,11.9,1300,2.7,21.13,,,,,,4,4,30,17.7,27.2,26.3,25.1,24.3,23.9,21.7,19.9,15.4,13.7,4.7,6.7,,
108,2019-07-03,24.1,21.2,435,27.4,1140,,,,,,,6.5,270,1755,3.8,270,1906,1.7,1504,16.6,46,1728,64.6,19,998.1,1010.4,503,1005.9,1611,1007.8,14.7,3.3,1000,2.38,12.62,,,,,,6.4,4.9,26.9,15.9,25.9,25.8,25.2,24.6,24.1,21.7,19.9,15.4,13.7,3.1,4.4,,
108,2019-07-04,25.4,20,535,32.8,1426,,,,,,,8.6,270,1453,4.5,270,1500,1.9,1635,15.5,27,1352,59.6,17.9,996.5,1008.2,717,1004.3,1514,1006.2,14.7,12.7,1200,3.32,27.41,,,,,,2.4,.1,32.8,14.6,28,26.6,25.2,24.3,23.9,21.8,20,15.5,13.7,6.4,9.2,,
108,2019-07-05,27.6,20.2,448,35,1526,.83,0,,0,,0,7.9,320,1547,4.3,320,1555,1.5,1317,12.9,24,1437,42.1,15,993.2,1006,1,1000.2,1743,1002.7,14.7,11.8,1200,3.21,24.78,,,,,,3.8,1.5,32,13.6,28.7,27.6,26.1,25,24.4,21.9,20.1,15.5,13.7,6.1,8.7,0,
108,2019-07-06,29.7,24.6,546,36.1,1535,,,,,,,8.7,160,849,3.9,160,1518,1.7,1426,14.2,24,1415,40.9,16.2,994.1,1006.8,2400,1001.5,21,1003.6,14.7,11.8,1200,3.31,25.87,,,,,,3.4,3.4,37.1,19.2,30.9,29,27.1,25.8,25,22.1,20.2,15.6,13.7,6.7,9.5,,
108,2019-07-07,26.7,22.7,2350,32.5,1520,,,,,,,7.9,140,1924,3.3,70,1857,2.2,1916,12.7,28,1436,43.3,14.7,997.5,1008.3,2359,1005.6,1348,1007.2,14.7,9.8,1400,3.03,22.4,,,,,,7.5,1.5,33.8,21,29.3,28.6,27.4,26.3,25.6,22.4,20.4,15.7,13.9,5.6,8,,
108,2019-07-08,25.1,21.2,502,31,1459,,,,,,,7.8,90,1907,3.3,70,1702,2,1718,12.6,32,1451,46.6,14.6,997.9,1009,353,1005.8,1731,1007.6,14.6,9.3,1400,2.83,20.54,,,,,,6,4.8,32.9,19.8,28.2,27.8,26.9,26.1,25.6,22.7,20.6,15.9,13.9,5.5,7.8,,
108,2019-07-09,25,19.7,530,30,1326,,,,,,,8,50,2046,3.1,70,2313,1.8,1590,12.3,32,1256,46.4,14.3,996.7,1007.9,622,1004.6,1606,1006.4,14.6,7.7,1000,2.65,18.2,,,,,,4.9,4.8,29.8,15.7,27.2,27.1,26.4,25.8,25.4,22.7,20.6,15.9,13.9,4.6,6.5,,
108,2019-07-10,22.7,19.3,2216,27.3,1147,10.83,.7,2019,2.7,2019,8.5,8.2,90,1734,3.3,70,1042,2,1770,14.9,41,1132,64.1,17.1,997.3,1008,738,1006.1,2355,1007.1,14.6,3.1,1100,2.63,13.4,,,,,,8.4,3,26.8,18.4,25.7,26.1,25.9,25.5,25.3,22.9,20.8,16,13.9,2.7,3.8,11.4,
108,2019-07-11,21.9,19.5,1,25.9,1320,10.92,.5,538,1.6,534,2.9,6.1,320,1609,2.8,340,1635,1.3,1117,17.4,58,1311,76.9,19.9,995.2,1006.5,2156,1003.9,1441,1005,14.6,0,1200,1.47,8.59,,,,,,9.9,7,23.2,18.5,23.7,24.3,24.5,24.5,24.7,23,21,16.1,14,2,2.8,0,
108,2019-07-12,23.6,20,353,28.7,1524,,,,,,,8.7,200,1541,4.4,270,1616,2,1747,16.5,44,1445,65.5,18.7,996.3,1007.8,856,1004.3,1645,1006.1,14.6,7,1300,2.87,18.43,,,,,,6.8,6,26.1,19.1,25.6,25.1,24.4,24.1,24.2,22.9,21,16.1,14,3.8,5.4,0,
108,2019-07-13,24.9,22.1,522,29.7,1514,.33,0,,0,,0,7.3,180,1740,3.9,250,1734,1.7,1491,18.1,43,1514,67.3,20.7,992,1005,26,998.8,1713,1001.6,14.6,4.1,1300,2.86,15,,,,,,6.4,5.5,28.3,19.1,26.4,25.9,25.1,24.5,24.4,22.8,21.1,16.2,14.1,3.4,4.9,,
108,2019-07-14,25.9,21.2,455,31.6,1356,,,,,,,7.6,20,1552,3.8,290,1538,1.6,1393,18.1,38,1334,64.6,20.8,992.6,1005,2354,1000.6,1713,1002.2,14.5,7.8,1200,3.33,20.36,,,,,,4.5,4.5,29.4,17.8,27.4,26.9,25.7,24.8,24.5,22.7,21.1,16.3,14.1,4.2,6.1,,
108,2019-07-15,23.8,22.1,2001,27.4,1152,6.83,2.5,1644,4.3,1614,7.7,5.8,290,1354,3,250,1356,1.1,911,19.9,59,1104,80,23.3,997.2,1009.4,2313,1004.6,143,1006.9,14.5,.1,1000,1.14,7.32,,,,,,7.5,5.5,24.6,18.2,25.3,25.7,25.6,25.1,25,22.8,21.1,16.3,14.1,1.5,2.1,12.1,
108,2019-07-16,24.7,21.4,402,28.8,1644,2,3.9,202,4.4,130,6.3,6.6,270,1906,3.4,290,1923,1.3,1152,20.5,52,1536,79,24.1,1000.7,1011.7,2358,1009.3,2,1010.5,14.5,4,1400,2.08,13.41,,,,,,7.3,5.9,25.7,20.7,25.5,25.2,24.8,24.4,24.5,22.9,21.3,16.5,14.2,2.7,3.9,1.9,
108,2019-07-17,25.6,22.3,555,29.2,1546,.42,.6,1136,.7,1125,.7,5.6,270,1243,2.9,270,1637,1.2,994,20.4,54,1518,73.9,23.9,1001.2,1012.2,525,1009.4,1648,1010.9,14.5,1,1400,1.68,11.19,,,,,,9,2.9,26.4,19.8,25.9,25.5,25,24.6,24.7,22.9,21.3,16.6,14.3,2.2,3.2,.7,
108,2019-07-18,26.9,23.3,505,32.1,1515,,,,,,,5.5,290,1804,3.2,290,1811,1.2,1059,19.5,41,1514,65,22.6,998.7,1010.5,4,1005.9,1750,1008.4,14.5,3.2,1200,2.38,12.78,,,,,,6.4,5.5,26.5,20.6,27,26.3,25.4,24.7,24.7,22.8,21.3,16.5,14.2,3.3,4.7,,
108,2019-07-19,28.6,22.8,546,35,1450,.25,0,,0,,0,8.5,180,1727,4.6,160,1736,1.5,1294,19.9,37,1432,61.3,23.2,996.4,1008.3,1,1004.2,1522,1006,14.4,9.8,1100,3.11,21.8,,,,,,4.6,2.3,30.9,19.2,28.5,27.5,26.3,25.3,24.8,22.8,21.3,16.6,14.2,4.8,6.9,1,
108,2019-07-20,28,25.1,846,31.9,1527,7.33,.3,812,.8,756,1.1,9.5,50,1313,3.6,70,815,2.1,1850,21,50,1531,66.9,25,990.8,1005.6,1,997.7,1641,1000.4,14.4,1.2,1200,1.77,10.92,,,,,,9.5,4.8,28.4,22.9,27.6,27.4,26.7,26,25.7,23.2,21.6,16.9,14.5,2.7,3.9,4.3,
108,2019-07-21,25.1,24.2,546,27,3,12.33,.8,1333,1.6,1310,6.2,9.4,180,2225,4.4,230,1705,2.2,1929,22.7,74,1820,87.1,27.7,991.8,1005.6,2324,997.8,241,1001.4,14.4,.6,1500,1.14,6.18,,,,,,9.4,8,26.6,23.3,26.2,26.3,26,25.6,25.5,23.2,21.5,16.8,14.4,1.6,2.2,2.1,
108,2019-07-22,26.7,24.2,355,31,1709,1.25,.1,,.1,,.1,7.2,180,616,3.6,200,1625,2.2,1872,21.6,54,1704,74.6,25.7,996.3,1007,818,1004.4,1723,1006,14.4,6.1,1200,2.49,13.12,,,,,,7.5,5.6,26.9,22.5,27.2,26.6,25.8,25.2,25.2,23.3,21.5,16.9,14.4,2.9,4.2,,
108,2019-07-23,28.1,24.4,158,32.9,1613,,,,,,,7.7,290,1330,3.6,250,1800,1.7,1433,22,48,1526,70.8,26.4,995.3,1006.9,13,1002,1625,1004.9,14.4,4,1300,2.1,13.34,,,,,,8.6,7.3,29.3,20.9,28,27.3,26.3,25.6,25.4,23.3,21.6,16.9,14.4,3.1,4.4,.7,
108,2019-07-24,26.5,25.2,851,27.2,2,11.75,.2,,.6,747,1,6.1,180,305,3.4,180,1059,1.6,1366,23.1,75,1,82.3,28.2,994.5,1005.3,913,1003.1,340,1004.1,14.3,0,1300,.58,3.17,,,,,,9.6,7.9,26.5,24,26.7,26.7,26.4,25.9,25.7,23.4,21.7,17,14.5,1,1.4,2.7,
108,2019-07-25,26.3,25.6,552,27.4,1425,12.38,2.8,1821,5.1,1731,9.7,6.8,180,1811,3.4,160,921,1.2,1074,24.5,79,1,90.1,30.8,994.6,1005.2,921,1003.3,1733,1004.3,14.3,0,1000,.62,3.47,,,,,,9.9,9.1,26.6,24.7,26.6,26.3,25.9,25.5,25.6,23.4,21.7,17.1,14.5,.8,1.2,42.8,
108,2019-07-26,25.1,23.7,927,25.9,1,19,7.4,913,20.7,829,60,8.9,230,521,4.5,200,524,1.7,1488,24.2,91,1557,95.3,30.2,993.9,1004.8,2257,1002.6,245,1003.6,14.3,0,1400,.51,2.35,,,,,,9.9,7.9,25.4,23.2,25.5,25.5,25.3,25.2,25.5,23.6,21.9,17.3,14.6,.8,1.1,25.1,
108,2019-07-27,28.4,24.9,442,33.4,1523,3.5,.4,435,.6,349,.6,6.6,270,1637,3.9,270,1643,1.3,1088,23.5,48,1442,76.6,29,995.7,1006.8,2304,1004.2,157,1005.3,14.3,4.7,1200,2.34,15.31,,,,,,7.6,6.9,29.6,24.1,28.3,27.1,25.9,25.2,25.1,23.5,21.8,17.2,14.5,3.2,4.5,12.6,
108,2019-07-28,26.1,25,1128,28.2,1,15.42,7.1,806,11.3,804,25.6,9.9,180,1728,4.8,200,1729,2.2,1862,23.9,77,16,88.3,29.7,998.2,1009.7,2325,1006.1,158,1007.9,14.2,0,1400,.82,2.87,,,,,,9.8,7.1,26.4,24.1,26.5,26.6,26.3,25.9,25.9,23.6,21.9,17.3,14.6,1.1,1.5,13.5,
108,2019-07-29,27.5,25.6,539,30,1552,.75,.4,43,.5,25,.5,9.3,250,1807,5,200,1701,2.6,2248,22.5,63,1718,74.5,27.2,999.2,1010,823,1007.2,1729,1008.8,14.2,2.6,1400,1.62,9.43,,,,,,8,7.1,27.5,24,27,26.5,26,25.6,25.7,23.8,22,17.2,14.6,2.8,4,.3,
108,2019-07-30,28.1,26.3,721,30.8,1332,3.08,.8,1624,.8,1620,1.2,11.8,180,1229,5.9,200,1126,3.4,2945,23.2,64,1159,75.3,28.5,997.1,1008.2,1,1005.3,1658,1006.7,14.2,1.6,1100,1.9,8.26,,,,,,8.8,8.5,27.2,24.3,27.2,26.9,26.2,25.8,25.8,23.9,22.1,17.4,14.7,2.4,3.5,39.8,
108,2019-07-31,25.8,24,950,27.5,2,14.92,11.9,754,26.3,724,62.3,11.2,200,28,5.3,200,32,2.2,1892,24.2,79,16,91.1,30.1,999.3,1011.3,2329,1007.2,112,1009,14.1,0,1200,.54,3.01,,,,,,9.8,7.4,25.7,23.3,26,26,25.9,25.7,26,23.9,22.3,17.5,14.7,.8,1.2,49.6,
108,2019-08-01,26.3,23.5,906,30.1,1626,8.75,4.4,159,11.3,115,26.9,8.8,290,847,4.6,270,1505,1.7,1437,23.7,66,1137,86.4,29.3,1002,1012.9,854,1010.2,1758,1011.7,14.1,4.9,1100,2.22,13.55,,,,,,7.8,6.8,26.7,22.8,27.2,26.9,26.2,25.7,25.9,24.6,23.4,18.5,14.9,2.6,3.8,.7,
108,2019-08-02,28.4,24.7,432,33.1,1715,,,,,,,6.1,250,1927,3,270,1801,1.2,998,23.1,48,1455,74.6,28.3,1001.8,1013.3,700,1009.1,1701,1011.5,14.1,8.3,1200,2.55,15.74,,,,,,3.5,3,28.8,22.1,28.3,27.9,26.9,26.3,26.1,24.4,23.4,19,14.8,3.6,5.1,,
108,2019-08-03,29.4,25.6,536,36,1411,1.08,2.7,1547,3,1540,3,7.5,320,1717,4.5,320,1717,1.3,1086,22.7,39,1406,69,27.6,1001,1011.6,1,1008.9,1516,1010.6,14,10.6,1300,3.03,21.04,,,,,,3.6,1.9,30.5,22.6,29.9,29,27.8,26.9,26.3,24.3,23.1,18.6,14.7,4.4,6.3,3,
108,2019-08-04,28.3,25,544,34.4,1442,1.67,3.5,1710,8.3,1650,8.6,6.5,200,1607,3.3,270,1554,1.2,1038,23.2,48,1443,75.9,28.6,1000.9,1011.6,951,1009.1,1617,1010.6,14,8.6,1000,2.63,17.53,,,,,,5.8,2.4,29.6,22.8,29.6,28.9,28.1,27.4,26.9,24.4,23,18.4,14.8,3.6,5.1,8.6,
108,2019-08-05,30.5,25.6,528,35.9,1530,,,,,,,6.7,340,1658,3.2,340,1848,1.1,986,22.7,38,1339,65.5,27.6,999.7,1011.5,808,1007.1,1755,1009.2,14,11.2,1300,2.83,20.66,,,,,,2.5,.9,30.5,23.1,30.4,29.4,28.4,27.7,27.1,24.6,23,18.3,14.9,4.6,6.6,,
108,2019-08-06,31.6,27.9,539,36.8,1450,,,,,,,8.5,110,1856,2.8,110,1656,1.5,1287,19.8,31,1452,51.4,23.2,996.9,1008.8,703,1004.2,1630,1006.4,13.9,9.9,1400,2.9,22.91,,,,,,6.8,.9,31.7,24.8,31.3,30.4,29.1,28.3,27.5,24.7,23,18.2,14.9,5.2,7.4,7.4,
108,2019-08-07,26.9,23.9,756,30.3,1801,10.42,.6,657,2.3,640,8,5.2,250,756,2.8,270,738,1.2,1008,22.6,51,1,78.1,27.4,995.6,1007,2354,1003.8,213,1005.2,13.9,1.9,1500,1.3,6.91,,,,,,8,5.1,27.5,23,27.8,28.4,28.3,28.2,27.9,25.1,23.2,18.4,15,1.6,2.2,.6,
108,2019-08-08,28.9,25.9,602,32.7,1504,.25,0,,0,,0,7.9,270,1412,3.6,290,1431,1.6,1358,22.9,52,1347,71.4,27.9,998.3,1009,1033,1006.6,1531,1007.9,13.9,7.5,1000,2.5,15.87,,,,,,6.6,5,29.7,23.5,28.9,28.5,27.8,27.5,27.3,25.1,23.2,18.3,15,3.6,5.2,0,
108,2019-08-09,29.8,26,601,34.6,1704,,,,,,,7.7,320,1724,4.1,320,1453,1.3,1147,23.2,46,1551,69,28.4,997.7,1008.6,17,1005.4,1749,1007.2,13.9,10.8,1100,2.48,19.37,,,,,,4.9,3.1,30.3,23.5,29.8,29.2,28.3,27.7,27.3,25.1,23.2,18.3,15,4.2,6,,
108,2019-08-10,31.5,26.6,545,36.5,1450,,,,,,,8.2,160,1649,3.4,140,1653,1.5,1307,21.6,40,1623,57.9,25.9,996,1007.6,7,1002.9,1707,1005.5,13.8,11.6,1200,3.05,22.69,,,,,,5.1,.8,33.1,24.4,31,30.1,28.9,28.2,27.5,25.1,23.2,18.2,15,5.7,8.1,,
108,2019-08-11,30.4,26.3,600,35.7,1546,4.08,1.8,2356,5.7,2313,6.7,10.5,90,1155,4.1,110,1143,2.5,2143,19.4,34,1547,53.6,22.6,992.2,1005.7,1,998.6,1612,1001.7,13.8,9.8,1200,3.15,21.52,,,,,,6.8,3.5,33.2,23.4,30.4,29.9,29.1,28.6,27.8,25.2,23.3,18.2,15,5.2,7.4,43.8,
108,2019-08-12,26.6,24.8,127,28.5,1638,17.92,4,2131,12.3,1,56.2,6.4,70,139,2.3,70,113,1.3,1114,25,79,452,91.8,31.8,990.7,1002.1,2129,998.2,337,1000.3,13.7,.3,1600,.9,4.8,,,,,,8.9,6.1,26.8,23.2,27.2,27.8,27.9,28,27.7,25.4,23.5,18.4,15.2,1.1,1.6,19.1,
108,2019-08-13,29.2,25.1,658,35.3,1604,.25,6.4,2210,6.4,,6.4,9.5,250,2212,4.7,200,2215,1.5,1259,24.3,43,1555,76.9,30.4,992.7,1003.4,644,1000.7,1605,1002.3,13.7,7.3,1400,2.52,16.91,,,,,,7.4,7,30.7,24.4,29.5,28.8,27.9,27.6,27.4,25.7,24,18.6,15.2,3.9,5.6,6.4,
108,2019-08-14,30.4,25.9,549,35.7,1345,,,,,,,8.1,70,2209,3.1,160,1448,1.5,1333,22.2,42,1337,63.9,26.8,990.2,1003.1,1,997.2,1812,999.7,13.7,9.2,1300,3.25,20.99,,,,,,4,3.3,30.5,23.8,30.3,29.8,28.8,28.3,27.7,25.6,24,19,15.1,4.7,6.7,.1,
108,2019-08-15,25.9,23.9,2334,28.6,1,9.75,2.3,1247,8.1,1237,16.2,6.7,50,529,2.7,270,1910,1.3,1109,22.3,61,202,82,27.1,983.8,997.3,1,990.8,1823,993.3,13.7,.1,1400,.8,5.51,,,,,,9.1,5.5,27,22.4,27.3,27.9,28,28.2,28.1,25.9,24.2,19.1,15.3,1.1,1.6,16.2,
108,2019-08-16,25.9,23,526,29.5,1414,1.5,.1,,.1,,.1,11.5,290,1654,5,230,1457,2.2,1893,20.8,59,1813,74.5,24.6,985.6,999.7,2400,991.4,121,995.1,13.6,7.5,1400,2.09,14.1,,,,,,6.3,5.6,27.3,21.6,27.2,27.3,27.1,27.3,27.4,25.9,24.2,19.1,15.3,3.4,4.8,0,
108,2019-08-17,25.9,23.4,2357,28.8,1539,.25,0,,0,,0,7.9,270,1518,4.6,270,1552,2.5,2199,19.6,45,1746,69.5,23,991.5,1004.2,2348,999.5,126,1001.1,13.6,8.1,1500,1.74,13.25,,,,,,5,4.4,26.9,20.3,26.7,27,26.9,27,27.2,25.8,24.3,19.2,15.3,3.2,4.6,0,
108,2019-08-18,25.6,22.6,549,30.7,1558,,,,,,,5.9,290,1050,3.2,270,1032,1.7,1465,18.4,37,1402,66.5,21.2,996.9,1008.4,2345,1004.2,1,1006.5,13.5,10.7,1300,2.54,18.61,,,,,,4.5,3.1,28.1,19,26.7,26.8,26.5,26.6,26.8,25.7,24.3,19.2,15.4,4,5.7,,
108,2019-08-19,26.3,21.2,552,31.3,1532,,,,,,,5.1,320,1655,2.7,340,1918,1.1,909,17.5,35,1631,60.6,20,999.7,1010.4,907,1008.1,1608,1009.5,13.5,11.1,1300,2.56,18.16,,,,,,4.6,1.8,27.2,17.6,26.9,26.9,26.5,26.6,26.6,25.6,24.2,19.2,15.4,3.8,5.4,,
108,2019-08-20,28.2,23.2,555,32.8,1450,,,,,,,6.2,50,950,3.2,160,1716,1.5,1272,18.3,39,1443,56.3,21.1,999.9,1011.3,646,1007.7,1706,1009.5,13.5,10.5,1300,2.8,21.06,,,,,,2.6,1.5,30.2,20.5,28.1,27.7,26.9,26.7,26.5,25.5,24.2,19.2,15.4,4.5,6.4,,
108,2019-08-21,27,24.4,633,30.4,1159,4.92,.3,2056,.5,1750,1.3,5.9,270,1437,3.2,340,1801,1.2,1062,20.1,49,1059,67.3,23.7,998.5,1009.3,935,1007.1,1739,1008.2,13.4,3.2,1100,2.2,11.43,,,,,,7.6,5.6,29.2,21.3,27.5,27.6,27.2,27.1,26.9,25.4,24.2,19.2,15.5,2.5,3.6,1.3,
108,2019-08-22,26.9,23,444,31.4,1355,,,,,,,7.9,290,1706,4.4,270,1806,1.7,1463,19.5,36,1353,66.5,22.7,996.5,1008,1,1004.6,1443,1006.2,13.4,10.7,1200,3.07,23.16,,,,,,6.3,3.1,31.5,20,28.3,27.9,27.1,26.9,26.7,25.4,24.1,19.2,15.5,5.1,7.2,,
108,2019-08-23,26.2,22.7,628,30.5,1433,,,,,,,8.1,290,1754,4.4,270,1638,2.1,1847,16.8,28,1321,58.4,19.3,998.4,1009.4,2303,1006.8,5,1008.1,13.4,12,1200,3.22,23.84,,,,,,4.4,2.1,31.7,18.4,28.6,28.3,27.5,27.3,26.9,25.4,24.1,19.3,15.6,5.5,7.9,,
108,2019-08-24,24.1,21.5,433,27.3,1504,,,,,,,6.5,290,1647,3.5,270,1646,1.5,1255,15.9,46,1843,60.9,18.2,1000.6,1011.6,2143,1009.2,26,1010.4,13.3,3,1400,1.41,8.25,,,,,,5.5,.9,26.7,16.6,25.6,26.4,26.6,26.9,26.9,25.5,24.2,19.4,15.7,2.2,3.2,,
108,2019-08-25,25,20.2,543,29.9,1445,,,,,,,7.4,270,1604,4,290,1530,1.5,1295,17.9,43,1335,66.6,20.5,1002.8,1013.6,955,1011.2,48,1012.6,13.3,9.9,1400,2.71,17.85,,,,,,3.4,3.4,30.9,16.2,26.2,26.2,25.9,26.1,26.1,25.4,24.2,19.4,15.7,3.9,5.6,,
108,2019-08-26,26.4,21.5,619,32.1,1537,,,,,,,6,180,1146,4,200,1406,1.2,1047,18.4,34,1557,63.8,21.2,1002,1013.7,704,1009.4,1718,1011.7,13.2,9.2,1300,2.9,18.4,,,,,,6.4,3.6,31.5,17.9,27.6,27.1,26.3,26.3,26.1,25.3,24.2,19.5,15.8,3.6,5.1,20,
108,2019-08-27,25.7,22.2,622,29.3,1643,6.17,5.8,439,16.7,416,20,5.1,20,1128,2.5,270,2354,1,888,19.5,44,1646,71.1,22.9,997.7,1010.7,1,1004.9,1727,1007.4,13.2,5.6,1200,1.85,13.22,,,,,,8.1,3.8,26.4,20.7,26.8,26.9,26.5,26.4,26.3,25.3,24.2,19.5,15.8,2.8,4,,
108,2019-08-28,26.1,23.6,621,30.2,1509,,,,,,,7.3,160,2024,4.3,180,1836,1.9,1622,18.9,37,1514,66.2,21.9,996.6,1007.4,957,1004.5,1649,1006.2,13.2,,,,,,,,,,5.9,4.1,27.7,21.3,27,26.8,26.4,26.4,26.2,25.2,24.1,19.5,15.8,2,2.9,,
108,2019-08-29,23.4,20.1,1113,26.4,1635,3.33,7.6,1037,29.4,1027,36.9,12.1,200,1039,7.5,200,1040,2.2,1902,19,54,1722,77.1,22,995.9,1007.2,1059,1004.2,1831,1005.7,13.1,4.9,1500,1.94,,,,,,,5.6,3.8,25.9,17.9,25,25.3,25.5,26,26.3,25.2,24.1,19.6,15.9,2.2,3.2,36.9,
108,2019-08-30,22.6,19.5,528,27,1427,2,.2,,.2,,.2,8.6,200,1620,5,200,1624,2.4,2060,15.6,42,1258,66.3,17.8,998.8,1011.1,2328,1006.7,2,1008.6,13.1,8.8,1100,2.62,17.84,,,,,,5.3,5.3,24.1,15.8,24.5,24.7,24.7,25.1,25.5,25.1,24.1,19.6,15.9,4,5.7,.2,
108,2019-08-31,23.5,18.5,614,28.9,1617,,,,,,,7.5,270,1335,4.7,250,1340,1.9,1673,16.1,38,1625,65,18.3,1003.4,1015.6,2313,1011,2,1013.2,13.1,12.1,1300,2.72,21.07,,,,,,2.3,1.8,25,15,24.9,25,24.7,25,25.2,25,24.1,19.6,16,4.3,6.1,,
108,2019-09-01,23.7,19.2,602,27.8,1538,,,,,,,5.6,110,1200,2.9,90,1037,1.4,1193,15.9,37,1359,64,18.1,1006.8,1017.8,857,1015.4,1836,1016.7,13,6.9,1000,2.34,15.17,,,,,,6.1,2.4,23.8,15.9,24.5,24.9,24.8,25.1,25.3,24.9,24,19.7,16,3.1,4.4,,
108,2019-09-02,24.4,19.4,642,29.7,1432,,,,,,,6.4,270,1725,3.5,290,1707,1.6,1346,14.7,34,1358,56.6,16.7,1006.5,1017.8,624,1014.2,1628,1016.3,13,7.4,1000,2.57,16.85,,,,,,6.1,2.1,24.8,15.9,25.1,25.2,24.8,25,25.2,24.8,24,19.8,16,3.7,5.3,0,
108,2019-09-03,24.1,22,632,28,1504,2.33,0,,0,,0,7.4,340,2219,3.8,360,2136,2.3,1986,17.5,50,1259,67.6,20,1005.3,1016.4,943,1013.4,1458,1015.1,12.9,2.9,1200,1.96,11.6,,,,,,8.5,5.6,26.3,19,25.3,25.3,25,25.1,25.3,24.7,24,19.9,16.2,2.9,4.1,1.8,
108,2019-09-04,22.8,21.2,821,25.5,1609,11.58,2.3,1830,6.8,1801,22.7,7.8,340,1115,4.5,20,1137,2.5,2174,20.7,73,547,89,24.6,1003.1,1014.9,1,1011.4,1443,1012.9,12.9,1.1,1500,1.57,5.68,,,,,,9.3,5.1,23.5,20.1,23.9,24.6,24.6,24.9,25.4,24.8,24,20,16.3,1.1,1.6,21.9,
108,2019-09-05,23,21.5,1700,27.6,1221,9.17,6,1431,18.4,1345,36.4,8.4,360,1731,5,360,1732,2,1752,21.3,66,1209,91.4,25.4,1001.9,1013,714,1010.1,1728,1011.7,12.9,1.5,900,1.53,6.07,,,,,,9,5.8,23.7,20.4,24,24.6,24.5,24.8,25.1,24.6,23.9,19.9,16.2,1.4,1.9,35.4,
108,2019-09-06,25.3,21.6,1,29.1,1358,7.08,1.8,2059,2.1,2051,2.4,6.5,340,1129,3.4,360,2359,2.1,1843,21.4,63,1348,79.8,25.6,999.2,1011.6,1,1006.3,2354,1008.9,12.8,.4,1300,1.59,9.29,,,,,,10,6.1,25.5,20.6,25.4,25,24.4,24.6,24.9,24.7,24.2,20.4,16.3,2.6,3.7,2.9,
108,2019-09-07,25.7,22.6,2011,29.5,1152,17.92,.3,1231,.6,1458,2.8,28.3,140,1503,11.8,110,1511,6,5161,20.2,58,1035,72.9,23.7,987.7,1006.3,1,987.7,1314,997.3,12.8,0,1100,.78,2.95,,,,,,10,7.1,24.1,21.5,24.6,24.9,24.7,24.8,25.2,24.5,24.1,20.7,16.4,2.3,3.3,2.3,
108,2019-09-08,24.7,22.9,632,27.3,1403,.58,0,,0,,0,8.8,160,7,4.8,140,12,1.9,1680,20.2,62,1025,76.9,23.6,998.3,1010.1,2258,1005.5,1,1008,12.7,1.4,1000,1.83,9.31,,,,,,9.3,4,25.1,21.1,25,24.8,24.4,24.6,25,24.5,24.1,20.5,16.4,1.9,2.8,0,
108,2019-09-09,25.1,22.4,605,28,1225,2.17,0,,0,,0,6.4,110,1301,3.6,90,1304,1.7,1510,20,55,1534,74.3,23.4,1000.6,1011.5,857,1008.9,1438,1010.4,12.7,2,1100,2.1,10.04,,,,,,9.3,4.5,25.2,20.6,25.4,25.3,24.8,24.8,25.1,24.5,23.9,20.5,16.5,2.3,3.3,32.3,
108,2019-09-10,23.8,22.1,644,26.5,1235,19,6,2140,11,443,63.2,8.8,70,2305,4,70,2240,2.4,2056,22.5,73,1,93.4,27.3,1001.7,1013.2,939,1010.2,1708,1011.5,12.7,1,1000,1.68,5.74,,,,,,9.8,7.1,24.4,21.5,24.8,25,24.8,24.9,25.3,24.4,23.9,20.4,16.5,1.3,1.9,38.5,
108,2019-09-11,24.3,20.4,621,28.7,1323,6.67,.9,203,2.6,14,7.6,9.4,20,2200,4.7,360,1928,3.1,2656,18.4,54,1304,71.4,21.3,1004.6,1016.3,2226,1011.1,149,1014.4,12.6,6.9,1000,2.7,16.56,,,,,,7.9,6.4,24.9,19.7,25.5,25.4,24.9,24.9,25.1,24.5,24.1,21.4,16.5,4.1,5.9,,
108,2019-09-12,21,18.7,2122,22.9,2,10.5,.4,1802,1.4,1740,3.9,8.8,20,625,4.8,360,56,2.6,2253,15.5,56,1049,72.3,17.7,1006.6,1017.9,1014,1015.5,1537,1016.6,12.6,0,1000,.81,4.09,,,,,,9.8,5.9,21.9,17.3,22.9,23.8,24.3,24.8,25.3,24.6,24.2,21.6,16.7,1.8,2.6,4,
108,2019-09-13,23.3,18.3,453,29.3,1555,.83,.1,,.1,,.1,7.5,20,753,3.5,360,749,1.7,1503,14.6,34,1538,60.4,16.7,1003.6,1015.9,1,1011.4,1507,1013.5,12.5,10.9,1100,2.9,21.35,,,,,,4.3,3.3,24.4,17.2,24.4,24.1,23.7,24,24.5,24.4,24,21.2,16.7,3.9,5.6,,
108,2019-09-14,22.4,20.8,2353,24.1,1138,3,.3,1448,.3,1358,.3,5,140,1246,2.9,140,1254,1.2,1071,18.5,61,1108,80,21.5,1001.6,1012.4,2152,1009.8,1545,1011.4,12.5,.2,1000,.73,3.34,,,,,,8.8,6,22.9,17.4,23.5,24.1,24.1,24.4,24.9,24.5,24.1,21.2,16.9,1.1,1.6,.3,
108,2019-09-15,24.2,19.5,638,30,1636,,,,,,,6.7,290,1818,4.1,270,1818,1.7,1503,18.1,40,1540,70.4,20.8,1000.8,1012.6,932,1008.2,1656,1010.6,12.5,10.6,1100,2.58,18.19,,,,,,5.5,4.9,25.2,15.9,25.1,24.7,24.1,24.2,24.4,24.2,23.8,20.9,16.8,3.6,5.1,,
108,2019-09-16,24.5,20.7,630,30.5,1608,,,,,,,8.3,320,1100,4.5,340,1107,2.1,1813,13.4,28,1410,53,15.6,1001,1012.8,2343,1009.3,1520,1010.8,12.4,9.4,1200,2.92,19.91,,,,,,3.6,2.8,27.4,14.6,25.5,25.5,24.8,24.7,24.7,24.2,23.8,20.8,16.8,5.6,8,,
108,2019-09-17,23.5,18,611,29,1549,,,,,,,7.6,360,936,4.4,270,1803,2.1,1834,9.3,24,1411,41.6,11.7,1004.7,1016.2,911,1012.7,1,1014.5,12.4,10.6,1200,3.02,20.01,,,,,,6.4,2.5,25.4,13.9,24.1,24.4,24.3,24.5,24.6,24.1,23.7,20.6,16.8,4.8,6.8,,
108,2019-09-18,21,16,2358,25.4,1328,,,,,,,8.6,200,1515,4.9,250,1422,3.1,2655,8.3,27,1623,46,11.3,1006.7,1018.7,2358,1014.4,58,1016.6,12.4,11.7,1200,3,21.9,,,,,,1.1,.9,25.4,9.4,23.7,24.3,24.2,24.3,24.4,24,23.6,20.6,16.8,5.6,8.1,,
108,2019-09-19,19.5,13.6,445,26,1554,,,,,,,7.5,230,1503,4.3,250,1512,1.9,1638,7.5,32,1609,46.5,10.5,1008.2,1020.4,837,1016.3,1700,1018.2,12.3,10.2,1200,2.74,19.83,,,,,,3.5,.6,23.3,8,22,22.9,23.2,23.7,23.8,24,23.6,20.6,16.9,4.1,5.9,,
108,2019-09-20,19.6,15.8,439,24.2,1341,,,,,,,6.5,320,1319,3.5,340,1246,2.1,1778,9.6,39,1336,52.8,12,1007.5,1019.4,2145,1016.3,1454,1017.5,12.3,1.3,1200,1.72,8.64,,,,,,9.4,8.4,21.5,9.6,21.1,22.1,22.5,23.2,23.5,23.9,23.6,20.6,17,2.7,3.9,,
108,2019-09-21,19.6,18.3,530,22.1,1242,,,,,,,6.4,340,1357,3.7,90,1632,2,1722,11.6,48,1210,60.3,13.7,1009.1,1020.1,910,1017.6,1435,1019.1,12.2,0,1200,1.06,4.44,,,,,,9.6,9.1,20.8,15.9,20.8,21.6,22.1,22.7,23.2,23.7,23.5,20.7,17.1,1.9,2.7,.2,
108,2019-09-22,18.6,17.3,558,19.6,1117,6.33,.1,,.2,,.4,12.7,320,1827,6.4,340,1925,3.8,3246,11.4,54,2321,63.4,13.5,1003.2,1019.5,1,1009.9,2325,1013.1,12.2,0,900,.43,3.2,,,,,,9.4,5.5,18.5,14.4,19.6,20.7,21.4,22.2,22.9,23.6,23.5,20.7,17.1,2.6,3.6,.2,
108,2019-09-23,20,16.9,636,24.6,1655,,,,,,,8.6,320,52,5,320,136,2.2,1882,9.2,33,1308,51.1,11.7,1004.4,1017.4,2256,1009.8,7,1014.3,12.2,9,1100,2.94,16.92,,,,,,3.1,2.9,20.2,10.2,20.9,21.3,21.2,21.6,22.2,23.2,23.3,20.5,17,3.4,4.9,,
108,2019-09-24,19.8,13.9,625,26.5,1443,,,,,,,6.3,230,1328,3.5,230,1625,1.8,1586,11.4,31,1412,61.3,13.5,1008.6,1020.3,2335,1017.1,30,1018.6,12.1,11.4,1200,2.84,20.17,,,,,,0,0,23,8.8,21.1,21.4,21.4,21.7,22,23,23.1,20.5,17,4.2,6,,
108,2019-09-25,20.9,14.8,617,27.4,1433,,,,,,,4.7,320,1206,3,200,1817,1.4,1221,13.4,34,1425,64.4,15.5,1011.7,1023.4,2239,1020.2,1,1021.7,12.1,8.8,1100,2.51,16.44,,,,,,5.9,0,23.4,9.5,21.7,21.9,21.7,21.9,22.1,22.8,23,20.6,17.1,3.1,4.4,,
108,2019-09-26,22.9,17.7,618,29,1407,,,,,,,6,20,1446,3.3,340,1110,1.9,1599,13.7,31,1408,59.3,15.8,1013.6,1024.9,833,1022.3,1552,1023.5,12,8.1,1200,2.44,15.5,,,,,,8.4,1.8,25.1,13,23,22.8,22.2,22.3,22.3,22.7,23,20.6,17.2,3.5,5,,
108,2019-09-27,22.9,19.6,609,27,1421,,,,,,,5.1,360,1052,3.1,290,1716,1.9,1601,13.6,35,1324,57.5,15.6,1012.1,1024.1,900,1019.7,1622,1022,12,3.5,1000,1.7,10.42,,,,,,8.6,4.6,24.4,14.4,22.9,23,22.6,22.6,22.6,22.7,22.8,20.6,17.2,2.8,4,,
108,2019-09-28,23.7,19.4,656,29.2,1410,,,,,,,5.6,270,1455,3.3,250,1503,1.7,1466,14.7,35,1345,58.9,16.8,1008.1,1020.1,2,1015.9,1557,1018,12,10.1,1200,2.64,15.97,,,,,,3.8,1.8,25.8,14.4,23.7,23.4,22.7,22.7,22.6,22.6,22.6,20.4,17.1,3.3,4.8,,
108,2019-09-29,22.6,17.9,623,28.6,1502,,,,,,,7.6,200,1233,4,270,1317,1.7,1476,13.7,28,1621,60.6,15.8,1006.7,1017.9,900,1014.6,1616,1016.6,11.9,11.1,1200,2.73,18.83,,,,,,.3,0,24.7,11.3,23.2,23.3,22.8,22.8,22.8,22.6,22.6,20.4,17.2,4.3,6.2,,
108,2019-09-30,22.4,16.4,631,29.9,1445,,,,,,,5.5,110,1248,3.4,200,1823,1.6,1351,13.6,29,1336,61,15.7,1006.8,1017.8,2332,1015.2,1533,1016.7,11.9,10.5,1200,2.69,18.37,,,,,,0,0,24.3,10.3,23,23.1,22.7,22.8,22.7,22.6,22.6,20.4,17.2,4,5.7,,
108,2019-10-01,23.1,17.6,622,28.2,1536,,,,,,,6.9,140,1950,4.4,140,1953,1.8,1587,16.4,46,1123,67.1,18.7,1007.9,1019.4,959,1016.8,2350,1017.8,11.8,7.5,1100,1.93,13.05,,,,,,6.8,3.4,24.5,12.3,23.2,23.1,22.8,22.9,22.8,22.7,22.6,20.5,17.3,2.8,3.9,4.6,
108,2019-10-02,21.6,20,2330,24.2,1112,14.17,1.9,359,4.6,330,23.1,9,20,2120,5.5,360,2124,3,2607,19.4,66,1107,88,22.5,1001.7,1017.1,107,1004.1,2358,1011.5,11.8,0,1000,.58,3.4,,,,,,9.9,5.8,22.2,18.4,22.5,23.1,23.1,23.2,23.3,22.9,22.7,20.7,17.5,1,1.5,23.1,
108,2019-10-03,22.4,19.8,452,27.3,1435,8.33,.5,23,2,11,4.6,9.6,340,29,4.9,290,1453,2.8,2423,17,45,1624,73.4,19.4,996.4,1010.9,2350,1002,339,1006.2,11.8,6,1300,1.95,10.14,,,,,,6.3,4.4,22.6,15.9,22.7,22.7,22.4,22.6,22.9,22.8,22.7,20.6,17.5,2.6,3.7,,
108,2019-10-04,22.4,18,636,27.8,1442,,,,,,,7.1,180,1616,3.9,180,1653,2.1,1833,16.8,50,1537,71.5,19.1,1002.4,1013.5,1018,1010.8,18,1012.3,11.7,9.9,1200,2.33,16.23,,,,,,3.6,2.8,22.9,14.7,22.9,22.8,22.5,22.6,22.8,22.7,22.5,20.5,17.4,3.1,4.5,.6,
108,2019-10-05,18.7,14.7,2358,21.9,1439,3.13,.5,713,.5,702,.6,9.4,20,1948,4.6,360,1916,2.9,2483,13.5,59,1439,72.6,15.8,1006.1,1021.3,2342,1012.7,559,1016.1,11.7,2.3,1200,1.66,8.24,,,,,,7,5.8,20.8,12.2,21.7,22.4,22.5,22.8,23.2,22.8,22.7,20.7,17.6,2.5,3.6,0,
108,2019-10-06,18.1,13.2,604,22.7,1444,,,,,,,8.5,360,826,4.8,360,842,2.9,2465,8.2,38,1321,53.4,11,1012.3,1024.5,923,1021.1,2,1022.4,11.6,9.4,1000,2.36,16.17,,,,,,6.1,2.9,19.1,10.6,19.6,20.4,21,21.7,22.5,22.7,22.5,20.5,17.5,3.1,4.4,10.4,
108,2019-10-07,14.8,13.3,2309,17.9,1,17.17,1.2,853,5.6,853,25.4,5.9,360,500,3.6,20,901,1.8,1598,13.4,58,24,92,15.4,1007.9,1021.2,1,1015.7,1738,1018.1,11.6,0,1200,.28,1.49,,,,,,9.5,7,16.7,10.3,17.9,19.2,20.2,21.2,22.6,23,23,20.9,18,.6,.8,15,
108,2019-10-08,14.7,10.6,2331,19.8,1442,,,,,,,9.1,250,1426,6.2,250,1156,2.6,2205,5.5,26,1345,58.8,9.5,1008.2,1022.2,2226,1016,329,1018.4,11.6,10.3,1200,2.69,16.78,,,,,,2.6,2,16.7,4.7,17.5,18.4,19,,21,22.3,22.4,20.4,17.5,3.9,5.6,,
108,2019-10-09,13.6,7.7,704,20.4,1441,,,,,,,6.5,200,1200,3.8,200,1256,1.7,1431,2.2,23,1324,48.3,7.2,1009.5,1022.2,5,1016.9,1646,1019.7,11.5,10.6,1200,2.63,17.42,,,,,,1.9,0,14.1,2.5,15.8,17,18.1,21.4,20.3,21.9,22.3,20.3,17.5,3.4,4.9,,
108,2019-10-10,15.2,10.7,215,19.8,1508,,,,,,,5.3,250,2340,2.8,270,2329,1.3,1122,7.4,39,1321,60.9,10.4,1006.3,1018.5,1,1014.5,1423,1016.5,11.5,1.1,1300,1.78,8.06,,,,,,9,6,16,5.3,16.4,17.1,17.8,20.8,19,21.7,22.3,20.4,17.6,1.7,2.4,,
108,2019-10-11,18.8,13,659,26.1,1548,,,,,,,8.7,50,2015,4.9,360,2136,1.9,1664,10.2,30,1542,60,12.5,1005.2,1017,2334,1013.1,1425,1015.2,11.4,10.3,1200,2.45,16.44,,,,,,.9,0,18.4,8.6,18.4,18.4,18.4,20.2,,,,,,3.8,5.5,,
108,2019-10-12,17.9,13.3,2346,23.3,1319,,,,,,,14.5,340,1132,6.7,360,1140,3.5,3006,6.7,34,1319,49.3,9.8,1008,1020.8,2240,1016.1,318,1018.1,11.4,10.5,1200,2.54,17.37,,,,,,.6,.6,18.2,7.9,18.2,18.7,18.9,21,20,21.2,21.9,20.2,17.8,4.7,6.7,,
108,2019-10-13,17.2,12.1,413,23.8,1517,,,,,,,7.4,360,813,4.1,360,950,1.9,1605,7,32,1450,52.6,10,1012.2,1023.6,854,1020.6,42,1022.4,11.4,10.6,1100,2.47,16.52,,,,,,2.1,1.3,17.8,7.2,17.8,18.2,18.5,20.7,19.9,21.1,21.8,20.2,17.7,3.2,4.6,,
108,2019-10-14,14.4,9.5,2358,19.6,1410,,,,,,,9,270,827,5.1,270,835,2.5,2117,5.3,33,1606,56.9,9.2,1014.8,1028,2257,1023,308,1025.1,11.3,10.1,1200,2.35,14.54,,,,,,1.9,.8,17.1,4,17.1,17.9,18.3,20.1,19.8,21,21.6,20.2,17.8,3.3,4.8,,
108,2019-10-15,14.5,8.8,155,20.4,1355,,,,,,,9,340,856,4.3,360,900,1.6,1413,5.4,38,1401,55.6,9.1,1017.6,1029.6,834,1026.3,1713,1027.9,11.3,7.7,1100,2.48,14.07,,,,,,3,3,14.5,3.6,16,17,17.6,19,19.3,20.8,21.5,20.2,17.7,2.5,3.6,,
108,2019-10-16,14.6,9,656,20.8,1450,,,,,,,6.4,200,1520,3.6,200,1525,1.6,1387,5.7,32,1427,58.3,9.2,1016,1028.4,151,1024.2,1552,1026.3,11.2,9.8,1200,2.52,15.6,,,,,,5.3,2.3,16.3,4,16.1,16.9,17.4,19.6,18.9,20.6,21.4,20.2,17.7,3,4.3,,
108,2019-10-17,15.4,11.2,600,21.6,1532,,,,,,,6.9,70,1652,3.5,70,1548,1.7,1494,6.1,31,1533,56,9.4,1014.1,1025.5,7,1022.7,1742,1024.3,11.2,7.4,1000,1.86,12.02,,,,,,4.8,4,17.2,6.4,16.6,17.2,17.5,20.1,18.8,20.4,21.3,20.2,17.8,2.8,3.9,,
108,2019-10-18,17,12,419,22.7,1336,,,,,,,8.3,20,1306,4.3,20,1312,2.4,2075,8.5,43,1302,58.3,11.2,1011.9,1025.2,148,1019.7,1621,1022,11.2,8,1200,2.01,12.08,,,,,,7.1,4.4,17.4,7.2,16.9,17.3,17.4,20,18.7,20.2,21.1,20.1,17.7,2.9,4.1,,
108,2019-10-19,17,12.1,710,23.1,1546,,,,,,,6.3,250,1418,3.7,230,1253,1.8,1513,9.5,38,1524,63.8,12,1010.4,1021.6,854,1019.2,1512,1020.5,11.1,10.2,1100,2.3,15.17,,,,,,.8,.8,17.5,6.4,17.5,17.8,17.8,19,18.7,20,20.9,20,17.7,2.8,4,,
108,2019-10-20,16.5,12,642,22.9,1438,,,,,,,5.6,230,1756,3,140,1314,1.3,1149,10.5,38,1538,70.3,12.7,1011.4,1023.8,858,1019.8,1628,1021.6,11.1,9.3,1200,2.29,14.67,,,,,,.6,.6,18.1,6.3,17.5,17.9,17.9,,18.7,19.9,20.8,20,17.7,2.6,3.7,,
108,2019-10-21,17.1,10.9,637,24.6,1443,,,,,,,4.2,340,1353,2.4,320,1650,1,901,8.6,28,1443,61,11.3,1008.5,1020.9,1,1016.3,1643,1018.6,11.1,9.6,1100,2.2,14.4,,,,,,2.1,0,15.9,5.1,16.7,17.3,17.6,18.8,18.7,19.8,20.7,20,17.7,2.9,4.1,,
108,2019-10-22,18.1,13.3,700,24.4,1431,,,,,,,6.3,50,1141,3.3,70,1142,1.6,1403,8.8,35,1346,56.1,11.3,1007.5,1019.1,849,1015.9,1419,1017.6,11,9.1,1200,2.15,13.66,,,,,,4.4,.6,18.3,8.1,17.9,18,17.8,18.6,18.7,19.7,20.6,20,17.8,2.7,3.9,,
108,2019-10-23,17,14.3,649,20.7,1414,,,,,,,7.6,50,2232,4.4,70,2233,2.4,2033,8.2,42,1332,57.3,10.9,1008.9,1020.4,2147,1017.8,29,1019,11,.7,1300,1.33,8.08,,,,,,8,.3,17.3,8.3,17.2,17.7,17.8,18.7,18.9,19.7,20.5,20,17.8,2.4,3.4,,
108,2019-10-24,18.3,15.3,217,23.8,1504,,,,,,,9.7,140,1302,5.1,70,1310,2.7,2301,6.7,33,1445,47.6,9.8,1009.1,1020.9,829,1017,1450,1019.2,10.9,6.6,1200,2.24,11.56,,,,,,4.5,4.5,19.4,8.8,17.9,17.9,17.7,18.6,18.8,19.7,20.5,20.1,17.9,3.5,5,,
108,2019-10-25,16.7,13.1,2357,22,1228,1.08,0,,0,,0,9.5,290,2226,5.6,270,2050,2.4,2107,7.9,34,1215,58,10.8,1007.4,1019.1,816,1015.8,1424,1017.5,10.9,7.1,1200,2.11,12.29,,,,,,6.6,4.3,17.2,6.6,17.5,17.7,17.7,18.5,18.6,19.5,20.2,19.8,17.7,2.9,4.1,0,
108,2019-10-26,10,6.6,732,14.9,1327,,,,,,,9.4,250,437,5.2,320,157,2.5,2193,2.3,39,1312,60,7.2,1008.5,1020.6,914,1017.5,1628,1018.9,10.9,8.7,1100,2.39,13.08,,,,,,2.3,.4,12.6,2.9,15.3,16.6,17.2,18.3,18.5,19.5,20.2,19.8,17.8,2.2,3.2,,
108,2019-10-27,11,4.7,729,17.4,1515,,,,,,,7.6,320,1303,4.2,290,1557,1.6,1404,2.7,34,1059,59,7.5,1009.1,1021,942,1017.9,1723,1019.4,10.8,9.8,1200,2.31,14.45,,,,,,.9,.9,12,-.5,13.7,15,15.9,17.1,17.7,19.3,20.2,19.8,17.8,2.6,3.7,,
108,2019-10-28,12.9,7.4,532,17.7,1236,2.87,.7,2124,1.1,2044,1.7,9.8,180,1831,4.7,230,1258,2.5,2201,6.1,39,1132,65.9,9.5,1005.3,1019.5,1,1012.4,2019,1015.5,10.8,7.3,1200,2.18,11.62,,,,,,5.6,3.9,13,2,14.3,15.1,15.6,16.7,17.1,19.1,20.1,19.8,17.8,2.3,3.3,1.8,
108,2019-10-29,12.5,8.2,2400,17.6,1300,.92,.2,,.3,-2331,.1,8.8,250,1217,5.2,290,1501,2.3,2011,4.5,32,1530,61,8.6,1005.5,1020,2329,1013.1,443,1015.7,10.8,9,1100,2.12,12.41,,,,,,1.6,1.6,12.4,3.1,14.2,15.3,15.8,16.8,17,18.9,20,19.7,17.8,2.7,3.8,,
108,2019-10-30,11.2,5,706,17.7,1336,,,,,,,7,270,1143,3.8,270,1140,1.6,1350,3.3,37,1509,60.3,7.8,1011.1,1022.9,935,1019.8,48,1021.5,10.7,9.6,1100,2.24,14.08,,,,,,.3,.3,11.2,-.3,12.6,13.9,14.8,16,16.6,18.6,19.8,19.7,17.8,2.4,3.5,,
108,2019-10-31,14.8,8.4,644,19.7,1430,,,,,,,10,180,1542,5.2,230,1324,2.3,2002,9.9,55,1211,73.8,12.5,1010.1,1022.2,202,1018.6,1623,1020.3,10.7,8,1100,1.98,10.34,,,,,,4.6,4.6,14.2,3.6,14.1,14.5,14.8,15.8,16.2,18.4,19.7,19.7,17.8,1.9,2.7,,
108,2019-11-01,14.9,11.4,2352,20.5,1413,,,,,,,6.3,290,1011,3.9,320,1028,1.8,1565,5.2,25,1503,57.9,9.4,1011.3,1022.7,835,1019.8,1,1021.6,10.7,9.5,1200,2.18,13.85,,,,,,1.9,.9,14.8,5.5,15.5,15.8,15.7,16.4,16.4,18.2,19.5,19.6,17.8,2.9,4.2,,
108,2019-11-02,13.6,8.3,626,18.7,1451,,,,,,,4.6,270,1549,2.9,290,2348,1.5,1298,5.1,45,1456,57.3,8.9,1009.9,1022.4,827,1018.4,1633,1020.2,10.6,3.3,1000,1.22,7.69,,,,,,8.1,2.3,13.5,3.7,13.7,14.5,15.1,16.1,16.4,18.1,19.5,19.7,17.9,1.6,2.2,,
108,2019-11-03,14.7,9.4,721,22.1,1455,,,,,,,8.6,50,1802,4.7,70,1757,2.1,1811,5.9,36,1452,57.8,9.3,1009.6,1022.2,2228,1017.7,1414,1019.8,10.6,7.8,1200,2.04,12.51,,,,,,4,1.8,15.1,4.4,15,15.2,15.3,16,16.3,18,19.3,19.6,17.9,3.1,4.5,,
108,2019-11-04,13.8,9.2,650,20.3,1506,,,,,,,6,50,116,3.7,320,2010,2.1,1777,5.1,33,1454,57.8,8.8,1011.5,1023.8,904,1020.1,1529,1021.8,10.6,9.7,1200,2.16,13.83,,,,,,0,0,13.7,4.4,14.7,15.1,15.3,16.1,16.3,17.8,19.2,19.5,17.8,2.6,3.7,,
108,2019-11-05,12.4,8.4,653,18.4,1440,,,,,,,6.8,320,1108,3.8,320,1117,1.6,1367,5.6,35,1513,65.1,9.1,1009,1021.2,16,1017.7,1523,1019.3,10.5,8,1100,1.96,11.04,,,,,,1.4,.6,12.4,2.4,13.6,14.4,14.9,15.8,16.1,17.8,19,19.5,17.8,2,2.9,,
108,2019-11-06,11,6.3,710,16.5,1422,,,,,,,7,320,1814,4.4,320,1814,1.8,1566,3.8,29,1422,63.6,8,1006.6,1019.2,851,1014.8,1727,1016.9,10.5,7.5,1200,1.89,10.63,,,,,,5,.3,11,0,12.6,13.6,14.3,15.3,15.8,17.6,19,19.5,17.8,2,2.9,,
108,2019-11-07,9.2,5,2357,13.6,1320,,,,,,,8,320,1910,5.3,340,1910,2.7,2334,-4.1,19,1422,42.8,4.9,1007.5,1020.8,2243,1015.4,406,1017.9,10.4,9.5,1200,2.15,13.4,,,,,,1.6,0,10.3,1.2,12.1,13.2,14,15,15.4,17.5,18.8,19.4,17.9,3.5,5,,
108,2019-11-08,6.8,1.1,724,13,1443,,,,,,,7.3,320,53,4.4,320,1515,1.9,1624,-9.7,14,1233,31.4,3,1011.1,1023.2,901,1020.2,1436,1021.7,10.4,9.7,1200,2.24,13.98,,,,,,0,0,7.3,-5.9,10,11.7,12.9,14.2,14.8,17.3,18.7,19.4,17.9,3,4.3,,
108,2019-11-09,9.5,3.5,657,17.2,1455,,,,,,,6.3,320,1424,4.2,320,1426,1.6,1367,-3.7,20,1347,41.4,4.9,1011,1023.8,851,1019.5,1526,1021.5,10.4,9.7,1200,2.1,13.15,,,,,,.3,.3,8.6,-2.8,10.3,11.4,12.4,13.5,14,17,18.6,19.3,17.9,3,4.3,,
108,2019-11-10,10,6.2,419,15.3,1524,3.08,,,,,11.8,8.1,140,1607,3.8,180,1703,2.1,1818,1.7,31,1419,59.6,7.1,1001.2,1019.6,1,1005.3,2127,1011.5,10.3,3.3,1400,1.29,6.6,,,,,,8.9,2.5,10.5,.8,10.6,11.5,12.3,13.4,13.8,16.7,18.5,19.3,17.9,1.5,2.2,12.9,
108,2019-11-11,11.2,7.9,2359,15.1,1406,4.08,,,,,1.1,8.5,270,1347,4.8,270,1428,2.4,2108,5.9,47,1435,71.6,9.4,1000.8,1017.4,2359,1004.7,336,1011.1,10.3,7.2,1300,1.7,8.97,,,,,,5.9,5.1,11.4,1.5,12.1,12.5,12.8,13.6,13.8,16.6,18.4,19.4,18,1.7,2.5,,
108,2019-11-12,9.3,4.8,728,14.5,1419,,,,,,,4.5,360,1555,2.7,340,1556,1.4,1179,2.3,38,1415,63.6,7.2,1010.5,1022.3,2353,1017.4,1,1020.9,10.3,5.7,1100,1.35,8.06,,,,,,3.6,.8,8.5,-.7,10,11.1,12,13.1,13.7,16.3,18.1,19.3,17.9,1.4,2,,
108,2019-11-13,7.2,3,2357,11.3,1343,5.83,,,,,7.5,11,340,1614,6,230,1532,2.8,2426,2.4,51,2355,72.3,7.6,1007.2,1022.4,56,1010,1523,1017.7,10.2,0,1000,.33,1.25,,,,,,8.5,5.8,7.7,.6,9,10.2,11.4,12.6,13.5,16.2,18,19.3,18,1.2,1.8,7.5,
108,2019-11-14,1.3,-2.5,739,5,1521,,,,,,,11.8,320,131,5.8,290,204,2.9,2469,-14.4,21,551,30.6,2.1,1013.7,1027.5,822,1021.8,1,1024.5,10.2,9.7,1200,2.16,13.15,,,,,,1,1,2.6,-4.4,5.9,7.9,9.7,11.2,12.6,15.9,17.8,19.2,18,2.1,2.9,11.1,
108,2019-11-15,5.6,1.4,1,7.6,1515,12.33,,,,,18.8,6.2,140,406,3.5,20,559,2,1693,3.3,39,17,87.4,8.1,1007.6,1022.7,1,1016.6,1500,1018.2,10.2,.1,900,.33,1.92,,,,,,8.1,6.6,6.2,1.3,6.7,7.6,8.8,10.1,11.7,15.5,17.7,19.1,18,.3,.5,7.7,
108,2019-11-16,6.8,3.8,553,12.7,1557,,,,,,,5.2,70,1012,3,70,1015,1.6,1354,3.5,46,1529,81.3,7.9,1010.1,1022.3,2135,1018.5,402,1020.7,10.2,5.6,1200,1.95,8.92,,,,,,5.5,4.4,7.6,.1,8.3,8.8,9.4,10.3,11.2,15.1,17.5,19.1,18,1.4,2,,5.33
108,2019-11-17,8.3,5.6,4,10.5,2400,13.58,,,,,21.1,10.5,90,1639,6.4,70,1553,3.1,2714,4.6,55,918,79.4,8.7,1006.9,1022.6,323,1010.1,2311,1017.4,10.1,0,800,.32,1.32,,,,,,9.3,6.1,7.6,2.5,8,8.6,9.4,10.5,11.3,14.6,17.2,19,18,.7,.9,35.8,
108,2019-11-18,4.6,.4,2103,12.7,120,6.25,,,,,14.7,12.1,340,532,7,270,418,3.9,3386,-2.9,30,1238,59.8,5.4,1008.7,1023,1907,1009.5,124,1019.3,10.1,8,1100,1.92,10.26,,,,,,7.1,3.9,6.9,-1.8,8.5,9.4,9.8,10.6,11.1,14.1,17,19,18,1.9,2.6,0,
108,2019-11-19,.2,-3.5,729,4,1416,.5,,,,,0,10.3,290,1334,5.8,320,1425,2.8,2446,-9.7,31,933,48,3,1015.5,1030.5,2400,1022,106,1026.3,10.1,9.4,1200,2.03,11.93,,,,,,1.4,1.4,2.4,-7.8,4.9,6.7,8.3,9.6,10.7,13.8,16.4,19,18,1.7,2.4,,
108,2019-11-20,.5,-4.6,722,6.3,1514,,,,,,,6.5,320,1254,4.6,290,1336,1.8,1519,-13.7,18,1447,35.5,2.2,1020.9,1033.3,2301,1030.3,28,1031.8,10.1,9.4,1200,2.06,12.18,,,,,,0,0,2,-8.1,3.6,5.4,7.1,8.5,9.8,13.6,16.1,18.9,17.9,2,2.9,,
108,2019-11-21,4.2,-2.3,649,9,1336,,,,,,,7.1,70,2350,4.2,70,2355,1.9,1673,-9.3,26,1259,37.4,3.1,1021.4,1034.5,829,1029.9,2338,1032.2,10,5.7,1100,1.57,7.4,,,,,,6.1,4,2.9,-6.1,4.1,5.3,6.6,7.9,9.1,13.3,15.9,18.9,18,2,2.8,,
108,2019-11-22,9.7,3,714,17.3,1538,,,,,,,7.3,90,24,4.8,70,28,2.1,1842,-6,16,1351,34.1,4,1017,1030.1,812,1025,1605,1027.5,10,9,1200,1.95,11.2,,,,,,1.4,1.4,6.3,-1.6,7,7,7.5,8.3,9.1,13,15.8,18.8,18,2.9,4.2,,
108,2019-11-23,12.1,7.7,254,17.7,1503,,,,,,,5.8,70,1026,3.6,70,1027,1.8,1519,2.4,39,1450,52,7.3,1013.4,1026.8,616,1021.3,1914,1023.8,10,8,1300,1.29,8.5,,,,,,6.1,2.5,8.7,2.3,8.7,8.4,8.5,9.1,9.4,12.7,15.5,18.7,17.9,1.7,2.4,,
108,2019-11-24,9.8,4.6,2354,15.6,1220,7.58,,,,,3.8,10,320,2343,6,320,1641,2.2,1861,5.3,49,1053,74.6,9.1,1010.1,1026.1,2355,1016.7,1459,1020.5,9.9,1.8,1000,1.15,3.84,,,,,,7.1,5.5,8.7,3.2,9.1,9.3,9.4,10,10.1,12.6,15.3,18.6,17.9,1.1,1.6,3.8,
108,2019-11-25,1.9,-1.2,733,6,1541,,,,,,,9.9,340,303,5.9,320,708,2.7,2316,-4.7,48,1241,62.1,4.4,1019.1,1031.8,2217,1026.1,1,1030,9.9,5.8,1200,1.51,7.87,,,,,,4.4,2.5,3.8,-3.1,5.9,7.5,8.7,9.6,10.2,12.5,15.1,18.5,17.9,1.1,1.6,,
108,2019-11-26,6.6,1.2,241,13.7,1303,,,,,,,6.7,270,1644,4.5,320,2343,2,1742,0,42,1439,64,6.1,1018.6,1031.5,103,1026.9,1504,1029.3,9.9,7.9,1200,1.88,9.78,,,,,,3.9,3.3,5.7,-2.6,6.6,7.2,7.9,8.8,9.7,12.5,15,18.5,17.9,1.7,2.5,,
108,2019-11-27,3.1,.3,2355,6.8,1423,,,,,,,7.2,290,1252,4.6,290,1055,2.7,2318,-6.5,33,1427,50.8,3.8,1017.7,1029.9,850,1026.6,1451,1028.5,9.9,8.3,1200,1.95,10.43,,,,,,4,.4,3.7,-3.6,5.8,7,8,8.9,9.6,12.4,14.8,18.4,17.9,1.8,2.6,,
108,2019-11-28,3.5,-.6,245,10.4,1330,,,,,,,7.8,320,1742,4.3,340,1901,2,1698,-5.5,35,1152,52.4,4.1,1019.1,1031,907,1028.2,1444,1029.9,9.8,9,1200,1.88,11.21,,,,,,1.8,1.8,3.8,-4.8,5.4,6.4,7.3,8.3,9.2,12.2,14.7,18.3,17.9,1.9,2.7,,
108,2019-11-29,1.5,-3.4,745,6.9,1556,,,,,,,6.2,320,1445,4,290,1346,2,1769,-10.4,21,1409,42.8,2.8,1020.9,1033.2,1019,1030.7,1,1031.8,9.8,9.3,1200,1.91,11.4,,,,,,.9,0,2.4,-7.9,4.1,5.5,6.8,7.9,8.8,12,14.5,18.2,17.8,2,2.8,,
108,2019-11-30,4.1,-1.4,552,9.3,1301,,,,,,,6.3,320,1709,3.4,90,848,1.7,1498,-7.7,22,1409,42.6,3.4,1018,1032,36,1026.5,2104,1028.7,9.8,5.3,1200,1.88,8.01,,,,,,6,4.9,3.2,-6.7,4.1,5.1,6.1,7.2,8.3,11.9,14.5,18.1,17.9,1.5,2.2,.1,
108,2019-12-01,4.6,2.3,2354,6.2,1212,22,,,,,3.3,7.2,320,2048,4.1,320,2051,1.6,1366,1.3,51,1,79.4,6.8,1011.4,1026.5,1,1019.3,1959,1022.1,9.8,0,1100,.56,1.89,,,,,,9.3,6.9,5.2,-.4,5.8,6.4,6.9,7.7,8.3,11.7,14.4,18.1,17.9,.6,.8,3.2,
108,2019-12-02,-.1,-3.2,2355,2.8,1404,,,,,,,10.9,340,1311,6.2,320,1424,3.1,2694,-10.4,25,1158,48,2.9,1011.8,1026.3,2350,1019.5,115,1022.7,9.8,8.8,1200,1.91,10.42,,,,,,2.4,1.5,2,-6.8,3.9,5.4,6.5,7.5,8.3,11.4,14,17.9,17.8,1.7,2.4,,
108,2019-12-03,.5,-5,520,4.2,1501,6.42,,,,,.6,5.7,180,1945,3.6,200,1915,1.6,1367,-6.2,41,22,61.3,4.1,1014.4,1026.4,6,1023.7,1433,1025.3,9.8,3.1,1300,.95,5.01,,,,,,6.3,5.5,1.4,-9.8,1.9,3.5,5.2,6.5,7.8,11.3,14,17.9,17.8,.9,1.3,.6,
108,2019-12-04,2,-2,757,7.2,1403,.92,,,,,0,8.3,320,2153,4.4,340,2159,1.8,1574,-10.2,21,1113,41.6,2.9,1018.5,1032.7,2359,1026,4,1029.3,9.7,8.7,1200,1.84,10.18,,,,,,1,1,2.5,-7.4,3.7,4.5,5.3,6.3,7.3,11,13.8,17.8,17.8,2,2.9,,
108,2019-12-05,-4.4,-8.5,2335,-.2,3,,,,,,,10.5,290,1324,6,320,1330,3.2,2777,-18.9,17,1008,31.9,1.4,1025.3,1039.5,2338,1032.7,1,1036.4,9.7,9.2,1200,1.95,11.34,,,,,,0,0,-.4,-10.6,1.4,3.2,4.7,5.9,7.2,10.9,13.7,17.8,17.9,1.7,2.4,,
108,2019-12-06,-5.9,-10.6,753,-1,1524,,,,,,,6,340,24,3.8,340,25,1.7,1457,-19.4,19,1203,34.5,1.4,1025,1039.4,1,1033,2359,1036.3,9.7,9.3,1200,1.95,11.24,,,,,,.6,.6,-2.9,-15.2,-.6,1.4,3.4,4.8,6.3,10.5,13.4,17.6,17.8,1.4,2,0,
108,2019-12-07,-2.4,-5.5,154,1.2,1603,3.75,,,,,.1,5.7,50,957,3.1,50,1000,1.7,1441,-8.2,48,9,65,3.4,1018.9,1033.1,1,1028.1,1520,1029.9,9.7,1.1,1500,.55,2.86,0,,0,,0,6.6,6.5,-1.3,-9.7,-.3,1,2.8,4.1,5.7,10.2,13.2,17.6,17.8,.5,.7,.1,
108,2019-12-08,-.9,-5.5,743,4.9,1445,,,,,,,5.6,320,1503,3.2,70,1007,1.4,1225,-7,30,1347,65.1,3.6,1018,1030.9,850,1027.5,1637,1028.9,9.7,8.9,1200,1.75,10.65,,,,,,1.1,0,-1,-10,-.4,.9,2.5,3.7,5.3,9.9,13,17.5,17.8,1.4,2,,
108,2019-12-09,3.2,-1.3,301,8,2311,.33,,,,,0,7,160,2304,3.9,70,230,2.5,2168,-4.6,48,1439,56.8,4.5,1012.4,1027.7,1,1020.5,2350,1023.1,9.7,1.4,1000,.83,3.46,,,,,,7.9,7.6,.7,-4.2,.5,1.3,2.5,3.6,5,9.5,12.8,17.3,17.7,.9,1.3,1.7,
108,2019-12-10,8.1,6,825,10.8,1532,2.08,,,,,1.7,5.8,180,32,3.5,290,236,1.2,1034,5.1,65,1,82.3,8.8,1008.4,1021.4,1008,1017.2,2318,1018.9,9.7,2,1100,1.19,5.03,,,,,,8.9,8.6,5.9,1,5.2,4.5,4.2,4.8,5.1,9.2,12.6,17.3,17.7,.8,1.2,.2,
108,2019-12-11,6.3,.1,2357,9.8,647,1.25,,,,,.2,11.8,270,1702,7.2,270,1250,3.4,2931,-.8,36,1243,62,6.3,1007.1,1023.8,2352,1014.3,556,1017.6,9.6,5.2,1300,1.3,5.75,,,,,,5.9,5.6,5.8,-2.4,6,5.9,5.7,6.1,6,9,12.3,17.2,17.6,1.6,2.3,,
108,2019-12-12,-.7,-3.5,813,3.4,1458,,,,,,,8.7,320,353,4.2,290,309,1.8,1584,-11.4,23,1515,45.4,2.6,1018,1031,2153,1023.7,23,1029,9.6,9.1,1200,1.84,10.73,,,,,,0,0,.6,-8,2.3,3.5,4.7,5.7,6.3,9,12.1,17.1,17.6,1.4,2,,
108,2019-12-13,2.1,-3.7,629,5.9,2209,2.17,,,,,1,7.3,250,2340,4.3,200,1631,2,1738,-6.6,35,1219,53.6,3.9,1015.7,1030.7,241,1021.7,2351,1026.5,9.6,3.4,1100,1.45,6.07,,,,,,6.8,3.8,1.1,-8.2,1.5,2.5,3.8,4.8,5.8,9,11.9,17,17.6,1.2,1.7,1,
108,2019-12-14,2.7,-.1,812,6.4,1424,1.17,,,,,0,9.3,290,508,5.3,290,511,2.3,1977,-5.1,36,1526,58.3,4.3,1017.3,1030.6,2007,1021.6,3,1028.1,9.6,8.3,1200,1.78,10.07,,,,,,3,1.3,3.1,-5,3.8,4,4.4,5.1,5.7,8.9,11.8,16.9,17.6,1.5,2.2,,
108,2019-12-15,5.3,.4,225,11,1453,,,,,,,6.8,70,413,3.6,70,420,2,1728,-3.9,36,1417,52.5,4.6,1018.2,1031.3,954,1026.6,2313,1028.9,9.6,7.3,1200,1.68,8.91,,,,,,2.9,1.6,3.1,-4.1,3.7,4,4.4,5.2,5.7,8.7,11.6,16.8,17.5,1.3,1.9,,
108,2019-12-16,7.8,2.1,517,12.9,1531,,,,,,,5.5,90,1248,3.2,70,1251,1.9,1646,0,41,1410,58.9,6.2,1012.1,1026.8,1,1017.4,2358,1022.6,9.6,6.6,1200,1.61,7.71,,,,,,6.1,4.8,4.6,-3.1,5,4.8,4.9,5.5,5.8,8.7,11.5,16.7,17.6,1.5,2.2,9.7,
108,2019-12-17,7.7,3.2,2356,10.2,1,6.75,,,,,9.8,8.5,340,2305,4.5,320,2312,2.3,1988,4.5,57,1,81.4,8.6,1005.4,1020.2,2350,1013.1,1208,1015.9,9.6,0,1400,.33,1.17,,,,,,8.6,7.4,6.9,.4,7,6.7,6.4,6.7,6.4,8.6,11.4,16.6,17.5,.6,.8,.1,.67
108,2019-12-18,.8,-1.7,815,5.2,1339,,,,,,,8,320,20,4.2,290,506,2.5,2169,-5.2,46,1442,64.6,4.2,1013.2,1026.1,1041,1020.1,29,1024.1,9.6,8.4,1200,1.77,9.83,,,,,,3.5,.6,2.4,-3.4,4.1,5,5.8,6.5,6.9,8.7,11.3,16.5,17.5,1.4,1.9,,
108,2019-12-19,-.8,-4.5,740,3.1,1506,1.42,,,,,0,7.3,320,1013,4.8,320,1018,2.4,2102,-10.8,29,1357,47.8,2.7,1015.3,1027.8,2209,1025,27,1026.3,9.6,8.5,1200,1.78,9.96,,,,,,1.8,1,.5,-8.1,2.1,3.4,4.6,5.6,6.4,8.8,11.3,16.5,17.5,1.5,2.1,0,
108,2019-12-20,-1.1,-3.5,2352,2,1422,.83,,,,,0,7.3,320,1233,3.9,320,1357,2.3,2013,-12.2,19,1447,45.3,2.5,1018.6,1031.3,1055,1027.3,8,1029.6,9.6,8.9,1200,1.86,10.45,,,,,,1.4,.9,.3,-8.5,1.7,2.7,3.9,4.8,5.8,8.7,11.2,16.4,17.4,1.5,2.2,,
108,2019-12-21,-1.2,-5.1,603,1.5,1344,3.25,,,,,.6,5.2,50,2207,2.9,70,840,1.7,1480,-6.6,42,1105,68.1,4,1016.4,1031,1,1024.2,2347,1027.4,9.6,1.9,1000,1.03,3.35,,,,,,5.5,5,-1.4,-10.6,0,1.5,3,4.2,5.2,8.5,11.1,16.2,17.3,.6,.9,.6,
108,2019-12-22,4.1,.3,703,8.4,1513,1.08,,,,,.3,5.9,90,818,3.5,70,1034,1.7,1482,-2.4,47,1525,63.4,5.1,1010.1,1025.4,57,1016.9,2218,1020.7,9.6,5.2,1200,1.47,7.2,,,,,,7.8,5.1,2.2,-2.9,1.8,2.2,2.9,3.8,4.8,8.4,11,16.2,17.4,1.1,1.5,3.2,
108,2019-12-23,3.4,.3,2351,5.2,1,3.58,,,,,2.9,7.9,180,50,4.2,290,1300,2,1754,.3,57,1628,80.4,6.3,1011.5,1026.8,2248,1017.2,132,1022.2,9.6,2.4,1100,1.13,5.1,,,,,,6.1,6.1,3.4,-5.8,4,4,4.1,4.7,5,8,10.9,16.1,17.3,.7,1,0,
108,2019-12-24,.8,-2.9,658,6.5,1451,,,,,,,4.7,90,428,3.1,70,430,1.4,1197,-4.8,43,1509,67.9,4.3,1016.6,1029.6,920,1026,1451,1027.5,9.6,8,1200,1.65,9.43,,,,,,.8,0,1.4,-7.9,2.2,3,3.9,4.7,5.3,8,10.8,16,17.3,1.1,1.6,,
108,2019-12-25,2,-2.7,539,6.6,1453,,,,,,,5.3,270,1557,3.2,270,1600,1,885,-5.2,34,1330,60.8,4.2,1013.1,1026.9,1022,1021,2319,1023.8,9.6,3.3,1100,1.42,6.64,,,,,,5.9,4.5,1.5,-6.9,1.6,2.5,3.4,4.3,5,7.9,10.6,16,17.3,.8,1.1,.1,
108,2019-12-26,2,-2.4,2354,4.1,1439,5.08,,,,,.3,9,290,2045,5.2,290,2023,2.4,2116,-5.4,42,1440,59,4.2,1007.2,1021.2,1,1015.1,1406,1017.9,9.6,1.3,1400,.77,3.72,,,,,,5.4,4.6,2.4,-4.5,2.9,3.3,3.8,4.5,5.1,7.9,10.6,15.9,17.3,1,1.5,.2,
108,2019-12-27,-1.7,-4.6,724,2.6,1442,,,,,,,7.7,290,1651,4.3,290,1055,2.1,1792,-12.4,23,1441,45.4,2.4,1014.1,1027.9,2314,1019.8,1,1025.1,9.6,9,1200,1.78,10.36,,,,,,0,0,-.9,-8.9,.8,2,3.1,4.1,5,7.8,10.5,15.8,17.2,1.5,2.2,,
108,2019-12-28,1.1,-3.6,336,6.1,1347,,,,,,,5.8,70,1042,3.7,70,726,2,1710,-9,34,1343,47.6,3.1,1017.7,1029.4,942,1027.4,1332,1028.5,9.6,5.8,1200,1.63,8.09,,,,,,3.5,2.5,-.7,-7.9,.3,1.4,2.5,3.4,4.5,7.6,10.3,15.6,17.1,1.4,2,,
108,2019-12-29,3.8,1.1,43,6.2,1525,6.75,,,,,1.4,6.6,110,638,4.4,70,645,2.9,2500,-5.4,37,1408,52.5,4.2,1015,1029.2,1,1022.8,2250,1025.7,9.6,0,1200,.55,3.28,,,,,,9,5.4,1.7,-3.5,1.8,2,2.7,3.5,4.3,7.5,10.2,15.6,17.2,1.1,1.6,1.5,
108,2019-12-30,2.7,-5.7,2359,6.8,1131,5.08,,,,,.4,13.1,320,2357,7.4,320,2358,2.9,2465,-2.3,43,2118,70.3,5.5,1013,1029.6,2359,1020.8,427,1023.8,9.6,0,1000,.43,2.24,,,,,,7.5,7,3.3,-5.9,3.5,3.6,3.7,4.2,4.5,7.3,10,15.5,17.1,.9,1.3,.3,
108,2019-12-31,-7.9,-10.9,734,-4.5,1526,1.58,,,,,0,10.8,340,3,7.5,340,2,3.1,2686,-19.5,26,1556,39.3,1.3,1023.7,1037.3,1010,1029.5,9,1035,9.6,9.1,1200,1.91,11.11,,,,,,1.3,1.3,-3.5,-12.3,-.5,1.4,2.8,3.8,4.6,7.2,9.9,15.4,17.1,1,1.4,0,
