frame_num,id,d2x,d2y,rx,ry,heading
0,V5,490,398,48510,39402,N
0,V4,1226,444,121374,43956,N
0,V3,591,209,58509,20691,S
0,V2,477,216,47223,21384,S
0,V1,504,204,49896,20196,S
1,V8,660,368,65340,36432,N
1,V7,897,105,88803,10395,S
1,V6,405,209,40095,20691,S
1,V3,592,207,58608,20493,S
1,V2,475,217,47025,21483,S
1,V1,506,203,50094,20097,S
2,V3,592,209,58608,20691,S
2,V1,505,203,49995,20097,S
3,V6,390,214,38610,21186,S
4,V6,380,223,37620,22077,S
5,V6,375,227,37125,22473,S
11,V6,309,256,30591,25344,S
12,V15,997,155,98703,15345,S
12,V6,296,260,29304,25740,S
13,V15,989,147,97911,14553,S
13,V6,287,264,28413,26136,S
14,V15,983,139,97317,13761,S
14,V6,276,267,27324,26433,S
14,V1,509,204,50391,20196,S
15,V15,975,130,96525,12870,S
15,V6,265,271,26235,26829,S
15,V1,511,201,50589,19899,S
16,V15,968,124,95832,12276,S
16,V14,474,215,46926,21285,S
16,V6,254,272,25146,26928,S
17,V15,962,117,95238,11583,S
17,V14,473,214,46827,21186,S
17,V6,246,275,24354,27225,S
17,V3,591,209,58509,20691,S
18,V26,934,231,92466,22869,S
18,V15,954,111,94446,10989,S
18,V6,240,277,23760,27423,S
18,V3,591,209,58509,20691,S
18,V1,508,199,50292,19701,S
19,V26,951,214,94149,21186,S
19,V15,946,103,93654,10197,S
19,V6,238,277,23562,27423,S
19,V1,508,201,50292,19899,S
20,V26,962,198,95238,19602,S
20,V15,940,92,93060,9108,S
20,V6,237,279,23463,27621,S
20,V1,510,201,50490,19899,S
21,V26,971,183,96129,18117,S
21,V15,936,86,92664,8514,S
21,V6,233,280,23067,27720,S
21,V1,511,201,50589,19899,S
22,V26,974,170,96426,16830,S
22,V6,233,279,23067,27621,S
23,V30,1001,226,99099,22374,S
23,V6,234,280,23166,27720,S
24,V30,1034,211,102366,20889,S
24,V6,233,282,23067,27918,S
24,V1,509,204,50391,20196,S
25,V31,962,146,95238,14454,S
25,V30,1063,200,105237,19800,S
25,V6,229,281,22671,27819,S
25,V1,508,203,50292,20097,S
26,V30,1085,190,107415,18810,S
26,V6,229,280,22671,27720,S
26,V1,508,204,50292,20196,S
27,V33,463,183,45837,18117,S
27,V30,1101,182,108999,18018,S
27,V29,859,254,85041,25146,S
27,V6,232,279,22968,27621,S
27,V1,508,204,50292,20196,S
28,V33,454,184,44946,18216,S
28,V31,952,120,94248,11880,S
28,V30,1111,175,109989,17325,S
28,V29,886,234,87714,23166,S
28,V6,231,279,22869,27621,S
28,V1,508,205,50292,20295,S
29,V33,448,186,44352,18414,S
29,V31,946,114,93654,11286,S
29,V29,906,217,89694,21483,S
29,V6,231,280,22869,27720,S
29,V1,507,204,50193,20196,S
30,V31,943,111,93357,10989,S
30,V29,919,201,90981,19899,S
30,V27,1217,201,120483,19899,S
30,V6,231,282,22869,27918,S
30,V1,508,205,50292,20295,S
31,V34,1096,165,108504,16335,S
31,V29,928,188,91872,18612,S
31,V14,475,214,47025,21186,S
31,V6,231,282,22869,27918,S
31,V1,508,202,50292,19998,S
32,V36,887,244,87813,24156,S
32,V34,1091,164,108009,16236,S
32,V29,932,173,92268,17127,S
32,V6,231,281,22869,27819,S
32,V1,506,203,50094,20097,S
33,V36,910,226,90090,22374,S
33,V34,1090,162,107910,16038,S
33,V33,425,193,42075,19107,S
33,V29,934,166,92466,16434,S
33,V27,1218,199,120582,19701,S
33,V6,231,280,22869,27720,S
33,V1,506,202,50094,19998,S
34,V36,923,210,91377,20790,S
34,V34,1089,161,107811,15939,S
34,V33,423,195,41877,19305,S
34,V27,1218,199,120582,19701,S
34,V6,231,279,22869,27621,S
34,V1,506,202,50094,19998,S
35,V36,929,197,91971,19503,S
35,V34,1088,160,107712,15840,S
35,V33,420,197,41580,19503,S
35,V14,475,216,47025,21384,S
35,V6,232,282,22968,27918,S
35,V1,507,203,50193,20097,S
36,V14,474,215,46926,21285,S
36,V6,231,280,22869,27720,S
36,V1,505,203,49995,20097,S
37,V6,231,282,22869,27918,S
38,V39,926,161,91674,15939,S
38,V34,1090,162,107910,16038,S
38,V6,232,279,22968,27621,S
39,V39,925,155,91575,15345,S
39,V34,1090,161,107910,15939,S
39,V33,417,200,41283,19800,S
39,V14,471,217,46629,21483,S
39,V6,231,279,22869,27621,S
39,V1,502,203,49698,20097,S
40,V42,912,211,90288,20889,S
40,V39,924,146,91476,14454,S
40,V38,591,208,58509,20592,S
40,V34,1089,161,107811,15939,S
40,V33,416,200,41184,19800,S
40,V6,231,279,22869,27621,S
40,V1,502,203,49698,20097,S
41,V42,915,196,90585,19404,S
41,V34,1090,161,107910,15939,S
41,V33,416,202,41184,19998,S
41,V6,231,279,22869,27621,S
41,V1,501,203,49599,20097,S
42,V42,918,182,90882,18018,S
42,V34,1090,161,107910,15939,S
42,V33,413,203,40887,20097,S
42,V6,233,278,23067,27522,S
42,V1,504,202,49896,19998,S
43,V42,920,168,91080,16632,S
43,V39,912,124,90288,12276,S
43,V38,591,208,58509,20592,S
43,V34,1092,161,108108,15939,S
43,V33,411,205,40689,20295,S
43,V6,232,279,22968,27621,S
43,V1,502,201,49698,19899,S
44,V42,919,157,90981,15543,S
44,V39,905,117,89595,11583,S
44,V38,590,207,58410,20493,S
44,V34,1091,160,108009,15840,S
44,V33,408,206,40392,20394,S
44,V14,461,244,45639,24156,S
44,V6,231,279,22869,27621,S
44,V1,503,201,49797,19899,S
45,V39,899,112,89001,11088,S
45,V38,590,207,58410,20493,S
45,V34,1091,160,108009,15840,S
45,V33,406,210,40194,20790,S
45,V27,1217,200,120483,19800,S
45,V14,458,251,45342,24849,S
45,V6,232,281,22968,27819,S
45,V1,503,201,49797,19899,S
46,V43,323,242,31977,23958,S
46,V39,894,104,88506,10296,S
46,V34,1091,160,108009,15840,S
46,V6,232,280,22968,27720,S
46,V1,502,200,49698,19800,S
47,V47,916,239,90684,23661,S
47,V43,317,240,31383,23760,S
47,V39,890,99,88110,9801,S
47,V34,1092,161,108108,15939,S
47,V6,232,282,22968,27918,S
47,V1,499,200,49401,19800,S
48,V47,931,224,92169,22176,S
48,V43,310,239,30690,23661,S
48,V14,441,277,43659,27423,S
48,V6,227,285,22473,28215,S
48,V1,493,201,48807,19899,S
49,V47,943,207,93357,20493,S
49,V6,217,287,21483,28413,S
50,V47,955,192,94545,19008,S
50,V6,202,289,19998,28611,S
51,V47,964,182,95436,18018,S
51,V6,179,297,17721,29403,
52,V47,970,173,96030,17127,S
52,V43,248,250,24552,24750,S
52,V33,372,224,36828,22176,S
52,V27,1217,201,120483,19899,S
52,V6,154,302,15246,29898,
53,V55,728,230,72072,22770,S
53,V53,421,447,41679,44253,N
53,V52,78,216,7722,21384,S
53,V47,976,162,96624,16038,S
53,V43,218,256,21582,25344,S
53,V34,1091,162,108009,16038,S
53,V33,362,226,35838,22374,S
53,V6,116,309,11484,30591,
54,V53,467,509,46233,50391,N
54,V47,979,155,96921,15345,S
54,V43,191,260,18909,25740,S
54,V6,90,317,8910,31383,
55,V43,160,268,15840,26532,S
55,V6,61,325,6039,32175,
62,V62,547,238,54153,23562,S
62,V55,546,410,54054,40590,N
63,V62,521,249,51579,24651,S
63,V55,530,454,52470,44946,N
64,V62,489,260,48411,25740,S
64,V60,642,199,63558,19701,S
64,V55,509,509,50391,50391,N
65,V65,615,357,60885,35343,N
65,V63,65,303,6435,29997,
65,V62,454,274,44946,27126,S
65,V60,630,204,62370,20196,S
65,V55,499,578,49401,57222,N
66,V62,412,294,40788,29106,
66,V60,616,211,60984,20889,S
66,V55,500,633,49500,62667,N
67,V60,596,221,59004,21879,S
68,V65,582,451,57618,44649,N
68,V60,577,230,57123,22770,S
69,V65,589,493,58311,48807,N
69,V60,554,242,54846,23958,S
70,V60,529,255,52371,25245,S
73,V68,1006,146,99594,14454,S
73,V60,460,303,45540,29997,
74,V60,433,324,42867,32076,
82,V74,738,229,73062,22671,S
82,V73,720,155,71280,15345,S
82,V72,540,222,53460,21978,S
83,V77,377,317,37323,31383,
83,V75,822,152,81378,15048,S
83,V74,727,235,71973,23265,S
83,V73,711,160,70389,15840,S
83,V72,516,233,51084,23067,S
84,V79,1050,348,103950,34452,N
84,V77,341,335,33759,33165,N
84,V75,813,162,80487,16038,S
84,V74,719,245,71181,24255,S
84,V73,702,165,69498,16335,S
84,V72,490,243,48510,24057,S
85,V79,1135,362,112365,35838,N
85,V78,609,229,60291,22671,S
85,V77,301,348,29799,34452,N
85,V75,805,172,79695,17028,S
85,V74,706,255,69894,25245,S
85,V73,693,169,68607,16731,S
85,V72,458,257,45342,25443,S
86,V79,1192,376,118008,37224,N
86,V78,587,238,58113,23562,S
86,V77,268,359,26532,35541,N
86,V75,791,182,78309,18018,S
86,V74,697,264,69003,26136,S
86,V73,681,176,67419,17424,S
87,V82,827,140,81873,13860,S
87,V79,1238,380,122562,37620,N
87,V77,240,371,23760,36729,N
87,V75,775,195,76725,19305,S
87,V73,671,179,66429,17721,S
88,V82,818,148,80982,14652,S
88,V77,210,388,20790,38412,N
88,V75,761,208,75339,20592,S
88,V73,657,184,65043,18216,S
88,V72,377,300,37323,29700,
89,V82,810,154,80190,15246,S
89,V78,529,275,52371,27225,S
89,V77,189,407,18711,40293,N
89,V75,748,219,74052,21681,S
89,V74,660,313,65340,30987,
89,V72,353,314,34947,31086,
90,V86,683,148,67617,14652,S
90,V82,796,164,78804,16236,S
90,V77,180,416,17820,41184,N
90,V75,727,235,71973,23265,S
90,V74,652,335,64548,33165,N
90,V72,333,326,32967,32274,
91,V82,785,171,77715,16929,S
91,V77,168,423,16632,41877,N
91,V75,709,252,70191,24948,S
91,V73,615,204,60885,20196,S
91,V72,313,335,30987,33165,N
92,V87,101,608,9999,60192,N
92,V84,730,146,72270,14454,S
92,V82,770,182,76230,18018,S
92,V78,491,325,48609,32175,
92,V77,161,436,15939,43164,N
92,V73,597,214,59103,21186,S
92,V72,297,347,29403,34353,N
93,V87,104,608,10296,60192,N
93,V85,542,181,53658,17919,S
93,V84,721,150,71379,14850,S
93,V83,227,227,22473,22473,S
93,V82,755,194,74745,19206,S
93,V78,483,344,47817,34056,N
93,V77,154,443,15246,43857,N
93,V74,654,422,64746,41778,N
93,V73,579,219,57321,21681,S
93,V72,285,355,28215,35145,N
94,V87,105,609,10395,60291,N
94,V84,713,154,70587,15246,S
94,V83,227,228,22473,22572,S
94,V82,738,205,73062,20295,S
94,V78,470,368,46530,36432,N
94,V77,147,449,14553,44451,N
94,V73,561,227,55539,22473,S
94,V72,275,360,27225,35640,N
95,V88,796,156,78804,15444,S
95,V87,106,609,10494,60291,N
95,V84,702,160,69498,15840,S
95,V83,229,228,22671,22572,S
95,V82,718,219,71082,21681,S
95,V78,459,402,45441,39798,N
95,V77,141,451,13959,44649,N
95,V75,642,334,63558,33066,N
95,V73,541,236,53559,23364,S
95,V72,268,362,26532,35838,N
96,V89,439,210,43461,20790,S
96,V88,789,165,78111,16335,S
96,V87,104,610,10296,60390,N
96,V86,543,184,53757,18216,S
96,V84,693,167,68607,16533,S
96,V82,693,236,68607,23364,S
96,V78,456,442,45144,43758,N
96,V77,142,455,14058,45045,N
96,V75,636,361,62964,35739,N
96,V73,520,246,51480,24354,S
96,V72,262,363,25938,35937,N
97,V90,405,299,40095,29601,
97,V89,396,224,39204,22176,S
97,V88,782,176,77418,17424,S
97,V87,100,611,9900,60489,N
97,V86,518,191,51282,18909,S
97,V84,680,174,67320,17226,S
97,V82,671,257,66429,25443,S
97,V78,457,493,45243,48807,N
97,V77,140,465,13860,46035,N
97,V75,632,386,62568,38214,N
97,V73,504,254,49896,25146,S
97,V72,260,366,25740,36234,N
98,V90,396,302,39204,29898,
98,V89,355,239,35145,23661,S
98,V88,769,186,76131,18414,S
98,V87,94,618,9306,61182,N
98,V86,487,198,48213,19602,S
98,V84,666,181,65934,17919,S
98,V78,476,569,47124,56331,N
98,V77,139,471,13761,46629,N
98,V75,634,414,62766,40986,N
98,V73,489,262,48411,25938,S
99,V91,706,146,69894,14454,S
99,V90,391,304,38709,30096,
99,V89,309,250,30591,24750,S
99,V88,755,198,74745,19602,S
99,V87,86,630,8514,62370,N
99,V86,460,202,45540,19998,S
99,V84,649,189,64251,18711,S
99,V78,519,622,51381,61578,N
99,V77,138,474,13662,46926,N
99,V75,650,454,64350,44946,N
99,V73,473,267,46827,26433,S
100,V91,689,153,68211,15147,S
100,V90,388,311,38412,30789,
100,V89,256,263,25344,26037,S
100,V88,734,214,72666,21186,S
100,V86,424,213,41976,21087,S
100,V84,630,198,62370,19602,S
100,V77,138,488,13662,48312,N
100,V75,670,499,66330,49401,N
100,V73,466,271,46134,26829,S
100,V72,241,382,23859,37818,N
101,V91,667,158,66033,15642,S
101,V90,380,315,37620,31185,
101,V89,203,276,20097,27324,S
101,V88,706,232,69894,22968,S
101,V86,387,222,38313,21978,S
101,V84,614,206,60786,20394,S
101,V77,140,497,13860,49203,N
101,V75,705,555,69795,54945,N
101,V73,463,273,45837,27027,S
101,V72,237,386,23463,38214,N
102,V91,642,165,63558,16335,S
102,V90,375,317,37125,31383,
102,V89,150,291,14850,28809,S
102,V88,676,255,66924,25245,S
102,V86,349,239,34551,23661,S
102,V84,596,216,59004,21384,S
102,V77,142,517,14058,51183,N
102,V73,458,272,45342,26928,S
102,V72,229,388,22671,38412,N
103,V99,684,493,67716,48807,N
103,V98,167,551,16533,54549,N
103,V97,691,150,68409,14850,S
103,V96,1218,199,120582,19701,S
103,V95,830,129,82170,12771,S
103,V94,1088,154,107712,15246,S
103,V91,615,171,60885,16929,S
103,V90,367,321,36333,31779,
103,V89,99,303,9801,29997,
103,V88,645,281,63855,27819,S
103,V86,312,250,30888,24750,S
103,V84,588,228,58212,22572,S
103,V73,451,275,44649,27225,S
103,V72,214,392,21186,38808,N
104,V99,729,557,72171,55143,N
104,V98,181,574,17919,56826,N
104,V97,669,155,66231,15345,S
104,V96,1218,199,120582,19701,S
104,V95,830,134,82170,13266,S
104,V94,1087,153,107613,15147,S
104,V91,586,178,58014,17622,S
104,V90,354,325,35046,32175,
104,V89,64,312,6336,30888,
104,V86,283,260,28017,25740,S
104,V84,591,237,58509,23463,S
104,V73,432,281,42768,27819,S
104,V72,197,406,19503,40194,N
105,V99,792,606,78408,59994,N
105,V97,647,163,64053,16137,S
105,V95,827,141,81873,13959,S
105,V91,553,188,54747,18612,S
105,V90,345,330,34155,32670,
105,V89,43,319,4257,31581,
105,V86,250,271,24750,26829,S
105,V84,598,255,59202,25245,S
105,V82,583,363,57717,35937,N
105,V72,188,415,18612,41085,N
106,V104,288,661,28512,65439,N
106,V103,429,279,42471,27621,S
106,V97,619,171,61281,16929,S
106,V95,825,151,81675,14949,S
106,V91,521,200,51579,19800,S
106,V90,325,342,32175,33858,N
106,V89,24,323,2376,31977,
106,V86,227,281,22473,27819,S
106,V84,599,272,59301,26928,S
106,V82,564,409,55836,40491,N
106,V72,170,434,16830,42966,N
107,V103,420,285,41580,28215,S
107,V102,722,152,71478,15048,S
107,V97,590,178,58410,17622,S
107,V95,817,162,80883,16038,S
107,V94,1089,154,107811,15246,S
107,V91,484,210,47916,20790,S
107,V90,305,352,30195,34848,N
107,V89,11,325,1089,32175,
107,V86,200,291,19800,28809,S
107,V84,599,303,59301,29997,
107,V82,557,468,55143,46332,N
107,V72,147,457,14553,45243,N
108,V103,416,290,41184,28710,S
108,V102,713,161,70587,15939,S
108,V97,554,188,54846,18612,S
108,V95,808,176,79992,17424,S
108,V94,1089,154,107811,15246,S
108,V91,447,220,44253,21780,S
108,V90,281,361,27819,35739,N
108,V86,178,301,17622,29799,
108,V72,127,484,12573,47916,N
109,V103,416,291,41184,28809,S
109,V102,703,165,69597,16335,S
109,V97,519,197,51381,19503,S
109,V95,793,185,78507,18315,S
109,V94,1090,153,107910,15147,S
109,V91,408,229,40392,22671,S
109,V90,253,379,25047,37521,N
109,V88,586,392,58014,38808,N
109,V86,148,312,14652,30888,
109,V72,118,524,11682,51876,N
110,V103,418,291,41382,28809,S
110,V102,692,171,68508,16929,S
110,V97,484,206,47916,20394,S
110,V95,778,196,77022,19404,S
110,V90,219,402,21681,39798,N
110,V86,107,324,10593,32076,
111,V103,416,291,41184,28809,S
111,V102,679,177,67221,17523,S
111,V97,454,213,44946,21087,S
111,V95,769,204,76131,20196,S
111,V90,193,428,19107,42372,N
111,V86,73,340,7227,33660,N
111,V77,144,620,14256,61380,N
112,V103,415,291,41085,28809,S
112,V102,668,184,66132,18216,S
112,V97,434,219,42966,21681,S
112,V96,1217,200,120483,19800,S
112,V95,754,217,74646,21483,S
112,V91,295,264,29205,26136,S
112,V90,160,457,15840,45243,N
112,V86,38,348,3762,34452,N
112,V77,174,652,17226,64548,N
113,V103,414,293,40986,29007,
113,V97,420,223,41580,22077,S
113,V96,1218,200,120582,19800,S
113,V95,741,225,73359,22275,S
113,V91,253,274,25047,27126,S
113,V90,142,489,14058,48411,N
114,V111,726,116,71874,11484,S
114,V103,410,292,40590,28908,
114,V97,416,224,41184,22176,S
114,V95,734,230,72666,22770,S
114,V91,208,280,20592,27720,S
114,V90,127,534,12573,52866,N
115,V111,734,117,72666,11583,S
115,V103,408,295,40392,29205,
115,V97,415,225,41085,22275,S
115,V95,725,234,71775,23166,S
115,V91,167,290,16533,28710,S
115,V90,127,576,12573,57024,N
116,V111,739,118,73161,11682,S
116,V103,400,297,39600,29403,
116,V102,628,203,62172,20097,S
116,V97,414,224,40986,22176,S
116,V95,719,240,71181,23760,S
116,V91,120,300,11880,29700,
116,V90,155,611,15345,60489,N
117,V111,743,120,73557,11880,S
117,V103,395,301,39105,29799,
117,V97,414,224,40986,22176,S
117,V96,1218,199,120582,19701,S
117,V91,81,310,8019,30690,
118,V113,721,234,71379,23166,S
118,V111,746,123,73854,12177,S
118,V103,391,302,38709,29898,
118,V97,415,224,41085,22176,S
118,V96,1218,200,120582,19800,S
118,V94,1087,153,107613,15147,S
118,V91,52,318,5148,31482,
119,V113,720,232,71280,22968,S
119,V111,747,125,73953,12375,S
119,V103,389,304,38511,30096,
119,V102,607,212,60093,20988,S
119,V97,416,224,41184,22176,S
119,V96,1218,200,120582,19800,S
119,V94,1088,153,107712,15147,S
120,V111,749,129,74151,12771,S
120,V103,388,303,38412,29997,
120,V102,601,215,59499,21285,S
120,V97,416,224,41184,22176,S
120,V96,1217,200,120483,19800,S
121,V117,721,240,71379,23760,S
121,V111,749,132,74151,13068,S
121,V103,387,303,38313,29997,
121,V102,596,215,59004,21285,S
121,V97,417,225,41283,22275,S
121,V96,1218,199,120582,19701,S
122,V111,748,134,74052,13266,S
122,V103,388,303,38412,29997,
122,V102,591,216,58509,21384,S
122,V97,418,225,41382,22275,S
122,V94,1088,154,107712,15246,S
123,V118,1045,313,103455,30987,
123,V113,723,231,71577,22869,S
123,V111,748,138,74052,13662,S
123,V103,389,302,38511,29898,
123,V102,588,217,58212,21483,S
123,V97,412,227,40788,22473,S
124,V118,985,311,97515,30789,
124,V113,722,231,71478,22869,S
124,V111,746,141,73854,13959,S
124,V103,388,302,38412,29898,
124,V102,588,218,58212,21582,S
125,V122,424,223,41976,22077,S
125,V118,929,307,91971,30393,
125,V113,722,230,71478,22770,S
125,V111,742,144,73458,14256,S
125,V103,388,303,38412,29997,
125,V102,588,218,58212,21582,S
126,V118,869,302,86031,29898,
126,V113,721,230,71379,22770,S
126,V111,736,146,72864,14454,S
126,V103,388,303,38412,29997,
126,V102,588,218,58212,21582,S
126,V94,1089,152,107811,15048,S
127,V118,806,297,79794,29403,
127,V113,721,232,71379,22968,S
127,V111,729,150,72171,14850,S
127,V103,390,302,38610,29898,
127,V102,589,218,58311,21582,S
128,V122,422,227,41778,22473,S
128,V113,721,231,71379,22869,S
128,V111,724,152,71676,15048,S
128,V103,392,302,38808,29898,
128,V102,589,218,58311,21582,S
129,V122,418,226,41382,22374,S
129,V121,754,131,74646,12969,S
129,V113,724,230,71676,22770,S
129,V111,717,156,70983,15444,S
129,V103,391,303,38709,29997,
129,V102,591,219,58509,21681,S
130,V122,417,223,41283,22077,S
130,V121,754,132,74646,13068,S
130,V113,723,232,71577,22968,S
130,V111,714,157,70686,15543,S
130,V103,391,303,38709,29997,
130,V102,588,215,58212,21285,S
131,V122,415,225,41085,22275,S
131,V121,751,135,74349,13365,S
131,V118,550,284,54450,28116,S
131,V113,722,232,71478,22968,S
131,V111,708,160,70092,15840,S
131,V103,392,303,38808,29997,
131,V102,589,216,58311,21384,S
132,V122,413,227,40887,22473,S
132,V121,750,138,74250,13662,S
132,V113,723,233,71577,23067,S
132,V111,702,165,69498,16335,S
132,V103,392,303,38808,29997,
132,V102,594,218,58806,21582,S
133,V122,413,227,40887,22473,S
133,V121,748,139,74052,13761,S
133,V113,723,233,71577,23067,S
133,V111,697,168,69003,16632,S
133,V103,392,302,38808,29898,
134,V130,846,405,83754,40095,N
134,V129,1145,218,113355,21582,S
134,V122,413,226,40887,22374,S
134,V113,723,232,71577,22968,S
134,V111,688,172,68112,17028,S
134,V103,391,302,38709,29898,
135,V130,600,406,59400,40194,N
135,V129,1130,210,111870,20790,S
135,V122,412,226,40788,22374,S
135,V113,722,233,71478,23067,S
135,V111,676,175,66924,17325,S
135,V103,391,302,38709,29898,
136,V130,315,419,31185,41481,N
136,V129,1117,202,110583,19998,S
136,V122,411,226,40689,22374,S
136,V121,741,145,73359,14355,S
136,V113,722,233,71478,23067,S
136,V111,663,178,65637,17622,S
136,V103,391,301,38709,29799,
137,V130,75,427,7425,42273,N
137,V129,1104,197,109296,19503,S
137,V122,412,226,40788,22374,S
137,V121,738,147,73062,14553,S
137,V113,723,233,71577,23067,S
137,V111,644,179,63756,17721,S
137,V103,391,302,38709,29898,
138,V129,1094,188,108306,18612,S
138,V122,411,226,40689,22374,S
138,V121,734,149,72666,14751,S
138,V113,722,232,71478,22968,S
138,V111,622,182,61578,18018,S
138,V103,389,302,38511,29898,
138,V102,591,213,58509,21087,S
139,V131,845,105,83655,10395,S
139,V129,1079,182,106821,18018,S
139,V122,411,225,40689,22275,S
139,V121,730,152,72270,15048,S
139,V113,722,233,71478,23067,S
139,V111,587,186,58113,18414,S
139,V103,390,302,38610,29898,
139,V102,591,213,58509,21087,S
140,V131,853,104,84447,10296,S
140,V129,1068,175,105732,17325,S
140,V122,412,227,40788,22473,S
140,V121,725,154,71775,15246,S
140,V113,723,231,71577,22869,S
140,V111,555,188,54945,18612,S
140,V103,391,302,38709,29898,
140,V102,593,218,58707,21582,S
141,V140,516,197,51084,19503,S
141,V131,861,104,85239,10296,S
141,V129,1055,168,104445,16632,S
141,V122,409,227,40491,22473,S
141,V121,722,157,71478,15543,S
141,V113,723,231,71577,22869,S
141,V103,391,302,38709,29898,
141,V102,593,219,58707,21681,S
142,V140,505,199,49995,19701,S
142,V131,870,103,86130,10197,S
142,V129,1042,160,103158,15840,S
142,V122,399,228,39501,22572,S
142,V121,720,159,71280,15741,S
142,V113,723,231,71577,22869,S
142,V103,391,302,38709,29898,
142,V102,595,217,58905,21483,S
143,V140,494,201,48906,19899,S
143,V131,881,103,87219,10197,S
143,V129,1026,154,101574,15246,S
143,V122,391,231,38709,22869,S
143,V121,714,159,70686,15741,S
143,V113,722,235,71478,23265,S
143,V103,392,303,38808,29997,
143,V102,596,217,59004,21483,S
144,V140,479,206,47421,20394,S
144,V131,891,104,88209,10296,S
144,V129,1009,150,99891,14850,S
144,V122,376,235,37224,23265,S
144,V121,711,164,70389,16236,S
144,V113,722,233,71478,23067,S
144,V103,392,302,38808,29898,
144,V102,593,218,58707,21582,S
145,V140,470,208,46530,20592,S
145,V131,897,103,88803,10197,S
145,V129,996,143,98604,14157,S
145,V122,359,239,35541,23661,S
145,V121,707,166,69993,16434,S
145,V113,722,233,71478,23067,S
145,V103,391,303,38709,29997,
145,V102,592,218,58608,21582,S
146,V140,462,210,45738,20790,S
146,V131,908,102,89892,10098,S
146,V129,985,138,97515,13662,S
146,V122,339,246,33561,24354,S
146,V121,703,169,69597,16731,S
146,V113,722,234,71478,23166,S
146,V103,392,303,38808,29997,
147,V140,454,211,44946,20889,S
147,V131,917,102,90783,10098,S
147,V129,978,136,96822,13464,S
147,V122,317,254,31383,25146,S
147,V121,700,171,69300,16929,S
147,V113,723,233,71577,23067,S
147,V103,391,303,38709,29997,
147,V94,1091,153,108009,15147,S
148,V140,444,215,43956,21285,S
148,V131,925,101,91575,9999,S
148,V122,287,263,28413,26037,S
148,V121,694,174,68706,17226,S
148,V113,721,233,71379,23067,S
148,V103,390,302,38610,29898,
148,V94,1091,153,108009,15147,S
149,V148,697,133,69003,13167,S
149,V140,433,219,42867,21681,S
149,V131,931,100,92169,9900,S
149,V122,256,271,25344,26829,S
149,V121,687,177,68013,17523,S
149,V113,725,231,71775,22869,S
149,V103,389,303,38511,29997,
150,V148,702,132,69498,13068,S
150,V140,418,222,41382,21978,S
150,V122,217,278,21483,27522,S
150,V121,680,178,67320,17622,S
150,V113,724,231,71676,22869,S
150,V103,390,303,38610,29997,
151,V148,711,132,70389,13068,S
151,V140,405,223,40095,22077,S
151,V122,185,287,18315,28413,S
151,V121,675,180,66825,17820,S
151,V103,390,301,38610,29799,
152,V151,971,122,96129,12078,S
152,V148,723,133,71577,13167,S
152,V140,390,228,38610,22572,S
152,V122,154,298,15246,29502,
152,V121,669,183,66231,18117,S
152,V103,391,302,38709,29898,
152,V102,594,219,58806,21681,S
153,V148,739,134,73161,13266,S
153,V140,366,236,36234,23364,S
153,V122,113,304,11187,30096,
153,V121,664,187,65736,18513,S
153,V113,722,233,71478,23067,S
153,V103,391,302,38709,29898,
153,V102,593,220,58707,21780,S
153,V94,1088,154,107712,15246,S
154,V148,761,135,75339,13365,S
154,V140,347,243,34353,24057,S
154,V122,88,311,8712,30789,
154,V121,661,189,65439,18711,S
154,V113,722,234,71478,23166,S
154,V103,389,303,38511,29997,
154,V102,595,219,58905,21681,S
154,V94,1089,153,107811,15147,S
155,V151,969,122,95931,12078,S
155,V148,790,136,78210,13464,S
155,V140,325,248,32175,24552,S
155,V122,75,316,7425,31284,
155,V121,657,192,65043,19008,S
155,V113,722,233,71478,23067,S
155,V103,390,302,38610,29898,
155,V102,594,219,58806,21681,S
156,V148,817,133,80883,13167,S
156,V140,304,251,30096,24849,S
156,V122,64,321,6336,31779,
156,V113,723,232,71577,22968,S
156,V103,389,302,38511,29898,
157,V148,843,133,83457,13167,S
157,V140,279,258,27621,25542,S
157,V122,57,326,5643,32274,
157,V113,723,234,71577,23166,S
157,V103,390,302,38610,29898,
158,V148,861,133,85239,13167,S
158,V140,251,264,24849,26136,S
158,V122,46,329,4554,32571,
158,V113,722,234,71478,23166,S
158,V103,390,302,38610,29898,
159,V148,881,134,87219,13266,S
159,V140,226,272,22374,26928,S
159,V122,38,326,3762,32274,
159,V113,722,235,71478,23265,S
159,V103,389,302,38511,29898,
160,V148,896,133,88704,13167,S
160,V140,201,275,19899,27225,S
160,V122,29,329,2871,32571,
160,V113,722,235,71478,23265,S
160,V103,389,302,38511,29898,
160,V102,603,212,59697,20988,S
161,V148,910,133,90090,13167,S
161,V140,185,280,18315,27720,S
161,V122,18,328,1782,32472,
161,V113,722,235,71478,23265,S
161,V103,391,302,38709,29898,
161,V102,604,213,59796,21087,S
162,V148,920,132,91080,13068,S
162,V140,157,287,15543,28413,S
162,V113,722,234,71478,23166,S
162,V103,390,301,38610,29799,
163,V148,928,132,91872,13068,S
163,V140,142,293,14058,29007,
163,V113,722,235,71478,23265,S
163,V103,390,302,38610,29898,
163,V94,1090,153,107910,15147,S
164,V148,942,131,93258,12969,S
164,V140,124,300,12276,29700,
164,V121,646,200,63954,19800,S
164,V113,722,234,71478,23166,S
164,V103,390,302,38610,29898,
164,V102,604,212,59796,20988,S
164,V94,1089,152,107811,15048,S
165,V148,950,132,94050,13068,S
165,V140,103,302,10197,29898,
165,V113,722,233,71478,23067,S
165,V103,391,302,38709,29898,
165,V102,606,214,59994,21186,S
166,V148,954,132,94446,13068,S
166,V140,90,305,8910,30195,
166,V113,722,233,71478,23067,S
166,V103,391,302,38709,29898,
166,V102,605,213,59895,21087,S
167,V148,960,132,95040,13068,S
167,V140,75,311,7425,30789,
167,V113,723,232,71577,22968,S
167,V103,391,302,38709,29898,
167,V102,606,213,59994,21087,S
168,V148,959,131,94941,12969,S
168,V140,63,315,6237,31185,
168,V113,722,232,71478,22968,S
168,V103,390,301,38610,29799,
168,V102,604,213,59796,21087,S
169,V140,47,318,4653,31482,
169,V113,722,231,71478,22869,S
169,V103,391,301,38709,29799,
169,V102,606,212,59994,20988,S
170,V140,28,320,2772,31680,
170,V113,722,231,71478,22869,S
170,V103,391,301,38709,29799,
171,V103,391,302,38709,29898,
172,V164,723,234,71577,23166,S
172,V103,391,302,38709,29898,
173,V174,1121,226,110979,22374,S
173,V164,722,234,71478,23166,S
173,V103,391,302,38709,29898,
174,V174,1090,213,107910,21087,S
174,V164,722,236,71478,23364,S
175,V174,1066,202,105534,19998,S
176,V174,1043,192,103257,19008,S
176,V113,722,232,71478,22968,S
177,V174,1026,182,101574,18018,S
177,V113,721,232,71379,22968,S
178,V174,1010,175,99990,17325,S
179,V174,999,166,98901,16434,S
180,V175,973,117,96327,11583,S
180,V174,988,159,97812,15741,S
180,V113,721,232,71379,22968,S
180,V103,390,301,38610,29799,
180,V102,604,212,59796,20988,S
181,V175,975,115,96525,11385,S
181,V174,980,152,97020,15048,S
181,V113,721,232,71379,22968,S
181,V103,391,300,38709,29700,
182,V113,722,232,71478,22968,S
183,V113,723,232,71577,22968,S
183,V102,605,213,59895,21087,S
184,V181,966,136,95634,13464,S
184,V113,723,233,71577,23067,S
184,V103,391,302,38709,29898,
184,V102,605,212,59895,20988,S
185,V181,962,131,95238,12969,S
185,V113,722,232,71478,22968,S
185,V103,391,302,38709,29898,
185,V102,604,212,59796,20988,S
186,V181,956,126,94644,12474,S
186,V113,722,232,71478,22968,S
186,V103,391,302,38709,29898,
186,V102,602,213,59598,21087,S
187,V182,648,200,64152,19800,S
187,V181,952,122,94248,12078,S
187,V113,721,233,71379,23067,S
187,V103,390,302,38610,29898,
187,V102,604,213,59796,21087,S
188,V182,650,200,64350,19800,S
188,V181,947,118,93753,11682,S
188,V113,721,236,71379,23364,S
188,V103,391,302,38709,29898,
188,V102,605,213,59895,21087,S
189,V182,648,200,64152,19800,S
189,V181,942,115,93258,11385,S
189,V164,722,233,71478,23067,S
189,V103,391,302,38709,29898,
189,V102,606,213,59994,21087,S
190,V185,597,221,59103,21879,S
190,V182,647,201,64053,19899,S
190,V164,722,233,71478,23067,S
190,V103,391,302,38709,29898,
190,V102,607,212,60093,20988,S
191,V175,977,99,96723,9801,S
191,V164,723,232,71577,22968,S
191,V103,391,301,38709,29799,
191,V102,607,211,60093,20889,S
192,V175,979,97,96921,9603,S
192,V164,722,231,71478,22869,S
192,V103,391,302,38709,29898,
192,V102,607,211,60093,20889,S
193,V190,1181,463,116919,45837,N
193,V164,723,231,71577,22869,S
193,V103,391,302,38709,29898,
193,V102,607,211,60093,20889,S
194,V190,1131,424,111969,41976,N
194,V164,722,233,71478,23067,S
194,V103,391,302,38709,29898,
194,V102,607,212,60093,20988,S
195,V190,1084,386,107316,38214,N
195,V181,917,84,90783,8316,S
195,V164,724,233,71676,23067,S
195,V103,391,302,38709,29898,
195,V102,610,211,60390,20889,S
196,V190,1051,349,104049,34551,N
196,V181,916,78,90684,7722,S
196,V164,724,233,71676,23067,S
196,V103,390,302,38610,29898,
196,V102,610,211,60390,20889,S
197,V190,1029,315,101871,31185,
197,V181,915,73,90585,7227,S
197,V164,724,231,71676,22869,S
197,V103,391,302,38709,29898,
197,V102,606,212,59994,20988,S
198,V195,1164,423,115236,41877,N
198,V190,1019,288,100881,28512,S
198,V183,1218,199,120582,19701,S
198,V181,914,68,90486,6732,S
198,V164,725,232,71775,22968,S
198,V113,720,238,71280,23562,S
198,V103,392,303,38808,29997,
198,V102,607,213,60093,21087,S
199,V195,1116,387,110484,38313,N
199,V190,1012,267,100188,26433,S
199,V164,726,233,71874,23067,S
199,V113,723,239,71577,23661,S
199,V103,392,303,38808,29997,
200,V195,1076,353,106524,34947,N
200,V190,1008,240,99792,23760,S
200,V164,725,233,71775,23067,S
200,V103,392,301,38808,29799,
201,V195,1049,317,103851,31383,
201,V183,1218,200,120582,19800,S
201,V164,725,232,71775,22968,S
201,V103,391,301,38709,29799,
201,V102,608,214,60192,21186,S
202,V195,1026,287,101574,28413,S
202,V183,1219,200,120681,19800,S
202,V164,724,231,71676,22869,S
202,V113,720,238,71280,23562,S
202,V103,391,301,38709,29799,
202,V102,606,213,59994,21087,S
203,V164,723,231,71577,22869,S
204,V164,723,233,71577,23067,S
205,V164,723,234,71577,23166,S
206,V164,724,232,71676,22968,S
207,V203,1014,200,100386,19800,S
207,V164,724,232,71676,22968,S
208,V203,1009,189,99891,18711,S
209,V205,916,218,90684,21582,S
209,V203,1003,178,99297,17622,S
265,V219,391,302,38709,29898,
278,V219,391,301,38709,29799,
279,V222,174,515,17226,50985,N
282,V219,389,302,38511,29898,
283,V219,391,301,38709,29799,
287,V222,195,509,19305,50391,N
287,V219,391,302,38709,29898,
288,V219,390,302,38610,29898,
289,V219,391,302,38709,29898,
290,V219,390,303,38610,29997,
291,V219,391,301,38709,29799,
292,V219,392,301,38808,29799,
293,V222,156,516,15444,51084,N
298,V219,389,302,38511,29898,
299,V219,389,302,38511,29898,
300,V219,391,301,38709,29799,
301,V219,389,302,38511,29898,
302,V219,390,302,38610,29898,
303,V219,389,302,38511,29898,
304,V219,390,302,38610,29898,
305,V219,390,302,38610,29898,
306,V219,390,301,38610,29799,
307,V219,390,301,38610,29799,
308,V219,389,302,38511,29898,
309,V219,389,302,38511,29898,
310,V219,389,302,38511,29898,
311,V219,389,302,38511,29898,
314,V219,390,302,38610,29898,
315,V229,726,232,71874,22968,S
315,V219,390,301,38610,29799,
316,V234,494,213,48906,21087,S
316,V233,810,170,80190,16830,S
316,V232,973,134,96327,13266,S
316,V231,207,275,20493,27225,S
316,V229,726,232,71874,22968,S
316,V219,391,302,38709,29898,
317,V235,610,211,60390,20889,S
317,V234,499,212,49401,20988,S
317,V233,810,169,80190,16731,S
317,V232,968,127,95832,12573,S
317,V231,196,275,19404,27225,S
317,V229,726,233,71874,23067,S
317,V219,392,301,38808,29799,
318,V235,609,211,60291,20889,S
318,V234,495,212,49005,20988,S
318,V233,811,169,80289,16731,S
318,V232,962,121,95238,11979,S
318,V231,188,281,18612,27819,S
318,V229,727,233,71973,23067,S
318,V219,392,301,38808,29799,
319,V235,608,212,60192,20988,S
319,V234,495,214,49005,21186,S
319,V233,810,169,80190,16731,S
319,V232,956,116,94644,11484,S
319,V231,168,286,16632,28314,S
319,V229,726,231,71874,22869,S
319,V219,391,302,38709,29898,
320,V235,608,212,60192,20988,S
320,V234,496,213,49104,21087,S
320,V233,811,170,80289,16830,S
320,V232,948,111,93852,10989,S
320,V231,148,290,14652,28710,S
320,V229,726,231,71874,22869,S
320,V219,389,302,38511,29898,
321,V235,608,211,60192,20889,S
321,V234,494,215,48906,21285,S
321,V233,811,169,80289,16731,S
321,V232,943,105,93357,10395,S
321,V231,121,299,11979,29601,
321,V229,725,231,71775,22869,S
321,V219,390,302,38610,29898,
322,V235,608,211,60192,20889,S
322,V234,493,216,48807,21384,S
322,V233,810,170,80190,16830,S
322,V231,90,304,8910,30096,
322,V229,723,233,71577,23067,S
322,V219,390,302,38610,29898,
323,V235,608,212,60192,20988,S
323,V234,493,216,48807,21384,S
323,V233,811,169,80289,16731,S
323,V231,65,312,6435,30888,
323,V229,723,233,71577,23067,S
323,V219,391,301,38709,29799,
324,V235,607,212,60093,20988,S
324,V234,493,216,48807,21384,S
324,V233,810,170,80190,16830,S
324,V231,39,319,3861,31581,
324,V229,722,234,71478,23166,S
324,V219,391,302,38709,29898,
325,V235,606,212,59994,20988,S
325,V234,493,216,48807,21384,S
325,V233,810,169,80190,16731,S
325,V229,722,234,71478,23166,S
325,V219,391,302,38709,29898,
326,V235,608,211,60192,20889,S
326,V234,494,215,48906,21285,S
326,V233,810,170,80190,16830,S
326,V229,723,234,71577,23166,S
326,V219,391,302,38709,29898,
327,V235,608,212,60192,20988,S
327,V234,492,216,48708,21384,S
327,V233,811,169,80289,16731,S
327,V229,724,232,71676,22968,S
327,V219,390,302,38610,29898,
328,V235,606,212,59994,20988,S
328,V234,493,215,48807,21285,S
328,V233,811,169,80289,16731,S
328,V229,724,233,71676,23067,S
328,V219,389,302,38511,29898,
329,V235,609,212,60291,20988,S
329,V234,493,215,48807,21285,S
329,V233,810,169,80190,16731,S
329,V229,723,234,71577,23166,S
329,V219,391,302,38709,29898,
330,V235,610,213,60390,21087,S
330,V234,492,218,48708,21582,S
330,V233,810,170,80190,16830,S
330,V229,724,234,71676,23166,S
330,V219,391,302,38709,29898,
331,V235,608,212,60192,20988,S
331,V234,493,216,48807,21384,S
331,V233,810,169,80190,16731,S
331,V229,723,233,71577,23067,S
331,V219,391,301,38709,29799,
332,V239,757,208,74943,20592,S
332,V235,608,211,60192,20889,S
332,V234,492,218,48708,21582,S
332,V233,811,168,80289,16632,S
332,V229,723,233,71577,23067,S
332,V219,392,298,38808,29502,
333,V257,948,230,93852,22770,S
333,V239,758,207,75042,20493,S
333,V235,608,212,60192,20988,S
333,V234,494,215,48906,21285,S
333,V233,810,168,80190,16632,S
333,V229,723,233,71577,23067,S
333,V219,392,300,38808,29700,
334,V258,1087,148,107613,14652,S
334,V257,971,213,96129,21087,S
334,V239,760,209,75240,20691,S
334,V234,494,217,48906,21483,S
334,V233,810,169,80190,16731,S
334,V229,725,233,71775,23067,S
334,V219,389,301,38511,29799,
335,V257,984,198,97416,19602,S
335,V239,762,210,75438,20790,S
335,V234,495,217,49005,21483,S
335,V233,810,170,80190,16830,S
335,V229,723,235,71577,23265,S
335,V219,390,302,38610,29898,
336,V257,991,184,98109,18216,S
336,V239,759,209,75141,20691,S
336,V235,607,211,60093,20889,S
336,V234,492,218,48708,21582,S
336,V233,810,170,80190,16830,S
336,V229,721,236,71379,23364,S
336,V219,391,301,38709,29799,
337,V234,490,218,48510,21582,S
337,V233,810,168,80190,16632,S
337,V229,721,234,71379,23166,S
337,V219,392,301,38808,29799,
338,V234,490,217,48510,21483,S
338,V233,811,167,80289,16533,S
338,V229,721,231,71379,22869,S
338,V219,392,300,38808,29700,
339,V269,955,233,94545,23067,S
339,V267,996,158,98604,15642,S
339,V235,609,210,60291,20790,S
339,V234,492,216,48708,21384,S
339,V233,811,168,80289,16632,S
339,V229,722,234,71478,23166,S
339,V219,391,302,38709,29898,
347,V219,390,300,38610,29700,
350,V229,723,231,71577,22869,S
350,V219,390,301,38610,29799,
351,V229,723,233,71577,23067,S
351,V219,391,302,38709,29898,
352,V219,390,302,38610,29898,
353,V219,391,301,38709,29799,
354,V280,833,291,82467,28809,S
354,V233,810,169,80190,16731,S
354,V229,724,232,71676,22968,S
354,V219,392,301,38808,29799,
355,V282,495,216,49005,21384,S
355,V280,870,272,86130,26928,S
355,V233,811,170,80289,16830,S
355,V229,723,233,71577,23067,S
355,V219,392,301,38808,29799,
356,V282,489,220,48411,21780,S
356,V233,810,169,80190,16731,S
356,V229,723,232,71577,22968,S
356,V219,392,300,38808,29700,
357,V282,493,215,48807,21285,S
357,V274,892,242,88308,23958,S
357,V233,810,170,80190,16830,S
357,V229,722,232,71478,22968,S
357,V219,391,301,38709,29799,
358,V282,494,216,48906,21384,S
358,V274,903,228,89397,22572,S
358,V233,810,171,80190,16929,S
358,V229,723,233,71577,23067,S
358,V219,390,302,38610,29898,
359,V282,495,215,49005,21285,S
359,V274,911,211,90189,20889,S
359,V233,810,170,80190,16830,S
359,V229,723,233,71577,23067,S
359,V219,391,302,38709,29898,
360,V289,1109,173,109791,17127,S
360,V282,489,218,48411,21582,S
360,V274,915,198,90585,19602,S
360,V233,810,170,80190,16830,S
360,V229,723,232,71577,22968,S
360,V219,392,301,38808,29799,
361,V293,999,226,98901,22374,S
361,V282,493,215,48807,21285,S
361,V274,919,184,90981,18216,S
361,V233,810,169,80190,16731,S
361,V229,725,232,71775,22968,S
361,V219,391,301,38709,29799,
362,V293,1007,210,99693,20790,S
362,V282,489,219,48411,21681,S
362,V274,921,174,91179,17226,S
362,V233,810,171,80190,16929,S
362,V229,724,232,71676,22968,S
362,V219,391,302,38709,29898,
363,V294,900,234,89100,23166,S
363,V293,1007,193,99693,19107,S
363,V289,1107,172,109593,17028,S
363,V282,488,220,48312,21780,S
363,V274,922,165,91278,16335,S
363,V233,810,170,80190,16830,S
363,V229,724,232,71676,22968,S
363,V219,392,301,38808,29799,
364,V294,910,213,90090,21087,S
364,V293,1007,182,99693,18018,S
364,V282,488,221,48312,21879,S
364,V274,921,155,91179,15345,S
364,V233,811,170,80289,16830,S
364,V229,724,231,71676,22869,S
364,V219,391,301,38709,29799,
365,V294,915,197,90585,19503,S
365,V293,1004,170,99396,16830,S
365,V282,486,221,48114,21879,S
365,V274,920,148,91080,14652,S
365,V233,810,169,80190,16731,S
365,V229,724,231,71676,22869,S
365,V219,392,300,38808,29700,
366,V294,918,181,90882,17919,S
366,V293,1002,161,99198,15939,S
366,V282,487,221,48213,21879,S
366,V274,916,142,90684,14058,S
366,V233,811,169,80289,16731,S
366,V229,724,231,71676,22869,S
366,V219,391,301,38709,29799,
367,V294,921,168,91179,16632,S
367,V293,999,153,98901,15147,S
367,V290,644,199,63756,19701,S
367,V282,486,222,48114,21978,S
367,V233,811,171,80289,16929,S
367,V229,724,235,71676,23265,S
367,V219,389,303,38511,29997,
368,V296,567,230,56133,22770,S
368,V294,921,157,91179,15543,S
368,V293,995,145,98505,14355,S
368,V290,641,198,63459,19602,S
368,V282,485,222,48015,21978,S
368,V233,810,170,80190,16830,S
368,V229,716,239,70884,23661,S
368,V219,388,303,38412,29997,
369,V298,907,243,89793,24057,S
369,V296,561,235,55539,23265,S
369,V293,991,139,98109,13761,S
369,V290,640,199,63360,19701,S
369,V282,484,221,47916,21879,S
369,V233,810,170,80190,16830,S
369,V229,707,244,69993,24156,S
369,V219,380,304,37620,30096,
370,V298,920,225,91080,22275,S
370,V296,553,236,54747,23364,S
370,V290,637,200,63063,19800,S
370,V289,1108,174,109692,17226,S
370,V233,810,169,80190,16731,S
370,V229,693,252,68607,24948,S
370,V219,358,312,35442,30888,
371,V298,929,207,91971,20493,S
371,V296,539,243,53361,24057,S
371,V290,634,204,62766,20196,S
371,V289,1107,172,109593,17028,S
371,V233,811,169,80289,16731,S
371,V229,681,262,67419,25938,S
371,V219,342,323,33858,31977,
372,V298,935,195,92565,19305,S
372,V295,746,215,73854,21285,S
372,V290,629,206,62271,20394,S
372,V282,439,236,43461,23364,S
372,V233,809,171,80091,16929,S
372,V229,665,277,65835,27423,S
372,V219,309,336,30591,33264,N
373,V295,740,218,73260,21582,S
373,V290,622,207,61578,20493,S
373,V282,415,242,41085,23958,S
373,V233,810,171,80190,16929,S
373,V229,647,293,64053,29007,
373,V219,269,352,26631,34848,N
374,V295,730,222,72270,21978,S
374,V290,615,214,60885,21186,S
374,V282,386,252,38214,24948,S
374,V233,815,172,80685,17028,S
375,V305,933,169,92367,16731,S
375,V304,489,203,48411,20097,S
375,V295,716,230,70884,22770,S
375,V290,604,218,59796,21582,S
375,V282,352,266,34848,26334,S
375,V273,616,345,60984,34155,N
375,V253,176,399,17424,39501,N
375,V233,820,173,81180,17127,S
376,V304,475,210,47025,20790,S
376,V295,703,239,69597,23661,S
376,V290,592,224,58608,22176,S
376,V273,599,374,59301,37026,N
376,V233,828,176,81972,17424,S
377,V306,928,146,91872,14454,S
377,V295,690,250,68310,24750,S
377,V290,572,231,56628,22869,S
377,V233,838,178,82962,17622,S
378,V309,179,329,17721,32571,
378,V306,925,139,91575,13761,S
378,V295,676,267,66924,26433,S
378,V290,549,242,54351,23958,S
378,V233,852,179,84348,17721,S
379,V309,114,356,11286,35244,N
379,V306,919,131,90981,12969,S
379,V304,411,233,40689,23067,S
379,V299,623,513,61677,50787,N
379,V295,661,280,65439,27720,S
379,V290,525,254,51975,25146,S
379,V233,861,180,85239,17820,S
380,V310,786,173,77814,17127,S
380,V309,77,385,7623,38115,N
380,V306,915,128,90585,12672,S
380,V304,382,246,37818,24354,S
380,V295,642,301,63558,29799,
380,V233,880,182,87120,18018,S
381,V312,682,181,67518,17919,S
381,V310,779,181,77121,17919,S
381,V296,465,284,46035,28116,S
381,V295,635,328,62865,32472,
381,V233,900,186,89100,18414,S
382,V312,669,189,66231,18711,S
382,V310,772,184,76428,18216,S
382,V296,441,299,43659,29601,
382,V289,1091,168,108009,16632,S
382,V233,927,189,91773,18711,S
383,V312,649,195,64251,19305,S
383,V310,764,191,75636,18909,S
383,V306,901,110,89199,10890,S
383,V296,405,322,40095,31878,
383,V289,1087,165,107613,16335,S
383,V282,255,291,25245,28809,S
383,V233,966,190,95634,18810,S
384,V312,628,202,62172,19998,S
384,V310,749,200,74151,19800,S
384,V296,373,348,36927,34452,N
384,V282,209,310,20691,30690,
384,V233,1002,190,99198,18810,S
385,V312,604,212,59796,20988,S
385,V310,736,211,72864,20889,S
385,V296,347,377,34353,37323,N
385,V282,155,328,15345,32472,
385,V233,1041,190,103059,18810,S
386,V318,688,523,68112,51777,N
386,V316,703,156,69597,15444,S
386,V312,579,224,57321,22176,S
386,V310,718,223,71082,22077,S
386,V296,323,407,31977,40293,N
386,V233,1075,190,106425,18810,S
387,V319,744,131,73656,12969,S
387,V318,740,580,73260,57420,N
387,V316,695,159,68805,15741,S
387,V315,628,185,62172,18315,S
387,V312,554,237,54846,23463,S
387,V296,304,449,30096,44451,N
387,V233,1101,189,108999,18711,S
388,V319,743,134,73557,13266,S
388,V318,806,612,79794,60588,N
388,V316,686,165,67914,16335,S
388,V315,611,192,60489,19008,S
388,V312,524,250,51876,24750,S
388,V296,302,489,29898,48411,N
388,V233,1127,189,111573,18711,S
389,V319,742,136,73458,13464,S
389,V318,877,642,86823,63558,N
389,V316,675,168,66825,16632,S
389,V315,591,201,58509,19899,S
389,V312,494,267,48906,26433,S
389,V296,321,548,31779,54252,N
389,V289,1024,153,101376,15147,S
389,V233,1153,188,114147,18612,S
390,V315,568,211,56232,20889,S
390,V296,344,597,34056,59103,N
390,V289,1011,148,100089,14652,S
391,V315,546,219,54054,21681,S
391,V296,372,631,36828,62469,N
391,V289,998,143,98802,14157,S
392,V319,734,143,72666,14157,S
392,V316,634,188,62766,18612,S
392,V315,524,232,51876,22968,S
392,V296,401,660,39699,65340,N
392,V289,988,140,97812,13860,S
393,V316,612,199,60588,19701,S
393,V315,496,243,49104,24057,S
394,V316,591,209,58509,20691,S
394,V315,469,258,46431,25542,S
395,V322,585,167,57915,16533,S
395,V319,719,158,71181,15642,S
395,V316,569,219,56331,21681,S
395,V315,442,271,43758,26829,S
396,V324,608,493,60192,48807,N
396,V322,562,176,55638,17424,S
396,V319,711,161,70389,15939,S
397,V324,637,531,63063,52569,N
397,V322,541,184,53559,18216,S
397,V319,702,167,69498,16533,S
398,V326,268,486,26532,48114,N
398,V324,662,579,65538,57321,N
398,V322,523,191,51777,18909,S
398,V319,692,174,68508,17226,S
398,V316,469,258,46431,25542,S
398,V315,363,326,35937,32274,
398,V289,949,113,93951,11187,S
399,V326,266,512,26334,50688,N
399,V324,695,624,68805,61776,N
399,V322,497,199,49203,19701,S
399,V319,678,178,67122,17622,S
399,V316,432,272,42768,26928,S
399,V315,341,342,33759,33858,N
399,V289,942,106,93258,10494,S
400,V328,611,168,60489,16632,S
400,V327,701,145,69399,14355,S
400,V326,271,531,26829,52569,N
400,V324,746,655,73854,64845,N
400,V322,476,204,47124,20196,S
400,V319,666,187,65934,18513,S
400,V316,400,285,39600,28215,S
400,V315,325,358,32175,35442,N
400,V289,937,102,92763,10098,S
401,V330,1218,199,120582,19701,S
401,V329,826,131,81774,12969,S
401,V328,588,174,58212,17226,S
401,V327,689,149,68211,14751,S
401,V326,281,556,27819,55044,N
401,V322,446,213,44154,21087,S
401,V319,647,195,64053,19305,S
401,V316,368,300,36432,29700,
401,V315,308,373,30492,36927,N
402,V333,742,136,73458,13464,S
402,V330,1218,199,120582,19701,S
402,V329,822,141,81378,13959,S
402,V328,562,180,55638,17820,S
402,V327,672,153,66528,15147,S
402,V326,285,582,28215,57618,N
402,V322,412,225,40788,22275,S
402,V319,629,203,62271,20097,S
402,V316,344,311,34056,30789,
402,V315,293,386,29007,38214,N
403,V333,736,140,72864,13860,S
403,V331,1089,150,107811,14850,S
403,V330,1218,200,120582,19800,S
403,V329,813,151,80487,14949,S
403,V328,530,188,52470,18612,S
403,V327,656,160,64944,15840,S
403,V326,291,607,28809,60093,N
403,V322,375,235,37125,23265,S
403,V319,607,215,60093,21285,S
403,V316,320,325,31680,32175,
403,V315,259,404,25641,39996,N
404,V333,732,143,72468,14157,S
404,V330,1218,199,120582,19701,S
404,V329,800,164,79200,16236,S
404,V328,494,197,48906,19503,S
404,V327,636,165,62964,16335,S
404,V326,299,624,29601,61776,N
404,V322,332,246,32868,24354,S
404,V319,583,226,57717,22374,S
404,V316,293,335,29007,33165,N
405,V333,725,149,71775,14751,S
405,V329,784,180,77616,17820,S
405,V328,456,208,45144,20592,S
405,V327,615,170,60885,16830,S
405,V326,314,638,31086,63162,N
405,V322,282,259,27918,25641,S
405,V319,562,238,55638,23562,S
405,V316,271,350,26829,34650,N
406,V333,715,155,70785,15345,S
406,V327,587,177,58113,17523,S
406,V326,331,653,32769,64647,N
406,V322,230,272,22770,26928,S
406,V319,535,250,52965,24750,S
406,V316,241,367,23859,36333,N
406,V315,153,468,15147,46332,N
407,V333,705,164,69795,16236,S
407,V327,556,184,55044,18216,S
407,V326,337,666,33363,65934,N
407,V325,737,213,72963,21087,S
407,V322,164,287,16236,28413,S
407,V316,210,382,20790,37818,N
407,V315,114,503,11286,49797,N
408,V333,695,171,68805,16929,S
408,V327,525,192,51975,19008,S
408,V322,104,300,10296,29700,
408,V316,175,398,17325,39402,N
408,V315,92,553,9108,54747,N
409,V333,680,177,67320,17523,S
409,V332,681,263,67419,26037,S
409,V327,489,203,48411,20097,S
409,V322,58,306,5742,30294,
409,V316,145,412,14355,40788,N
409,V315,71,597,7029,59103,N
410,V334,737,131,72963,12969,S
410,V333,664,185,65736,18315,S
410,V332,661,292,65439,28908,
410,V328,204,275,20196,27225,S
410,V327,450,214,44550,21186,S
410,V316,113,435,11187,43065,N
411,V337,405,334,40095,33066,N
411,V334,730,139,72270,13761,S
411,V333,643,194,63657,19206,S
411,V332,645,332,63855,32868,N
411,V328,145,291,14355,28809,S
411,V327,409,225,40491,22275,S
411,V316,86,462,8514,45738,N
412,V337,380,356,37620,35244,N
412,V334,718,143,71082,14157,S
412,V333,620,204,61380,20196,S
412,V332,638,378,63162,37422,N
412,V331,1087,148,107613,14652,S
412,V328,87,304,8613,30096,
412,V327,362,240,35838,23760,S
412,V316,64,492,6336,48708,N
413,V337,355,383,35145,37917,N
413,V334,702,151,69498,14949,S
413,V333,595,217,58905,21483,S
413,V327,317,251,31383,24849,S
414,V337,331,403,32769,39897,N
414,V335,672,481,66528,47619,N
414,V334,683,153,67617,15147,S
414,V333,566,233,56034,23067,S
414,V327,262,262,25938,25938,S
415,V341,728,145,72072,14355,S
415,V340,814,150,80586,14850,S
415,V337,309,428,30591,42372,N
415,V334,659,161,65241,15939,S
415,V333,536,246,53064,24354,S
415,V330,1218,200,120582,19800,S
415,V327,206,276,20394,27324,S
416,V341,721,150,71379,14850,S
416,V340,800,157,79200,15543,S
416,V338,793,615,78507,60885,N
416,V337,290,461,28710,45639,N
416,V334,631,166,62469,16434,S
416,V333,500,268,49500,26532,S
416,V327,139,296,13761,29304,
417,V341,713,157,70587,15543,S
417,V340,786,168,77814,16632,S
417,V337,271,493,26829,48807,N
417,V334,598,172,59202,17028,S
417,V333,463,293,45837,29007,
417,V327,77,312,7623,30888,
418,V341,700,161,69300,15939,S
418,V340,764,182,75636,18018,S
418,V337,250,540,24750,53460,N
418,V334,563,182,55737,18018,S
418,V333,424,321,41976,31779,
419,V341,685,171,67815,16929,S
419,V340,739,193,73161,19107,S
419,V337,244,585,24156,57915,N
419,V333,387,354,38313,35046,N
420,V341,669,179,66231,17721,S
420,V340,710,210,70290,20790,S
420,V337,255,621,25245,61479,N
420,V333,349,391,34551,38709,N
421,V341,644,193,63756,19107,S
421,V340,682,229,67518,22671,S
421,V333,319,431,31581,42669,N
422,V341,617,205,61083,20295,S
422,V340,649,254,64251,25146,S
422,V333,296,484,29304,47916,N
423,V341,578,222,57222,21978,S
423,V340,621,281,61479,27819,S
423,V333,291,555,28809,54945,N
424,V341,537,244,53163,24156,S
424,V340,593,319,58707,31581,
424,V333,315,621,31185,61479,N
425,V343,742,150,73458,14850,S
425,V341,496,269,49104,26631,S
425,V340,580,362,57420,35838,N
426,V340,578,409,57222,40491,N
428,V351,697,170,69003,16830,S
428,V349,726,136,71874,13464,S
